model_level,conditioning_keys,current_state,age_bucket,prior_send_bucket,recent_send_gap_bucket,population_origin,support_count,support_unit,send_days,send_probability,march_support,april_support,march_probability,april_probability,absolute_temporal_drift,status,population,probability_name,backoff_rule,source_period
AGE,age_bucket,,14D_21D,,,,193777,active_application_day,33653,0.1736687016518988,106759,87018,0.1614945812531028,0.18860465650784894,0.027110075254746152,PASS,proven PL active application-days within observed lifecycle,"P(SEND | active daily decision opportunity, conditioning keys)",STATE_AGE_PRIOR_GAP -> STATE_AGE_GAP -> STATE_PRIOR_GAP -> STATE_GAP -> AGE_PRIOR_GAP -> AGE_GAP -> ORIGIN_GAP -> GAP -> STATE_AGE_PRIOR -> STATE_AGE -> STATE_PRIOR -> STATE -> AGE_PRIOR -> AGE -> ORIGIN -> GLOBAL,"2026-03-01 through 2026-04-30; no May, simulated, or synthetic rows"
AGE,age_bucket,,1D_3D,,,,58760,active_application_day,14045,0.2390231449965963,32002,26758,0.2126117117680145,0.2706106584946558,0.057998946726641326,PASS,proven PL active application-days within observed lifecycle,"P(SEND | active daily decision opportunity, conditioning keys)",STATE_AGE_PRIOR_GAP -> STATE_AGE_GAP -> STATE_PRIOR_GAP -> STATE_GAP -> AGE_PRIOR_GAP -> AGE_GAP -> ORIGIN_GAP -> GAP -> STATE_AGE_PRIOR -> STATE_AGE -> STATE_PRIOR -> STATE -> AGE_PRIOR -> AGE -> ORIGIN -> GLOBAL,"2026-03-01 through 2026-04-30; no May, simulated, or synthetic rows"
AGE,age_bucket,,21D_30D,,,,206014,active_application_day,36357,0.1764782975914258,65943,140071,0.17962482750254008,0.17499696582447474,0.004627861678065337,PASS,proven PL active application-days within observed lifecycle,"P(SEND | active daily decision opportunity, conditioning keys)",STATE_AGE_PRIOR_GAP -> STATE_AGE_GAP -> STATE_PRIOR_GAP -> STATE_GAP -> AGE_PRIOR_GAP -> AGE_GAP -> ORIGIN_GAP -> GAP -> STATE_AGE_PRIOR -> STATE_AGE -> STATE_PRIOR -> STATE -> AGE_PRIOR -> AGE -> ORIGIN -> GLOBAL,"2026-03-01 through 2026-04-30; no May, simulated, or synthetic rows"
AGE,age_bucket,,3D_7D,,,,117520,active_application_day,28374,0.2414397549353301,63696,53824,0.21013878422506907,0.27848171819262785,0.06834293396755878,PASS,proven PL active application-days within observed lifecycle,"P(SEND | active daily decision opportunity, conditioning keys)",STATE_AGE_PRIOR_GAP -> STATE_AGE_GAP -> STATE_PRIOR_GAP -> STATE_GAP -> AGE_PRIOR_GAP -> AGE_GAP -> ORIGIN_GAP -> GAP -> STATE_AGE_PRIOR -> STATE_AGE -> STATE_PRIOR -> STATE -> AGE_PRIOR -> AGE -> ORIGIN -> GLOBAL,"2026-03-01 through 2026-04-30; no May, simulated, or synthetic rows"
AGE,age_bucket,,7D_14D,,,,203517,active_application_day,41750,0.2051425679427271,110083,93434,0.1957704641043576,0.21618468651668557,0.02041422241232796,PASS,proven PL active application-days within observed lifecycle,"P(SEND | active daily decision opportunity, conditioning keys)",STATE_AGE_PRIOR_GAP -> STATE_AGE_GAP -> STATE_PRIOR_GAP -> STATE_GAP -> AGE_PRIOR_GAP -> AGE_GAP -> ORIGIN_GAP -> GAP -> STATE_AGE_PRIOR -> STATE_AGE -> STATE_PRIOR -> STATE -> AGE_PRIOR -> AGE -> ORIGIN -> GLOBAL,"2026-03-01 through 2026-04-30; no May, simulated, or synthetic rows"
AGE,age_bucket,,LT_1D,,,,110835,active_application_day,28710,0.2590336987413723,60185,50650,0.23540749356151866,0.2871076011846002,0.051700107623081554,PASS,proven PL active application-days within observed lifecycle,"P(SEND | active daily decision opportunity, conditioning keys)",STATE_AGE_PRIOR_GAP -> STATE_AGE_GAP -> STATE_PRIOR_GAP -> STATE_GAP -> AGE_PRIOR_GAP -> AGE_GAP -> ORIGIN_GAP -> GAP -> STATE_AGE_PRIOR -> STATE_AGE -> STATE_PRIOR -> STATE -> AGE_PRIOR -> AGE -> ORIGIN -> GLOBAL,"2026-03-01 through 2026-04-30; no May, simulated, or synthetic rows"
AGE_GAP,age_bucket+recent_send_gap_bucket,,14D_21D,,1D_3D,,48602,active_application_day,9785,0.2013291634089132,25815,22787,0.2156885531667635,0.18506165796287358,0.03062689520388992,PASS,proven PL active application-days within observed lifecycle,"P(SEND | active daily decision opportunity, conditioning keys)",STATE_AGE_PRIOR_GAP -> STATE_AGE_GAP -> STATE_PRIOR_GAP -> STATE_GAP -> AGE_PRIOR_GAP -> AGE_GAP -> ORIGIN_GAP -> GAP -> STATE_AGE_PRIOR -> STATE_AGE -> STATE_PRIOR -> STATE -> AGE_PRIOR -> AGE -> ORIGIN -> GLOBAL,"2026-03-01 through 2026-04-30; no May, simulated, or synthetic rows"
AGE_GAP,age_bucket+recent_send_gap_bucket,,14D_21D,,3D_7D,,48437,active_application_day,9922,0.2048434048351466,27103,21334,0.1746670110319891,0.24317990062810538,0.06851288959611629,PASS,proven PL active application-days within observed lifecycle,"P(SEND | active daily decision opportunity, conditioning keys)",STATE_AGE_PRIOR_GAP -> STATE_AGE_GAP -> STATE_PRIOR_GAP -> STATE_GAP -> AGE_PRIOR_GAP -> AGE_GAP -> ORIGIN_GAP -> GAP -> STATE_AGE_PRIOR -> STATE_AGE -> STATE_PRIOR -> STATE -> AGE_PRIOR -> AGE -> ORIGIN -> GLOBAL,"2026-03-01 through 2026-04-30; no May, simulated, or synthetic rows"
AGE_GAP,age_bucket+recent_send_gap_bucket,,14D_21D,,7D_PLUS,,50136,active_application_day,4847,0.0966770384554013,29380,20756,0.10027229407760381,0.09158797456157255,0.008684319516031255,PASS,proven PL active application-days within observed lifecycle,"P(SEND | active daily decision opportunity, conditioning keys)",STATE_AGE_PRIOR_GAP -> STATE_AGE_GAP -> STATE_PRIOR_GAP -> STATE_GAP -> AGE_PRIOR_GAP -> AGE_GAP -> ORIGIN_GAP -> GAP -> STATE_AGE_PRIOR -> STATE_AGE -> STATE_PRIOR -> STATE -> AGE_PRIOR -> AGE -> ORIGIN -> GLOBAL,"2026-03-01 through 2026-04-30; no May, simulated, or synthetic rows"
AGE_GAP,age_bucket+recent_send_gap_bucket,,14D_21D,,LT_1D,,34894,active_application_day,8600,0.2464607095775778,17495,17399,0.21171763360960275,0.2813954824989942,0.06967784888939146,PASS,proven PL active application-days within observed lifecycle,"P(SEND | active daily decision opportunity, conditioning keys)",STATE_AGE_PRIOR_GAP -> STATE_AGE_GAP -> STATE_PRIOR_GAP -> STATE_GAP -> AGE_PRIOR_GAP -> AGE_GAP -> ORIGIN_GAP -> GAP -> STATE_AGE_PRIOR -> STATE_AGE -> STATE_PRIOR -> STATE -> AGE_PRIOR -> AGE -> ORIGIN -> GLOBAL,"2026-03-01 through 2026-04-30; no May, simulated, or synthetic rows"
AGE_GAP,age_bucket+recent_send_gap_bucket,,14D_21D,,NO_PRIOR_SEND,,11708,active_application_day,499,0.0426204304748889,6966,4742,0.041487223657766296,0.044285111767186844,0.0027978881094205474,PASS,proven PL active application-days within observed lifecycle,"P(SEND | active daily decision opportunity, conditioning keys)",STATE_AGE_PRIOR_GAP -> STATE_AGE_GAP -> STATE_PRIOR_GAP -> STATE_GAP -> AGE_PRIOR_GAP -> AGE_GAP -> ORIGIN_GAP -> GAP -> STATE_AGE_PRIOR -> STATE_AGE -> STATE_PRIOR -> STATE -> AGE_PRIOR -> AGE -> ORIGIN -> GLOBAL,"2026-03-01 through 2026-04-30; no May, simulated, or synthetic rows"
AGE_GAP,age_bucket+recent_send_gap_bucket,,1D_3D,,1D_3D,,23723,active_application_day,6006,0.2531720271466509,13169,10554,0.21451894600956792,0.30140231191965133,0.08688336591008342,PASS,proven PL active application-days within observed lifecycle,"P(SEND | active daily decision opportunity, conditioning keys)",STATE_AGE_PRIOR_GAP -> STATE_AGE_GAP -> STATE_PRIOR_GAP -> STATE_GAP -> AGE_PRIOR_GAP -> AGE_GAP -> ORIGIN_GAP -> GAP -> STATE_AGE_PRIOR -> STATE_AGE -> STATE_PRIOR -> STATE -> AGE_PRIOR -> AGE -> ORIGIN -> GLOBAL,"2026-03-01 through 2026-04-30; no May, simulated, or synthetic rows"
AGE_GAP,age_bucket+recent_send_gap_bucket,,1D_3D,,LT_1D,,15402,active_application_day,4109,0.2667835346058953,8174,7228,0.24345485686322485,0.2931654676258993,0.04971061076267444,PASS,proven PL active application-days within observed lifecycle,"P(SEND | active daily decision opportunity, conditioning keys)",STATE_AGE_PRIOR_GAP -> STATE_AGE_GAP -> STATE_PRIOR_GAP -> STATE_GAP -> AGE_PRIOR_GAP -> AGE_GAP -> ORIGIN_GAP -> GAP -> STATE_AGE_PRIOR -> STATE_AGE -> STATE_PRIOR -> STATE -> AGE_PRIOR -> AGE -> ORIGIN -> GLOBAL,"2026-03-01 through 2026-04-30; no May, simulated, or synthetic rows"
AGE_GAP,age_bucket+recent_send_gap_bucket,,1D_3D,,NO_PRIOR_SEND,,19635,active_application_day,3930,0.2001527883880825,10659,8976,0.18660287081339713,0.2162433155080214,0.029640444694624263,PASS,proven PL active application-days within observed lifecycle,"P(SEND | active daily decision opportunity, conditioning keys)",STATE_AGE_PRIOR_GAP -> STATE_AGE_GAP -> STATE_PRIOR_GAP -> STATE_GAP -> AGE_PRIOR_GAP -> AGE_GAP -> ORIGIN_GAP -> GAP -> STATE_AGE_PRIOR -> STATE_AGE -> STATE_PRIOR -> STATE -> AGE_PRIOR -> AGE -> ORIGIN -> GLOBAL,"2026-03-01 through 2026-04-30; no May, simulated, or synthetic rows"
AGE_GAP,age_bucket+recent_send_gap_bucket,,21D_30D,,1D_3D,,50794,active_application_day,11807,0.2324487144150884,9519,41275,0.25128689988444164,0.22810417928528165,0.02318272059915999,PASS,proven PL active application-days within observed lifecycle,"P(SEND | active daily decision opportunity, conditioning keys)",STATE_AGE_PRIOR_GAP -> STATE_AGE_GAP -> STATE_PRIOR_GAP -> STATE_GAP -> AGE_PRIOR_GAP -> AGE_GAP -> ORIGIN_GAP -> GAP -> STATE_AGE_PRIOR -> STATE_AGE -> STATE_PRIOR -> STATE -> AGE_PRIOR -> AGE -> ORIGIN -> GLOBAL,"2026-03-01 through 2026-04-30; no May, simulated, or synthetic rows"
AGE_GAP,age_bucket+recent_send_gap_bucket,,21D_30D,,3D_7D,,46906,active_application_day,9790,0.2087153029463181,17575,29331,0.1937411095305832,0.21768777061811734,0.023946661087534127,PASS,proven PL active application-days within observed lifecycle,"P(SEND | active daily decision opportunity, conditioning keys)",STATE_AGE_PRIOR_GAP -> STATE_AGE_GAP -> STATE_PRIOR_GAP -> STATE_GAP -> AGE_PRIOR_GAP -> AGE_GAP -> ORIGIN_GAP -> GAP -> STATE_AGE_PRIOR -> STATE_AGE -> STATE_PRIOR -> STATE -> AGE_PRIOR -> AGE -> ORIGIN -> GLOBAL,"2026-03-01 through 2026-04-30; no May, simulated, or synthetic rows"
AGE_GAP,age_bucket+recent_send_gap_bucket,,21D_30D,,7D_PLUS,,62861,active_application_day,7415,0.1179586707179332,25938,36923,0.13543835299560492,0.1056793868320559,0.02975896616354902,PASS,proven PL active application-days within observed lifecycle,"P(SEND | active daily decision opportunity, conditioning keys)",STATE_AGE_PRIOR_GAP -> STATE_AGE_GAP -> STATE_PRIOR_GAP -> STATE_GAP -> AGE_PRIOR_GAP -> AGE_GAP -> ORIGIN_GAP -> GAP -> STATE_AGE_PRIOR -> STATE_AGE -> STATE_PRIOR -> STATE -> AGE_PRIOR -> AGE -> ORIGIN -> GLOBAL,"2026-03-01 through 2026-04-30; no May, simulated, or synthetic rows"
AGE_GAP,age_bucket+recent_send_gap_bucket,,21D_30D,,LT_1D,,36566,active_application_day,6914,0.1890827544713668,10085,26481,0.23926623698562222,0.16997092254824214,0.06929531443738007,PASS,proven PL active application-days within observed lifecycle,"P(SEND | active daily decision opportunity, conditioning keys)",STATE_AGE_PRIOR_GAP -> STATE_AGE_GAP -> STATE_PRIOR_GAP -> STATE_GAP -> AGE_PRIOR_GAP -> AGE_GAP -> ORIGIN_GAP -> GAP -> STATE_AGE_PRIOR -> STATE_AGE -> STATE_PRIOR -> STATE -> AGE_PRIOR -> AGE -> ORIGIN -> GLOBAL,"2026-03-01 through 2026-04-30; no May, simulated, or synthetic rows"
AGE_GAP,age_bucket+recent_send_gap_bucket,,21D_30D,,NO_PRIOR_SEND,,8887,active_application_day,431,0.048497805783729,2826,6061,0.043170559094125975,0.050981686190397627,0.007811127096271651,PASS,proven PL active application-days within observed lifecycle,"P(SEND | active daily decision opportunity, conditioning keys)",STATE_AGE_PRIOR_GAP -> STATE_AGE_GAP -> STATE_PRIOR_GAP -> STATE_GAP -> AGE_PRIOR_GAP -> AGE_GAP -> ORIGIN_GAP -> GAP -> STATE_AGE_PRIOR -> STATE_AGE -> STATE_PRIOR -> STATE -> AGE_PRIOR -> AGE -> ORIGIN -> GLOBAL,"2026-03-01 through 2026-04-30; no May, simulated, or synthetic rows"
AGE_GAP,age_bucket+recent_send_gap_bucket,,3D_7D,,3D_7D,,32413,active_application_day,7954,0.245395366056829,21022,11391,0.22086385691180668,0.2906680712843473,0.06980421437254061,PASS,proven PL active application-days within observed lifecycle,"P(SEND | active daily decision opportunity, conditioning keys)",STATE_AGE_PRIOR_GAP -> STATE_AGE_GAP -> STATE_PRIOR_GAP -> STATE_GAP -> AGE_PRIOR_GAP -> AGE_GAP -> ORIGIN_GAP -> GAP -> STATE_AGE_PRIOR -> STATE_AGE -> STATE_PRIOR -> STATE -> AGE_PRIOR -> AGE -> ORIGIN -> GLOBAL,"2026-03-01 through 2026-04-30; no May, simulated, or synthetic rows"
AGE_GAP,age_bucket+recent_send_gap_bucket,,3D_7D,,LT_1D,,26726,active_application_day,7329,0.2742273441592456,11646,15080,0.27829297612914305,0.2710875331564987,0.00720544297264436,PASS,proven PL active application-days within observed lifecycle,"P(SEND | active daily decision opportunity, conditioning keys)",STATE_AGE_PRIOR_GAP -> STATE_AGE_GAP -> STATE_PRIOR_GAP -> STATE_GAP -> AGE_PRIOR_GAP -> AGE_GAP -> ORIGIN_GAP -> GAP -> STATE_AGE_PRIOR -> STATE_AGE -> STATE_PRIOR -> STATE -> AGE_PRIOR -> AGE -> ORIGIN -> GLOBAL,"2026-03-01 through 2026-04-30; no May, simulated, or synthetic rows"
AGE_GAP,age_bucket+recent_send_gap_bucket,,3D_7D,,NO_PRIOR_SEND,,21613,active_application_day,3232,0.1495396289270346,12928,8685,0.1395420792079208,0.16442141623488774,0.02487933702696693,PASS,proven PL active application-days within observed lifecycle,"P(SEND | active daily decision opportunity, conditioning keys)",STATE_AGE_PRIOR_GAP -> STATE_AGE_GAP -> STATE_PRIOR_GAP -> STATE_GAP -> AGE_PRIOR_GAP -> AGE_GAP -> ORIGIN_GAP -> GAP -> STATE_AGE_PRIOR -> STATE_AGE -> STATE_PRIOR -> STATE -> AGE_PRIOR -> AGE -> ORIGIN -> GLOBAL,"2026-03-01 through 2026-04-30; no May, simulated, or synthetic rows"
AGE_GAP,age_bucket+recent_send_gap_bucket,,7D_14D,,1D_3D,,56642,active_application_day,13421,0.2369443169379612,29938,26704,0.22332821163738392,0.2522094068304374,0.028881195193053488,PASS,proven PL active application-days within observed lifecycle,"P(SEND | active daily decision opportunity, conditioning keys)",STATE_AGE_PRIOR_GAP -> STATE_AGE_GAP -> STATE_PRIOR_GAP -> STATE_GAP -> AGE_PRIOR_GAP -> AGE_GAP -> ORIGIN_GAP -> GAP -> STATE_AGE_PRIOR -> STATE_AGE -> STATE_PRIOR -> STATE -> AGE_PRIOR -> AGE -> ORIGIN -> GLOBAL,"2026-03-01 through 2026-04-30; no May, simulated, or synthetic rows"
AGE_GAP,age_bucket+recent_send_gap_bucket,,7D_14D,,3D_7D,,53493,active_application_day,10106,0.1889219150169181,28305,25188,0.19342872284048754,0.1838573924090837,0.009571330431403846,PASS,proven PL active application-days within observed lifecycle,"P(SEND | active daily decision opportunity, conditioning keys)",STATE_AGE_PRIOR_GAP -> STATE_AGE_GAP -> STATE_PRIOR_GAP -> STATE_GAP -> AGE_PRIOR_GAP -> AGE_GAP -> ORIGIN_GAP -> GAP -> STATE_AGE_PRIOR -> STATE_AGE -> STATE_PRIOR -> STATE -> AGE_PRIOR -> AGE -> ORIGIN -> GLOBAL,"2026-03-01 through 2026-04-30; no May, simulated, or synthetic rows"
AGE_GAP,age_bucket+recent_send_gap_bucket,,7D_14D,,7D_PLUS,,29687,active_application_day,3725,0.1254757974871155,17829,11858,0.13730439172135286,0.10769101028841288,0.029613381432939984,PASS,proven PL active application-days within observed lifecycle,"P(SEND | active daily decision opportunity, conditioning keys)",STATE_AGE_PRIOR_GAP -> STATE_AGE_GAP -> STATE_PRIOR_GAP -> STATE_GAP -> AGE_PRIOR_GAP -> AGE_GAP -> ORIGIN_GAP -> GAP -> STATE_AGE_PRIOR -> STATE_AGE -> STATE_PRIOR -> STATE -> AGE_PRIOR -> AGE -> ORIGIN -> GLOBAL,"2026-03-01 through 2026-04-30; no May, simulated, or synthetic rows"
AGE_GAP,age_bucket+recent_send_gap_bucket,,7D_14D,,LT_1D,,44738,active_application_day,13010,0.2908042380079574,22631,22107,0.26980690203702884,0.3122992717238884,0.042492369686859544,PASS,proven PL active application-days within observed lifecycle,"P(SEND | active daily decision opportunity, conditioning keys)",STATE_AGE_PRIOR_GAP -> STATE_AGE_GAP -> STATE_PRIOR_GAP -> STATE_GAP -> AGE_PRIOR_GAP -> AGE_GAP -> ORIGIN_GAP -> GAP -> STATE_AGE_PRIOR -> STATE_AGE -> STATE_PRIOR -> STATE -> AGE_PRIOR -> AGE -> ORIGIN -> GLOBAL,"2026-03-01 through 2026-04-30; no May, simulated, or synthetic rows"
AGE_GAP,age_bucket+recent_send_gap_bucket,,7D_14D,,NO_PRIOR_SEND,,18957,active_application_day,1488,0.0784934325051432,11380,7577,0.0734622144112478,0.08604988781839779,0.012587673407149988,PASS,proven PL active application-days within observed lifecycle,"P(SEND | active daily decision opportunity, conditioning keys)",STATE_AGE_PRIOR_GAP -> STATE_AGE_GAP -> STATE_PRIOR_GAP -> STATE_GAP -> AGE_PRIOR_GAP -> AGE_GAP -> ORIGIN_GAP -> GAP -> STATE_AGE_PRIOR -> STATE_AGE -> STATE_PRIOR -> STATE -> AGE_PRIOR -> AGE -> ORIGIN -> GLOBAL,"2026-03-01 through 2026-04-30; no May, simulated, or synthetic rows"
AGE_GAP,age_bucket+recent_send_gap_bucket,,LT_1D,,NO_PRIOR_SEND,,95527,active_application_day,22724,0.2378803898374281,51723,43804,0.2198055023877192,0.2592229020180805,0.03941739963036131,PASS,proven PL active application-days within observed lifecycle,"P(SEND | active daily decision opportunity, conditioning keys)",STATE_AGE_PRIOR_GAP -> STATE_AGE_GAP -> STATE_PRIOR_GAP -> STATE_GAP -> AGE_PRIOR_GAP -> AGE_GAP -> ORIGIN_GAP -> GAP -> STATE_AGE_PRIOR -> STATE_AGE -> STATE_PRIOR -> STATE -> AGE_PRIOR -> AGE -> ORIGIN -> GLOBAL,"2026-03-01 through 2026-04-30; no May, simulated, or synthetic rows"
AGE_PRIOR,age_bucket+prior_send_bucket,,14D_21D,0,,,11708,active_application_day,499,0.0426204304748889,6966,4742,0.041487223657766296,0.044285111767186844,0.0027978881094205474,PASS,proven PL active application-days within observed lifecycle,"P(SEND | active daily decision opportunity, conditioning keys)",STATE_AGE_PRIOR_GAP -> STATE_AGE_GAP -> STATE_PRIOR_GAP -> STATE_GAP -> AGE_PRIOR_GAP -> AGE_GAP -> ORIGIN_GAP -> GAP -> STATE_AGE_PRIOR -> STATE_AGE -> STATE_PRIOR -> STATE -> AGE_PRIOR -> AGE -> ORIGIN -> GLOBAL,"2026-03-01 through 2026-04-30; no May, simulated, or synthetic rows"
AGE_PRIOR,age_bucket+prior_send_bucket,,14D_21D,1,,,18400,active_application_day,1325,0.0720108695652173,11356,7044,0.06525184924269109,0.08290743895513912,0.01765558971244803,PASS,proven PL active application-days within observed lifecycle,"P(SEND | active daily decision opportunity, conditioning keys)",STATE_AGE_PRIOR_GAP -> STATE_AGE_GAP -> STATE_PRIOR_GAP -> STATE_GAP -> AGE_PRIOR_GAP -> AGE_GAP -> ORIGIN_GAP -> GAP -> STATE_AGE_PRIOR -> STATE_AGE -> STATE_PRIOR -> STATE -> AGE_PRIOR -> AGE -> ORIGIN -> GLOBAL,"2026-03-01 through 2026-04-30; no May, simulated, or synthetic rows"
AGE_PRIOR,age_bucket+prior_send_bucket,,14D_21D,2_3,,,43583,active_application_day,4514,0.1035724938622857,25797,17786,0.10888863046090631,0.09586191386483751,0.0130267165960688,PASS,proven PL active application-days within observed lifecycle,"P(SEND | active daily decision opportunity, conditioning keys)",STATE_AGE_PRIOR_GAP -> STATE_AGE_GAP -> STATE_PRIOR_GAP -> STATE_GAP -> AGE_PRIOR_GAP -> AGE_GAP -> ORIGIN_GAP -> GAP -> STATE_AGE_PRIOR -> STATE_AGE -> STATE_PRIOR -> STATE -> AGE_PRIOR -> AGE -> ORIGIN -> GLOBAL,"2026-03-01 through 2026-04-30; no May, simulated, or synthetic rows"
AGE_PRIOR,age_bucket+prior_send_bucket,,14D_21D,4_PLUS,,,120086,active_application_day,27315,0.2274619855770031,62640,57446,0.21395274584929758,0.24219266789680743,0.028239922047509858,PASS,proven PL active application-days within observed lifecycle,"P(SEND | active daily decision opportunity, conditioning keys)",STATE_AGE_PRIOR_GAP -> STATE_AGE_GAP -> STATE_PRIOR_GAP -> STATE_GAP -> AGE_PRIOR_GAP -> AGE_GAP -> ORIGIN_GAP -> GAP -> STATE_AGE_PRIOR -> STATE_AGE -> STATE_PRIOR -> STATE -> AGE_PRIOR -> AGE -> ORIGIN -> GLOBAL,"2026-03-01 through 2026-04-30; no May, simulated, or synthetic rows"
AGE_PRIOR,age_bucket+prior_send_bucket,,1D_3D,0,,,19635,active_application_day,3930,0.2001527883880825,10659,8976,0.18660287081339713,0.2162433155080214,0.029640444694624263,PASS,proven PL active application-days within observed lifecycle,"P(SEND | active daily decision opportunity, conditioning keys)",STATE_AGE_PRIOR_GAP -> STATE_AGE_GAP -> STATE_PRIOR_GAP -> STATE_GAP -> AGE_PRIOR_GAP -> AGE_GAP -> ORIGIN_GAP -> GAP -> STATE_AGE_PRIOR -> STATE_AGE -> STATE_PRIOR -> STATE -> AGE_PRIOR -> AGE -> ORIGIN -> GLOBAL,"2026-03-01 through 2026-04-30; no May, simulated, or synthetic rows"
AGE_PRIOR,age_bucket+prior_send_bucket,,1D_3D,1,,,16190,active_application_day,3656,0.2258184064237183,9702,6488,0.20088641517212946,0.26310110974106043,0.06221469456893097,PASS,proven PL active application-days within observed lifecycle,"P(SEND | active daily decision opportunity, conditioning keys)",STATE_AGE_PRIOR_GAP -> STATE_AGE_GAP -> STATE_PRIOR_GAP -> STATE_GAP -> AGE_PRIOR_GAP -> AGE_GAP -> ORIGIN_GAP -> GAP -> STATE_AGE_PRIOR -> STATE_AGE -> STATE_PRIOR -> STATE -> AGE_PRIOR -> AGE -> ORIGIN -> GLOBAL,"2026-03-01 through 2026-04-30; no May, simulated, or synthetic rows"
AGE_PRIOR,age_bucket+prior_send_bucket,,1D_3D,2_3,,,14491,active_application_day,3813,0.2631288385894693,7657,6834,0.23664620608593445,0.29280070237050043,0.05615449628456598,PASS,proven PL active application-days within observed lifecycle,"P(SEND | active daily decision opportunity, conditioning keys)",STATE_AGE_PRIOR_GAP -> STATE_AGE_GAP -> STATE_PRIOR_GAP -> STATE_GAP -> AGE_PRIOR_GAP -> AGE_GAP -> ORIGIN_GAP -> GAP -> STATE_AGE_PRIOR -> STATE_AGE -> STATE_PRIOR -> STATE -> AGE_PRIOR -> AGE -> ORIGIN -> GLOBAL,"2026-03-01 through 2026-04-30; no May, simulated, or synthetic rows"
AGE_PRIOR,age_bucket+prior_send_bucket,,1D_3D,4_PLUS,,,8444,active_application_day,2646,0.3133585978209379,3984,4460,0.2645582329317269,0.35695067264573993,0.09239243971401301,PASS,proven PL active application-days within observed lifecycle,"P(SEND | active daily decision opportunity, conditioning keys)",STATE_AGE_PRIOR_GAP -> STATE_AGE_GAP -> STATE_PRIOR_GAP -> STATE_GAP -> AGE_PRIOR_GAP -> AGE_GAP -> ORIGIN_GAP -> GAP -> STATE_AGE_PRIOR -> STATE_AGE -> STATE_PRIOR -> STATE -> AGE_PRIOR -> AGE -> ORIGIN -> GLOBAL,"2026-03-01 through 2026-04-30; no May, simulated, or synthetic rows"
AGE_PRIOR,age_bucket+prior_send_bucket,,21D_30D,0,,,8887,active_application_day,431,0.048497805783729,2826,6061,0.043170559094125975,0.050981686190397627,0.007811127096271651,PASS,proven PL active application-days within observed lifecycle,"P(SEND | active daily decision opportunity, conditioning keys)",STATE_AGE_PRIOR_GAP -> STATE_AGE_GAP -> STATE_PRIOR_GAP -> STATE_GAP -> AGE_PRIOR_GAP -> AGE_GAP -> ORIGIN_GAP -> GAP -> STATE_AGE_PRIOR -> STATE_AGE -> STATE_PRIOR -> STATE -> AGE_PRIOR -> AGE -> ORIGIN -> GLOBAL,"2026-03-01 through 2026-04-30; no May, simulated, or synthetic rows"
AGE_PRIOR,age_bucket+prior_send_bucket,,21D_30D,1,,,14471,active_application_day,1037,0.0716605625043189,5514,8957,0.07326804497642365,0.07067098358825499,0.0025970613881686616,PASS,proven PL active application-days within observed lifecycle,"P(SEND | active daily decision opportunity, conditioning keys)",STATE_AGE_PRIOR_GAP -> STATE_AGE_GAP -> STATE_PRIOR_GAP -> STATE_GAP -> AGE_PRIOR_GAP -> AGE_GAP -> ORIGIN_GAP -> GAP -> STATE_AGE_PRIOR -> STATE_AGE -> STATE_PRIOR -> STATE -> AGE_PRIOR -> AGE -> ORIGIN -> GLOBAL,"2026-03-01 through 2026-04-30; no May, simulated, or synthetic rows"
AGE_PRIOR,age_bucket+prior_send_bucket,,21D_30D,2_3,,,37144,active_application_day,3625,0.0975931509799698,12928,24216,0.11432549504950495,0.08866038982490915,0.025665105224595808,PASS,proven PL active application-days within observed lifecycle,"P(SEND | active daily decision opportunity, conditioning keys)",STATE_AGE_PRIOR_GAP -> STATE_AGE_GAP -> STATE_PRIOR_GAP -> STATE_GAP -> AGE_PRIOR_GAP -> AGE_GAP -> ORIGIN_GAP -> GAP -> STATE_AGE_PRIOR -> STATE_AGE -> STATE_PRIOR -> STATE -> AGE_PRIOR -> AGE -> ORIGIN -> GLOBAL,"2026-03-01 through 2026-04-30; no May, simulated, or synthetic rows"
AGE_PRIOR,age_bucket+prior_send_bucket,,21D_30D,4_PLUS,,,145512,active_application_day,31264,0.214855132222772,44675,100837,0.22027979854504756,0.21245177861300912,0.007828019932038438,PASS,proven PL active application-days within observed lifecycle,"P(SEND | active daily decision opportunity, conditioning keys)",STATE_AGE_PRIOR_GAP -> STATE_AGE_GAP -> STATE_PRIOR_GAP -> STATE_GAP -> AGE_PRIOR_GAP -> AGE_GAP -> ORIGIN_GAP -> GAP -> STATE_AGE_PRIOR -> STATE_AGE -> STATE_PRIOR -> STATE -> AGE_PRIOR -> AGE -> ORIGIN -> GLOBAL,"2026-03-01 through 2026-04-30; no May, simulated, or synthetic rows"
AGE_PRIOR,age_bucket+prior_send_bucket,,3D_7D,0,,,21613,active_application_day,3232,0.1495396289270346,12928,8685,0.1395420792079208,0.16442141623488774,0.02487933702696693,PASS,proven PL active application-days within observed lifecycle,"P(SEND | active daily decision opportunity, conditioning keys)",STATE_AGE_PRIOR_GAP -> STATE_AGE_GAP -> STATE_PRIOR_GAP -> STATE_GAP -> AGE_PRIOR_GAP -> AGE_GAP -> ORIGIN_GAP -> GAP -> STATE_AGE_PRIOR -> STATE_AGE -> STATE_PRIOR -> STATE -> AGE_PRIOR -> AGE -> ORIGIN -> GLOBAL,"2026-03-01 through 2026-04-30; no May, simulated, or synthetic rows"
AGE_PRIOR,age_bucket+prior_send_bucket,,3D_7D,1,,,26654,active_application_day,5283,0.198206648157875,16422,10232,0.17293874071367676,0.23876075058639562,0.06582200987271886,PASS,proven PL active application-days within observed lifecycle,"P(SEND | active daily decision opportunity, conditioning keys)",STATE_AGE_PRIOR_GAP -> STATE_AGE_GAP -> STATE_PRIOR_GAP -> STATE_GAP -> AGE_PRIOR_GAP -> AGE_GAP -> ORIGIN_GAP -> GAP -> STATE_AGE_PRIOR -> STATE_AGE -> STATE_PRIOR -> STATE -> AGE_PRIOR -> AGE -> ORIGIN -> GLOBAL,"2026-03-01 through 2026-04-30; no May, simulated, or synthetic rows"
AGE_PRIOR,age_bucket+prior_send_bucket,,3D_7D,2_3,,,37108,active_application_day,9597,0.2586234774172685,19926,17182,0.22558466325403995,0.29693865673379116,0.07135399347975122,PASS,proven PL active application-days within observed lifecycle,"P(SEND | active daily decision opportunity, conditioning keys)",STATE_AGE_PRIOR_GAP -> STATE_AGE_GAP -> STATE_PRIOR_GAP -> STATE_GAP -> AGE_PRIOR_GAP -> AGE_GAP -> ORIGIN_GAP -> GAP -> STATE_AGE_PRIOR -> STATE_AGE -> STATE_PRIOR -> STATE -> AGE_PRIOR -> AGE -> ORIGIN -> GLOBAL,"2026-03-01 through 2026-04-30; no May, simulated, or synthetic rows"
AGE_PRIOR,age_bucket+prior_send_bucket,,3D_7D,4_PLUS,,,32145,active_application_day,10262,0.3192409394929227,14420,17725,0.2944521497919556,0.3394076163610719,0.04495546656911631,PASS,proven PL active application-days within observed lifecycle,"P(SEND | active daily decision opportunity, conditioning keys)",STATE_AGE_PRIOR_GAP -> STATE_AGE_GAP -> STATE_PRIOR_GAP -> STATE_GAP -> AGE_PRIOR_GAP -> AGE_GAP -> ORIGIN_GAP -> GAP -> STATE_AGE_PRIOR -> STATE_AGE -> STATE_PRIOR -> STATE -> AGE_PRIOR -> AGE -> ORIGIN -> GLOBAL,"2026-03-01 through 2026-04-30; no May, simulated, or synthetic rows"
AGE_PRIOR,age_bucket+prior_send_bucket,,7D_14D,0,,,18957,active_application_day,1488,0.0784934325051432,11380,7577,0.0734622144112478,0.08604988781839779,0.012587673407149988,PASS,proven PL active application-days within observed lifecycle,"P(SEND | active daily decision opportunity, conditioning keys)",STATE_AGE_PRIOR_GAP -> STATE_AGE_GAP -> STATE_PRIOR_GAP -> STATE_GAP -> AGE_PRIOR_GAP -> AGE_GAP -> ORIGIN_GAP -> GAP -> STATE_AGE_PRIOR -> STATE_AGE -> STATE_PRIOR -> STATE -> AGE_PRIOR -> AGE -> ORIGIN -> GLOBAL,"2026-03-01 through 2026-04-30; no May, simulated, or synthetic rows"
AGE_PRIOR,age_bucket+prior_send_bucket,,7D_14D,1,,,28775,active_application_day,3210,0.1115551694178974,17750,11025,0.11571830985915493,0.10485260770975056,0.010865702149404369,PASS,proven PL active application-days within observed lifecycle,"P(SEND | active daily decision opportunity, conditioning keys)",STATE_AGE_PRIOR_GAP -> STATE_AGE_GAP -> STATE_PRIOR_GAP -> STATE_GAP -> AGE_PRIOR_GAP -> AGE_GAP -> ORIGIN_GAP -> GAP -> STATE_AGE_PRIOR -> STATE_AGE -> STATE_PRIOR -> STATE -> AGE_PRIOR -> AGE -> ORIGIN -> GLOBAL,"2026-03-01 through 2026-04-30; no May, simulated, or synthetic rows"
AGE_PRIOR,age_bucket+prior_send_bucket,,7D_14D,2_3,,,57661,active_application_day,9436,0.1636461386379008,33998,23663,0.16630390022942526,0.15982757892067787,0.006476321308747396,PASS,proven PL active application-days within observed lifecycle,"P(SEND | active daily decision opportunity, conditioning keys)",STATE_AGE_PRIOR_GAP -> STATE_AGE_GAP -> STATE_PRIOR_GAP -> STATE_GAP -> AGE_PRIOR_GAP -> AGE_GAP -> ORIGIN_GAP -> GAP -> STATE_AGE_PRIOR -> STATE_AGE -> STATE_PRIOR -> STATE -> AGE_PRIOR -> AGE -> ORIGIN -> GLOBAL,"2026-03-01 through 2026-04-30; no May, simulated, or synthetic rows"
AGE_PRIOR,age_bucket+prior_send_bucket,,7D_14D,4_PLUS,,,98124,active_application_day,27616,0.2814398108515755,46955,51169,0.27700990309871154,0.2855048955422228,0.008494992443511262,PASS,proven PL active application-days within observed lifecycle,"P(SEND | active daily decision opportunity, conditioning keys)",STATE_AGE_PRIOR_GAP -> STATE_AGE_GAP -> STATE_PRIOR_GAP -> STATE_GAP -> AGE_PRIOR_GAP -> AGE_GAP -> ORIGIN_GAP -> GAP -> STATE_AGE_PRIOR -> STATE_AGE -> STATE_PRIOR -> STATE -> AGE_PRIOR -> AGE -> ORIGIN -> GLOBAL,"2026-03-01 through 2026-04-30; no May, simulated, or synthetic rows"
AGE_PRIOR,age_bucket+prior_send_bucket,,LT_1D,0,,,95527,active_application_day,22724,0.2378803898374281,51723,43804,0.2198055023877192,0.2592229020180805,0.03941739963036131,PASS,proven PL active application-days within observed lifecycle,"P(SEND | active daily decision opportunity, conditioning keys)",STATE_AGE_PRIOR_GAP -> STATE_AGE_GAP -> STATE_PRIOR_GAP -> STATE_GAP -> AGE_PRIOR_GAP -> AGE_GAP -> ORIGIN_GAP -> GAP -> STATE_AGE_PRIOR -> STATE_AGE -> STATE_PRIOR -> STATE -> AGE_PRIOR -> AGE -> ORIGIN -> GLOBAL,"2026-03-01 through 2026-04-30; no May, simulated, or synthetic rows"
AGE_PRIOR,age_bucket+prior_send_bucket,,LT_1D,2_3,,,5941,active_application_day,2871,0.4832519777815182,3205,2736,0.4639625585023401,0.5058479532163743,0.04188539471403424,PASS,proven PL active application-days within observed lifecycle,"P(SEND | active daily decision opportunity, conditioning keys)",STATE_AGE_PRIOR_GAP -> STATE_AGE_GAP -> STATE_PRIOR_GAP -> STATE_GAP -> AGE_PRIOR_GAP -> AGE_GAP -> ORIGIN_GAP -> GAP -> STATE_AGE_PRIOR -> STATE_AGE -> STATE_PRIOR -> STATE -> AGE_PRIOR -> AGE -> ORIGIN -> GLOBAL,"2026-03-01 through 2026-04-30; no May, simulated, or synthetic rows"
AGE_PRIOR,age_bucket+prior_send_bucket,,LT_1D,4_PLUS,,,1541,active_application_day,942,0.6112913692407528,589,952,0.5721561969439728,0.6355042016806722,0.06334800473669944,PASS,proven PL active application-days within observed lifecycle,"P(SEND | active daily decision opportunity, conditioning keys)",STATE_AGE_PRIOR_GAP -> STATE_AGE_GAP -> STATE_PRIOR_GAP -> STATE_GAP -> AGE_PRIOR_GAP -> AGE_GAP -> ORIGIN_GAP -> GAP -> STATE_AGE_PRIOR -> STATE_AGE -> STATE_PRIOR -> STATE -> AGE_PRIOR -> AGE -> ORIGIN -> GLOBAL,"2026-03-01 through 2026-04-30; no May, simulated, or synthetic rows"
AGE_PRIOR_GAP,age_bucket+prior_send_bucket+recent_send_gap_bucket,,14D_21D,0,NO_PRIOR_SEND,,11708,active_application_day,499,0.0426204304748889,6966,4742,0.041487223657766296,0.044285111767186844,0.0027978881094205474,PASS,proven PL active application-days within observed lifecycle,"P(SEND | active daily decision opportunity, conditioning keys)",STATE_AGE_PRIOR_GAP -> STATE_AGE_GAP -> STATE_PRIOR_GAP -> STATE_GAP -> AGE_PRIOR_GAP -> AGE_GAP -> ORIGIN_GAP -> GAP -> STATE_AGE_PRIOR -> STATE_AGE -> STATE_PRIOR -> STATE -> AGE_PRIOR -> AGE -> ORIGIN -> GLOBAL,"2026-03-01 through 2026-04-30; no May, simulated, or synthetic rows"
AGE_PRIOR_GAP,age_bucket+prior_send_bucket+recent_send_gap_bucket,,14D_21D,1,1D_3D,,1136,active_application_day,82,0.0721830985915493,607,529,0.0757825370675453,0.06805293005671077,0.007729607010834527,PASS,proven PL active application-days within observed lifecycle,"P(SEND | active daily decision opportunity, conditioning keys)",STATE_AGE_PRIOR_GAP -> STATE_AGE_GAP -> STATE_PRIOR_GAP -> STATE_GAP -> AGE_PRIOR_GAP -> AGE_GAP -> ORIGIN_GAP -> GAP -> STATE_AGE_PRIOR -> STATE_AGE -> STATE_PRIOR -> STATE -> AGE_PRIOR -> AGE -> ORIGIN -> GLOBAL,"2026-03-01 through 2026-04-30; no May, simulated, or synthetic rows"
AGE_PRIOR_GAP,age_bucket+prior_send_bucket+recent_send_gap_bucket,,14D_21D,1,7D_PLUS,,14156,active_application_day,874,0.0617406046905905,9015,5141,0.06245146977260122,0.06049406730208131,0.0019574024705199117,PASS,proven PL active application-days within observed lifecycle,"P(SEND | active daily decision opportunity, conditioning keys)",STATE_AGE_PRIOR_GAP -> STATE_AGE_GAP -> STATE_PRIOR_GAP -> STATE_GAP -> AGE_PRIOR_GAP -> AGE_GAP -> ORIGIN_GAP -> GAP -> STATE_AGE_PRIOR -> STATE_AGE -> STATE_PRIOR -> STATE -> AGE_PRIOR -> AGE -> ORIGIN -> GLOBAL,"2026-03-01 through 2026-04-30; no May, simulated, or synthetic rows"
AGE_PRIOR_GAP,age_bucket+prior_send_bucket+recent_send_gap_bucket,,14D_21D,1,LT_1D,,568,active_application_day,43,0.0757042253521126,271,297,0.06273062730627306,0.08754208754208755,0.024811460235814486,PASS,proven PL active application-days within observed lifecycle,"P(SEND | active daily decision opportunity, conditioning keys)",STATE_AGE_PRIOR_GAP -> STATE_AGE_GAP -> STATE_PRIOR_GAP -> STATE_GAP -> AGE_PRIOR_GAP -> AGE_GAP -> ORIGIN_GAP -> GAP -> STATE_AGE_PRIOR -> STATE_AGE -> STATE_PRIOR -> STATE -> AGE_PRIOR -> AGE -> ORIGIN -> GLOBAL,"2026-03-01 through 2026-04-30; no May, simulated, or synthetic rows"
AGE_PRIOR_GAP,age_bucket+prior_send_bucket+recent_send_gap_bucket,,14D_21D,2_3,1D_3D,,7079,active_application_day,765,0.1080661110326317,4089,2990,0.14037662020053804,0.06387959866220735,0.07649702153833068,PASS,proven PL active application-days within observed lifecycle,"P(SEND | active daily decision opportunity, conditioning keys)",STATE_AGE_PRIOR_GAP -> STATE_AGE_GAP -> STATE_PRIOR_GAP -> STATE_GAP -> AGE_PRIOR_GAP -> AGE_GAP -> ORIGIN_GAP -> GAP -> STATE_AGE_PRIOR -> STATE_AGE -> STATE_PRIOR -> STATE -> AGE_PRIOR -> AGE -> ORIGIN -> GLOBAL,"2026-03-01 through 2026-04-30; no May, simulated, or synthetic rows"
AGE_PRIOR_GAP,age_bucket+prior_send_bucket+recent_send_gap_bucket,,14D_21D,2_3,3D_7D,,12158,active_application_day,1484,0.1220595492679717,7252,4906,0.11321014892443464,0.13514064410925397,0.021930495184819335,PASS,proven PL active application-days within observed lifecycle,"P(SEND | active daily decision opportunity, conditioning keys)",STATE_AGE_PRIOR_GAP -> STATE_AGE_GAP -> STATE_PRIOR_GAP -> STATE_GAP -> AGE_PRIOR_GAP -> AGE_GAP -> ORIGIN_GAP -> GAP -> STATE_AGE_PRIOR -> STATE_AGE -> STATE_PRIOR -> STATE -> AGE_PRIOR -> AGE -> ORIGIN -> GLOBAL,"2026-03-01 through 2026-04-30; no May, simulated, or synthetic rows"
AGE_PRIOR_GAP,age_bucket+prior_send_bucket+recent_send_gap_bucket,,14D_21D,2_3,7D_PLUS,,20758,active_application_day,1923,0.0926389825609403,12455,8303,0.09618627057406665,0.08731783692641214,0.008868433647654508,PASS,proven PL active application-days within observed lifecycle,"P(SEND | active daily decision opportunity, conditioning keys)",STATE_AGE_PRIOR_GAP -> STATE_AGE_GAP -> STATE_PRIOR_GAP -> STATE_GAP -> AGE_PRIOR_GAP -> AGE_GAP -> ORIGIN_GAP -> GAP -> STATE_AGE_PRIOR -> STATE_AGE -> STATE_PRIOR -> STATE -> AGE_PRIOR -> AGE -> ORIGIN -> GLOBAL,"2026-03-01 through 2026-04-30; no May, simulated, or synthetic rows"
AGE_PRIOR_GAP,age_bucket+prior_send_bucket+recent_send_gap_bucket,,14D_21D,2_3,LT_1D,,3588,active_application_day,342,0.0953177257525083,2001,1587,0.10794602698650675,0.07939508506616257,0.028550941920344186,PASS,proven PL active application-days within observed lifecycle,"P(SEND | active daily decision opportunity, conditioning keys)",STATE_AGE_PRIOR_GAP -> STATE_AGE_GAP -> STATE_PRIOR_GAP -> STATE_GAP -> AGE_PRIOR_GAP -> AGE_GAP -> ORIGIN_GAP -> GAP -> STATE_AGE_PRIOR -> STATE_AGE -> STATE_PRIOR -> STATE -> AGE_PRIOR -> AGE -> ORIGIN -> GLOBAL,"2026-03-01 through 2026-04-30; no May, simulated, or synthetic rows"
AGE_PRIOR_GAP,age_bucket+prior_send_bucket+recent_send_gap_bucket,,14D_21D,4_PLUS,1D_3D,,40387,active_application_day,8938,0.2213088370020056,21119,19268,0.23429139637293434,0.20707909487232717,0.02721230150060716,PASS,proven PL active application-days within observed lifecycle,"P(SEND | active daily decision opportunity, conditioning keys)",STATE_AGE_PRIOR_GAP -> STATE_AGE_GAP -> STATE_PRIOR_GAP -> STATE_GAP -> AGE_PRIOR_GAP -> AGE_GAP -> ORIGIN_GAP -> GAP -> STATE_AGE_PRIOR -> STATE_AGE -> STATE_PRIOR -> STATE -> AGE_PRIOR -> AGE -> ORIGIN -> GLOBAL,"2026-03-01 through 2026-04-30; no May, simulated, or synthetic rows"
AGE_PRIOR_GAP,age_bucket+prior_send_bucket+recent_send_gap_bucket,,14D_21D,4_PLUS,3D_7D,,33739,active_application_day,8112,0.2404339192032958,18388,15351,0.2065477485316511,0.2810240375219855,0.07447628899033443,PASS,proven PL active application-days within observed lifecycle,"P(SEND | active daily decision opportunity, conditioning keys)",STATE_AGE_PRIOR_GAP -> STATE_AGE_GAP -> STATE_PRIOR_GAP -> STATE_GAP -> AGE_PRIOR_GAP -> AGE_GAP -> ORIGIN_GAP -> GAP -> STATE_AGE_PRIOR -> STATE_AGE -> STATE_PRIOR -> STATE -> AGE_PRIOR -> AGE -> ORIGIN -> GLOBAL,"2026-03-01 through 2026-04-30; no May, simulated, or synthetic rows"
AGE_PRIOR_GAP,age_bucket+prior_send_bucket+recent_send_gap_bucket,,14D_21D,4_PLUS,7D_PLUS,,15222,active_application_day,2050,0.1346734988831953,7910,7312,0.1498103666245259,0.11829868708971554,0.03151167953481036,PASS,proven PL active application-days within observed lifecycle,"P(SEND | active daily decision opportunity, conditioning keys)",STATE_AGE_PRIOR_GAP -> STATE_AGE_GAP -> STATE_PRIOR_GAP -> STATE_GAP -> AGE_PRIOR_GAP -> AGE_GAP -> ORIGIN_GAP -> GAP -> STATE_AGE_PRIOR -> STATE_AGE -> STATE_PRIOR -> STATE -> AGE_PRIOR -> AGE -> ORIGIN -> GLOBAL,"2026-03-01 through 2026-04-30; no May, simulated, or synthetic rows"
AGE_PRIOR_GAP,age_bucket+prior_send_bucket+recent_send_gap_bucket,,14D_21D,4_PLUS,LT_1D,,30738,active_application_day,8215,0.2672587676491639,15223,15515,0.22801024765157984,0.30576861102159203,0.07775836337001218,PASS,proven PL active application-days within observed lifecycle,"P(SEND | active daily decision opportunity, conditioning keys)",STATE_AGE_PRIOR_GAP -> STATE_AGE_GAP -> STATE_PRIOR_GAP -> STATE_GAP -> AGE_PRIOR_GAP -> AGE_GAP -> ORIGIN_GAP -> GAP -> STATE_AGE_PRIOR -> STATE_AGE -> STATE_PRIOR -> STATE -> AGE_PRIOR -> AGE -> ORIGIN -> GLOBAL,"2026-03-01 through 2026-04-30; no May, simulated, or synthetic rows"
AGE_PRIOR_GAP,age_bucket+prior_send_bucket+recent_send_gap_bucket,,1D_3D,0,NO_PRIOR_SEND,,19635,active_application_day,3930,0.2001527883880825,10659,8976,0.18660287081339713,0.2162433155080214,0.029640444694624263,PASS,proven PL active application-days within observed lifecycle,"P(SEND | active daily decision opportunity, conditioning keys)",STATE_AGE_PRIOR_GAP -> STATE_AGE_GAP -> STATE_PRIOR_GAP -> STATE_GAP -> AGE_PRIOR_GAP -> AGE_GAP -> ORIGIN_GAP -> GAP -> STATE_AGE_PRIOR -> STATE_AGE -> STATE_PRIOR -> STATE -> AGE_PRIOR -> AGE -> ORIGIN -> GLOBAL,"2026-03-01 through 2026-04-30; no May, simulated, or synthetic rows"
AGE_PRIOR_GAP,age_bucket+prior_send_bucket+recent_send_gap_bucket,,1D_3D,1,1D_3D,,12270,active_application_day,2848,0.2321108394458027,7522,4748,0.19848444562616324,0.2853833192923336,0.08689887366617038,PASS,proven PL active application-days within observed lifecycle,"P(SEND | active daily decision opportunity, conditioning keys)",STATE_AGE_PRIOR_GAP -> STATE_AGE_GAP -> STATE_PRIOR_GAP -> STATE_GAP -> AGE_PRIOR_GAP -> AGE_GAP -> ORIGIN_GAP -> GAP -> STATE_AGE_PRIOR -> STATE_AGE -> STATE_PRIOR -> STATE -> AGE_PRIOR -> AGE -> ORIGIN -> GLOBAL,"2026-03-01 through 2026-04-30; no May, simulated, or synthetic rows"
AGE_PRIOR_GAP,age_bucket+prior_send_bucket+recent_send_gap_bucket,,1D_3D,1,LT_1D,,3920,active_application_day,808,0.2061224489795918,2180,1740,0.20917431192660552,0.20229885057471264,0.006875461351892875,PASS,proven PL active application-days within observed lifecycle,"P(SEND | active daily decision opportunity, conditioning keys)",STATE_AGE_PRIOR_GAP -> STATE_AGE_GAP -> STATE_PRIOR_GAP -> STATE_GAP -> AGE_PRIOR_GAP -> AGE_GAP -> ORIGIN_GAP -> GAP -> STATE_AGE_PRIOR -> STATE_AGE -> STATE_PRIOR -> STATE -> AGE_PRIOR -> AGE -> ORIGIN -> GLOBAL,"2026-03-01 through 2026-04-30; no May, simulated, or synthetic rows"
AGE_PRIOR_GAP,age_bucket+prior_send_bucket+recent_send_gap_bucket,,1D_3D,2_3,1D_3D,,8178,active_application_day,2138,0.2614331132306187,4205,3973,0.23543400713436385,0.28895041530329724,0.05351640816893338,PASS,proven PL active application-days within observed lifecycle,"P(SEND | active daily decision opportunity, conditioning keys)",STATE_AGE_PRIOR_GAP -> STATE_AGE_GAP -> STATE_PRIOR_GAP -> STATE_GAP -> AGE_PRIOR_GAP -> AGE_GAP -> ORIGIN_GAP -> GAP -> STATE_AGE_PRIOR -> STATE_AGE -> STATE_PRIOR -> STATE -> AGE_PRIOR -> AGE -> ORIGIN -> GLOBAL,"2026-03-01 through 2026-04-30; no May, simulated, or synthetic rows"
AGE_PRIOR_GAP,age_bucket+prior_send_bucket+recent_send_gap_bucket,,1D_3D,2_3,LT_1D,,6313,active_application_day,1675,0.2653255187707904,3452,2861,0.2381228273464658,0.29814750087382036,0.06002467352735455,PASS,proven PL active application-days within observed lifecycle,"P(SEND | active daily decision opportunity, conditioning keys)",STATE_AGE_PRIOR_GAP -> STATE_AGE_GAP -> STATE_PRIOR_GAP -> STATE_GAP -> AGE_PRIOR_GAP -> AGE_GAP -> ORIGIN_GAP -> GAP -> STATE_AGE_PRIOR -> STATE_AGE -> STATE_PRIOR -> STATE -> AGE_PRIOR -> AGE -> ORIGIN -> GLOBAL,"2026-03-01 through 2026-04-30; no May, simulated, or synthetic rows"
AGE_PRIOR_GAP,age_bucket+prior_send_bucket+recent_send_gap_bucket,,1D_3D,4_PLUS,LT_1D,,5169,active_application_day,1626,0.3145676146256529,2542,2627,0.2800944138473643,0.34792539017891133,0.06783097633154705,PASS,proven PL active application-days within observed lifecycle,"P(SEND | active daily decision opportunity, conditioning keys)",STATE_AGE_PRIOR_GAP -> STATE_AGE_GAP -> STATE_PRIOR_GAP -> STATE_GAP -> AGE_PRIOR_GAP -> AGE_GAP -> ORIGIN_GAP -> GAP -> STATE_AGE_PRIOR -> STATE_AGE -> STATE_PRIOR -> STATE -> AGE_PRIOR -> AGE -> ORIGIN -> GLOBAL,"2026-03-01 through 2026-04-30; no May, simulated, or synthetic rows"
AGE_PRIOR_GAP,age_bucket+prior_send_bucket+recent_send_gap_bucket,,21D_30D,0,NO_PRIOR_SEND,,8887,active_application_day,431,0.048497805783729,2826,6061,0.043170559094125975,0.050981686190397627,0.007811127096271651,PASS,proven PL active application-days within observed lifecycle,"P(SEND | active daily decision opportunity, conditioning keys)",STATE_AGE_PRIOR_GAP -> STATE_AGE_GAP -> STATE_PRIOR_GAP -> STATE_GAP -> AGE_PRIOR_GAP -> AGE_GAP -> ORIGIN_GAP -> GAP -> STATE_AGE_PRIOR -> STATE_AGE -> STATE_PRIOR -> STATE -> AGE_PRIOR -> AGE -> ORIGIN -> GLOBAL,"2026-03-01 through 2026-04-30; no May, simulated, or synthetic rows"
AGE_PRIOR_GAP,age_bucket+prior_send_bucket+recent_send_gap_bucket,,21D_30D,1,3D_7D,,1124,active_application_day,77,0.0685053380782918,317,807,0.05362776025236593,0.07434944237918216,0.02072168212681623,PASS,proven PL active application-days within observed lifecycle,"P(SEND | active daily decision opportunity, conditioning keys)",STATE_AGE_PRIOR_GAP -> STATE_AGE_GAP -> STATE_PRIOR_GAP -> STATE_GAP -> AGE_PRIOR_GAP -> AGE_GAP -> ORIGIN_GAP -> GAP -> STATE_AGE_PRIOR -> STATE_AGE -> STATE_PRIOR -> STATE -> AGE_PRIOR -> AGE -> ORIGIN -> GLOBAL,"2026-03-01 through 2026-04-30; no May, simulated, or synthetic rows"
AGE_PRIOR_GAP,age_bucket+prior_send_bucket+recent_send_gap_bucket,,21D_30D,1,7D_PLUS,,12263,active_application_day,854,0.069640381635815,5071,7192,0.0713863143364228,0.06840934371523916,0.0029769706211836416,PASS,proven PL active application-days within observed lifecycle,"P(SEND | active daily decision opportunity, conditioning keys)",STATE_AGE_PRIOR_GAP -> STATE_AGE_GAP -> STATE_PRIOR_GAP -> STATE_GAP -> AGE_PRIOR_GAP -> AGE_GAP -> ORIGIN_GAP -> GAP -> STATE_AGE_PRIOR -> STATE_AGE -> STATE_PRIOR -> STATE -> AGE_PRIOR -> AGE -> ORIGIN -> GLOBAL,"2026-03-01 through 2026-04-30; no May, simulated, or synthetic rows"
AGE_PRIOR_GAP,age_bucket+prior_send_bucket+recent_send_gap_bucket,,21D_30D,2_3,1D_3D,,4305,active_application_day,478,0.111033681765389,579,3726,0.18307426597582038,0.0998389694041868,0.08323529657163359,PASS,proven PL active application-days within observed lifecycle,"P(SEND | active daily decision opportunity, conditioning keys)",STATE_AGE_PRIOR_GAP -> STATE_AGE_GAP -> STATE_PRIOR_GAP -> STATE_GAP -> AGE_PRIOR_GAP -> AGE_GAP -> ORIGIN_GAP -> GAP -> STATE_AGE_PRIOR -> STATE_AGE -> STATE_PRIOR -> STATE -> AGE_PRIOR -> AGE -> ORIGIN -> GLOBAL,"2026-03-01 through 2026-04-30; no May, simulated, or synthetic rows"
AGE_PRIOR_GAP,age_bucket+prior_send_bucket+recent_send_gap_bucket,,21D_30D,2_3,3D_7D,,6828,active_application_day,577,0.0845049794961921,2306,4522,0.09193408499566348,0.08071649712516586,0.01121758787049762,PASS,proven PL active application-days within observed lifecycle,"P(SEND | active daily decision opportunity, conditioning keys)",STATE_AGE_PRIOR_GAP -> STATE_AGE_GAP -> STATE_PRIOR_GAP -> STATE_GAP -> AGE_PRIOR_GAP -> AGE_GAP -> ORIGIN_GAP -> GAP -> STATE_AGE_PRIOR -> STATE_AGE -> STATE_PRIOR -> STATE -> AGE_PRIOR -> AGE -> ORIGIN -> GLOBAL,"2026-03-01 through 2026-04-30; no May, simulated, or synthetic rows"
AGE_PRIOR_GAP,age_bucket+prior_send_bucket+recent_send_gap_bucket,,21D_30D,2_3,7D_PLUS,,23274,active_application_day,2266,0.0973618630231159,9422,13852,0.10984928889832307,0.08886803349696795,0.02098125540135512,PASS,proven PL active application-days within observed lifecycle,"P(SEND | active daily decision opportunity, conditioning keys)",STATE_AGE_PRIOR_GAP -> STATE_AGE_GAP -> STATE_PRIOR_GAP -> STATE_GAP -> AGE_PRIOR_GAP -> AGE_GAP -> ORIGIN_GAP -> GAP -> STATE_AGE_PRIOR -> STATE_AGE -> STATE_PRIOR -> STATE -> AGE_PRIOR -> AGE -> ORIGIN -> GLOBAL,"2026-03-01 through 2026-04-30; no May, simulated, or synthetic rows"
AGE_PRIOR_GAP,age_bucket+prior_send_bucket+recent_send_gap_bucket,,21D_30D,4_PLUS,1D_3D,,45819,active_application_day,11271,0.2459896549466378,8877,36942,0.256167624197364,0.24354393373396135,0.012623690463402643,PASS,proven PL active application-days within observed lifecycle,"P(SEND | active daily decision opportunity, conditioning keys)",STATE_AGE_PRIOR_GAP -> STATE_AGE_GAP -> STATE_PRIOR_GAP -> STATE_GAP -> AGE_PRIOR_GAP -> AGE_GAP -> ORIGIN_GAP -> GAP -> STATE_AGE_PRIOR -> STATE_AGE -> STATE_PRIOR -> STATE -> AGE_PRIOR -> AGE -> ORIGIN -> GLOBAL,"2026-03-01 through 2026-04-30; no May, simulated, or synthetic rows"
AGE_PRIOR_GAP,age_bucket+prior_send_bucket+recent_send_gap_bucket,,21D_30D,4_PLUS,3D_7D,,38954,active_application_day,9136,0.2345330389690404,14952,24002,0.21241305510968433,0.24831264061328223,0.0358995855035979,PASS,proven PL active application-days within observed lifecycle,"P(SEND | active daily decision opportunity, conditioning keys)",STATE_AGE_PRIOR_GAP -> STATE_AGE_GAP -> STATE_PRIOR_GAP -> STATE_GAP -> AGE_PRIOR_GAP -> AGE_GAP -> ORIGIN_GAP -> GAP -> STATE_AGE_PRIOR -> STATE_AGE -> STATE_PRIOR -> STATE -> AGE_PRIOR -> AGE -> ORIGIN -> GLOBAL,"2026-03-01 through 2026-04-30; no May, simulated, or synthetic rows"
AGE_PRIOR_GAP,age_bucket+prior_send_bucket+recent_send_gap_bucket,,21D_30D,4_PLUS,7D_PLUS,,27324,active_application_day,4295,0.1571878202312985,11445,15879,0.18488422892092618,0.13722526607468985,0.04765896284623633,PASS,proven PL active application-days within observed lifecycle,"P(SEND | active daily decision opportunity, conditioning keys)",STATE_AGE_PRIOR_GAP -> STATE_AGE_GAP -> STATE_PRIOR_GAP -> STATE_GAP -> AGE_PRIOR_GAP -> AGE_GAP -> ORIGIN_GAP -> GAP -> STATE_AGE_PRIOR -> STATE_AGE -> STATE_PRIOR -> STATE -> AGE_PRIOR -> AGE -> ORIGIN -> GLOBAL,"2026-03-01 through 2026-04-30; no May, simulated, or synthetic rows"
AGE_PRIOR_GAP,age_bucket+prior_send_bucket+recent_send_gap_bucket,,21D_30D,4_PLUS,LT_1D,,33415,active_application_day,6562,0.1963788717641777,9401,24014,0.24199553239017127,0.17852086283001584,0.06347466956015543,PASS,proven PL active application-days within observed lifecycle,"P(SEND | active daily decision opportunity, conditioning keys)",STATE_AGE_PRIOR_GAP -> STATE_AGE_GAP -> STATE_PRIOR_GAP -> STATE_GAP -> AGE_PRIOR_GAP -> AGE_GAP -> ORIGIN_GAP -> GAP -> STATE_AGE_PRIOR -> STATE_AGE -> STATE_PRIOR -> STATE -> AGE_PRIOR -> AGE -> ORIGIN -> GLOBAL,"2026-03-01 through 2026-04-30; no May, simulated, or synthetic rows"
AGE_PRIOR_GAP,age_bucket+prior_send_bucket+recent_send_gap_bucket,,3D_7D,0,NO_PRIOR_SEND,,21613,active_application_day,3232,0.1495396289270346,12928,8685,0.1395420792079208,0.16442141623488774,0.02487933702696693,PASS,proven PL active application-days within observed lifecycle,"P(SEND | active daily decision opportunity, conditioning keys)",STATE_AGE_PRIOR_GAP -> STATE_AGE_GAP -> STATE_PRIOR_GAP -> STATE_GAP -> AGE_PRIOR_GAP -> AGE_GAP -> ORIGIN_GAP -> GAP -> STATE_AGE_PRIOR -> STATE_AGE -> STATE_PRIOR -> STATE -> AGE_PRIOR -> AGE -> ORIGIN -> GLOBAL,"2026-03-01 through 2026-04-30; no May, simulated, or synthetic rows"
AGE_PRIOR_GAP,age_bucket+prior_send_bucket+recent_send_gap_bucket,,3D_7D,1,3D_7D,,15344,active_application_day,2995,0.1951903023983316,10779,4565,0.1753409407180629,0.2420591456736035,0.06671820495554062,PASS,proven PL active application-days within observed lifecycle,"P(SEND | active daily decision opportunity, conditioning keys)",STATE_AGE_PRIOR_GAP -> STATE_AGE_GAP -> STATE_PRIOR_GAP -> STATE_GAP -> AGE_PRIOR_GAP -> AGE_GAP -> ORIGIN_GAP -> GAP -> STATE_AGE_PRIOR -> STATE_AGE -> STATE_PRIOR -> STATE -> AGE_PRIOR -> AGE -> ORIGIN -> GLOBAL,"2026-03-01 through 2026-04-30; no May, simulated, or synthetic rows"
AGE_PRIOR_GAP,age_bucket+prior_send_bucket+recent_send_gap_bucket,,3D_7D,1,LT_1D,,3601,active_application_day,600,0.1666203832268814,1619,1982,0.1871525633106856,0.14984863773965693,0.037303925571028684,PASS,proven PL active application-days within observed lifecycle,"P(SEND | active daily decision opportunity, conditioning keys)",STATE_AGE_PRIOR_GAP -> STATE_AGE_GAP -> STATE_PRIOR_GAP -> STATE_GAP -> AGE_PRIOR_GAP -> AGE_GAP -> ORIGIN_GAP -> GAP -> STATE_AGE_PRIOR -> STATE_AGE -> STATE_PRIOR -> STATE -> AGE_PRIOR -> AGE -> ORIGIN -> GLOBAL,"2026-03-01 through 2026-04-30; no May, simulated, or synthetic rows"
AGE_PRIOR_GAP,age_bucket+prior_send_bucket+recent_send_gap_bucket,,3D_7D,2_3,3D_7D,,11625,active_application_day,3217,0.2767311827956989,7241,4384,0.2534180361828477,0.3152372262773723,0.06181919009452458,PASS,proven PL active application-days within observed lifecycle,"P(SEND | active daily decision opportunity, conditioning keys)",STATE_AGE_PRIOR_GAP -> STATE_AGE_GAP -> STATE_PRIOR_GAP -> STATE_GAP -> AGE_PRIOR_GAP -> AGE_GAP -> ORIGIN_GAP -> GAP -> STATE_AGE_PRIOR -> STATE_AGE -> STATE_PRIOR -> STATE -> AGE_PRIOR -> AGE -> ORIGIN -> GLOBAL,"2026-03-01 through 2026-04-30; no May, simulated, or synthetic rows"
AGE_PRIOR_GAP,age_bucket+prior_send_bucket+recent_send_gap_bucket,,3D_7D,2_3,LT_1D,,10170,active_application_day,2443,0.2402163225172074,4668,5502,0.23543273350471294,0.24427480916030533,0.00884207565559239,PASS,proven PL active application-days within observed lifecycle,"P(SEND | active daily decision opportunity, conditioning keys)",STATE_AGE_PRIOR_GAP -> STATE_AGE_GAP -> STATE_PRIOR_GAP -> STATE_GAP -> AGE_PRIOR_GAP -> AGE_GAP -> ORIGIN_GAP -> GAP -> STATE_AGE_PRIOR -> STATE_AGE -> STATE_PRIOR -> STATE -> AGE_PRIOR -> AGE -> ORIGIN -> GLOBAL,"2026-03-01 through 2026-04-30; no May, simulated, or synthetic rows"
AGE_PRIOR_GAP,age_bucket+prior_send_bucket+recent_send_gap_bucket,,3D_7D,4_PLUS,3D_7D,,5444,active_application_day,1742,0.3199853049228508,3002,2442,0.30579613590939375,0.33742833742833744,0.03163220151894369,PASS,proven PL active application-days within observed lifecycle,"P(SEND | active daily decision opportunity, conditioning keys)",STATE_AGE_PRIOR_GAP -> STATE_AGE_GAP -> STATE_PRIOR_GAP -> STATE_GAP -> AGE_PRIOR_GAP -> AGE_GAP -> ORIGIN_GAP -> GAP -> STATE_AGE_PRIOR -> STATE_AGE -> STATE_PRIOR -> STATE -> AGE_PRIOR -> AGE -> ORIGIN -> GLOBAL,"2026-03-01 through 2026-04-30; no May, simulated, or synthetic rows"
AGE_PRIOR_GAP,age_bucket+prior_send_bucket+recent_send_gap_bucket,,3D_7D,4_PLUS,LT_1D,,12955,active_application_day,4286,0.3308375144731764,5359,7596,0.34316103750699756,0.322143233280674,0.021017804226323544,PASS,proven PL active application-days within observed lifecycle,"P(SEND | active daily decision opportunity, conditioning keys)",STATE_AGE_PRIOR_GAP -> STATE_AGE_GAP -> STATE_PRIOR_GAP -> STATE_GAP -> AGE_PRIOR_GAP -> AGE_GAP -> ORIGIN_GAP -> GAP -> STATE_AGE_PRIOR -> STATE_AGE -> STATE_PRIOR -> STATE -> AGE_PRIOR -> AGE -> ORIGIN -> GLOBAL,"2026-03-01 through 2026-04-30; no May, simulated, or synthetic rows"
AGE_PRIOR_GAP,age_bucket+prior_send_bucket+recent_send_gap_bucket,,7D_14D,0,NO_PRIOR_SEND,,18957,active_application_day,1488,0.0784934325051432,11380,7577,0.0734622144112478,0.08604988781839779,0.012587673407149988,PASS,proven PL active application-days within observed lifecycle,"P(SEND | active daily decision opportunity, conditioning keys)",STATE_AGE_PRIOR_GAP -> STATE_AGE_GAP -> STATE_PRIOR_GAP -> STATE_GAP -> AGE_PRIOR_GAP -> AGE_GAP -> ORIGIN_GAP -> GAP -> STATE_AGE_PRIOR -> STATE_AGE -> STATE_PRIOR -> STATE -> AGE_PRIOR -> AGE -> ORIGIN -> GLOBAL,"2026-03-01 through 2026-04-30; no May, simulated, or synthetic rows"
AGE_PRIOR_GAP,age_bucket+prior_send_bucket+recent_send_gap_bucket,,7D_14D,1,1D_3D,,3921,active_application_day,522,0.1331293037490436,2300,1621,0.14869565217391303,0.11104256631708821,0.03765308585682482,PASS,proven PL active application-days within observed lifecycle,"P(SEND | active daily decision opportunity, conditioning keys)",STATE_AGE_PRIOR_GAP -> STATE_AGE_GAP -> STATE_PRIOR_GAP -> STATE_GAP -> AGE_PRIOR_GAP -> AGE_GAP -> ORIGIN_GAP -> GAP -> STATE_AGE_PRIOR -> STATE_AGE -> STATE_PRIOR -> STATE -> AGE_PRIOR -> AGE -> ORIGIN -> GLOBAL,"2026-03-01 through 2026-04-30; no May, simulated, or synthetic rows"
AGE_PRIOR_GAP,age_bucket+prior_send_bucket+recent_send_gap_bucket,,7D_14D,1,3D_7D,,9059,active_application_day,1013,0.1118224969643448,4851,4208,0.11234796949082664,0.1112167300380228,0.0011312394528038283,PASS,proven PL active application-days within observed lifecycle,"P(SEND | active daily decision opportunity, conditioning keys)",STATE_AGE_PRIOR_GAP -> STATE_AGE_GAP -> STATE_PRIOR_GAP -> STATE_GAP -> AGE_PRIOR_GAP -> AGE_GAP -> ORIGIN_GAP -> GAP -> STATE_AGE_PRIOR -> STATE_AGE -> STATE_PRIOR -> STATE -> AGE_PRIOR -> AGE -> ORIGIN -> GLOBAL,"2026-03-01 through 2026-04-30; no May, simulated, or synthetic rows"
AGE_PRIOR_GAP,age_bucket+prior_send_bucket+recent_send_gap_bucket,,7D_14D,1,7D_PLUS,,13798,active_application_day,1359,0.0984925351500217,9401,4397,0.10211679608552282,0.09074368887878098,0.01137310720674184,PASS,proven PL active application-days within observed lifecycle,"P(SEND | active daily decision opportunity, conditioning keys)",STATE_AGE_PRIOR_GAP -> STATE_AGE_GAP -> STATE_PRIOR_GAP -> STATE_GAP -> AGE_PRIOR_GAP -> AGE_GAP -> ORIGIN_GAP -> GAP -> STATE_AGE_PRIOR -> STATE_AGE -> STATE_PRIOR -> STATE -> AGE_PRIOR -> AGE -> ORIGIN -> GLOBAL,"2026-03-01 through 2026-04-30; no May, simulated, or synthetic rows"
AGE_PRIOR_GAP,age_bucket+prior_send_bucket+recent_send_gap_bucket,,7D_14D,1,LT_1D,,1997,active_application_day,316,0.158237356034051,1198,799,0.17278797996661102,0.13642052565707133,0.03636745430953969,PASS,proven PL active application-days within observed lifecycle,"P(SEND | active daily decision opportunity, conditioning keys)",STATE_AGE_PRIOR_GAP -> STATE_AGE_GAP -> STATE_PRIOR_GAP -> STATE_GAP -> AGE_PRIOR_GAP -> AGE_GAP -> ORIGIN_GAP -> GAP -> STATE_AGE_PRIOR -> STATE_AGE -> STATE_PRIOR -> STATE -> AGE_PRIOR -> AGE -> ORIGIN -> GLOBAL,"2026-03-01 through 2026-04-30; no May, simulated, or synthetic rows"
AGE_PRIOR_GAP,age_bucket+prior_send_bucket+recent_send_gap_bucket,,7D_14D,2_3,1D_3D,,16079,active_application_day,2778,0.1727719385533926,9684,6395,0.17492771581990912,0.16950742767787333,0.005420288142035795,PASS,proven PL active application-days within observed lifecycle,"P(SEND | active daily decision opportunity, conditioning keys)",STATE_AGE_PRIOR_GAP -> STATE_AGE_GAP -> STATE_PRIOR_GAP -> STATE_GAP -> AGE_PRIOR_GAP -> AGE_GAP -> ORIGIN_GAP -> GAP -> STATE_AGE_PRIOR -> STATE_AGE -> STATE_PRIOR -> STATE -> AGE_PRIOR -> AGE -> ORIGIN -> GLOBAL,"2026-03-01 through 2026-04-30; no May, simulated, or synthetic rows"
AGE_PRIOR_GAP,age_bucket+prior_send_bucket+recent_send_gap_bucket,,7D_14D,2_3,3D_7D,,21599,active_application_day,3275,0.1516273901569517,12397,9202,0.14834234088892473,0.15605303194957618,0.007710691060651448,PASS,proven PL active application-days within observed lifecycle,"P(SEND | active daily decision opportunity, conditioning keys)",STATE_AGE_PRIOR_GAP -> STATE_AGE_GAP -> STATE_PRIOR_GAP -> STATE_GAP -> AGE_PRIOR_GAP -> AGE_GAP -> ORIGIN_GAP -> GAP -> STATE_AGE_PRIOR -> STATE_AGE -> STATE_PRIOR -> STATE -> AGE_PRIOR -> AGE -> ORIGIN -> GLOBAL,"2026-03-01 through 2026-04-30; no May, simulated, or synthetic rows"
AGE_PRIOR_GAP,age_bucket+prior_send_bucket+recent_send_gap_bucket,,7D_14D,2_3,7D_PLUS,,10469,active_application_day,1487,0.1420383990830069,6054,4415,0.16551040634291378,0.10985277463193659,0.05565763171097719,PASS,proven PL active application-days within observed lifecycle,"P(SEND | active daily decision opportunity, conditioning keys)",STATE_AGE_PRIOR_GAP -> STATE_AGE_GAP -> STATE_PRIOR_GAP -> STATE_GAP -> AGE_PRIOR_GAP -> AGE_GAP -> ORIGIN_GAP -> GAP -> STATE_AGE_PRIOR -> STATE_AGE -> STATE_PRIOR -> STATE -> AGE_PRIOR -> AGE -> ORIGIN -> GLOBAL,"2026-03-01 through 2026-04-30; no May, simulated, or synthetic rows"
AGE_PRIOR_GAP,age_bucket+prior_send_bucket+recent_send_gap_bucket,,7D_14D,2_3,LT_1D,,9514,active_application_day,1896,0.1992852638217364,5863,3651,0.19085792256523965,0.21281840591618734,0.02196048335094769,PASS,proven PL active application-days within observed lifecycle,"P(SEND | active daily decision opportunity, conditioning keys)",STATE_AGE_PRIOR_GAP -> STATE_AGE_GAP -> STATE_PRIOR_GAP -> STATE_GAP -> AGE_PRIOR_GAP -> AGE_GAP -> ORIGIN_GAP -> GAP -> STATE_AGE_PRIOR -> STATE_AGE -> STATE_PRIOR -> STATE -> AGE_PRIOR -> AGE -> ORIGIN -> GLOBAL,"2026-03-01 through 2026-04-30; no May, simulated, or synthetic rows"
AGE_PRIOR_GAP,age_bucket+prior_send_bucket+recent_send_gap_bucket,,7D_14D,4_PLUS,1D_3D,,36642,active_application_day,10121,0.2762130888051962,17954,18688,0.25899520998106274,0.2927547089041096,0.03375949892304686,PASS,proven PL active application-days within observed lifecycle,"P(SEND | active daily decision opportunity, conditioning keys)",STATE_AGE_PRIOR_GAP -> STATE_AGE_GAP -> STATE_PRIOR_GAP -> STATE_GAP -> AGE_PRIOR_GAP -> AGE_GAP -> ORIGIN_GAP -> GAP -> STATE_AGE_PRIOR -> STATE_AGE -> STATE_PRIOR -> STATE -> AGE_PRIOR -> AGE -> ORIGIN -> GLOBAL,"2026-03-01 through 2026-04-30; no May, simulated, or synthetic rows"
AGE_PRIOR_GAP,age_bucket+prior_send_bucket+recent_send_gap_bucket,,7D_14D,4_PLUS,3D_7D,,22835,active_application_day,5818,0.2547843223122399,11057,11778,0.27955141539296374,0.2315333672949567,0.048018048098007055,PASS,proven PL active application-days within observed lifecycle,"P(SEND | active daily decision opportunity, conditioning keys)",STATE_AGE_PRIOR_GAP -> STATE_AGE_GAP -> STATE_PRIOR_GAP -> STATE_GAP -> AGE_PRIOR_GAP -> AGE_GAP -> ORIGIN_GAP -> GAP -> STATE_AGE_PRIOR -> STATE_AGE -> STATE_PRIOR -> STATE -> AGE_PRIOR -> AGE -> ORIGIN -> GLOBAL,"2026-03-01 through 2026-04-30; no May, simulated, or synthetic rows"
AGE_PRIOR_GAP,age_bucket+prior_send_bucket+recent_send_gap_bucket,,7D_14D,4_PLUS,7D_PLUS,,5420,active_application_day,879,0.1621771217712177,2374,3046,0.2047177759056445,0.12902166776099802,0.07569610814464647,PASS,proven PL active application-days within observed lifecycle,"P(SEND | active daily decision opportunity, conditioning keys)",STATE_AGE_PRIOR_GAP -> STATE_AGE_GAP -> STATE_PRIOR_GAP -> STATE_GAP -> AGE_PRIOR_GAP -> AGE_GAP -> ORIGIN_GAP -> GAP -> STATE_AGE_PRIOR -> STATE_AGE -> STATE_PRIOR -> STATE -> AGE_PRIOR -> AGE -> ORIGIN -> GLOBAL,"2026-03-01 through 2026-04-30; no May, simulated, or synthetic rows"
AGE_PRIOR_GAP,age_bucket+prior_send_bucket+recent_send_gap_bucket,,7D_14D,4_PLUS,LT_1D,,33227,active_application_day,10798,0.3249766755951485,15570,17657,0.30700064226075785,0.34082800022653903,0.03382735796578118,PASS,proven PL active application-days within observed lifecycle,"P(SEND | active daily decision opportunity, conditioning keys)",STATE_AGE_PRIOR_GAP -> STATE_AGE_GAP -> STATE_PRIOR_GAP -> STATE_GAP -> AGE_PRIOR_GAP -> AGE_GAP -> ORIGIN_GAP -> GAP -> STATE_AGE_PRIOR -> STATE_AGE -> STATE_PRIOR -> STATE -> AGE_PRIOR -> AGE -> ORIGIN -> GLOBAL,"2026-03-01 through 2026-04-30; no May, simulated, or synthetic rows"
AGE_PRIOR_GAP,age_bucket+prior_send_bucket+recent_send_gap_bucket,,LT_1D,0,NO_PRIOR_SEND,,95527,active_application_day,22724,0.2378803898374281,51723,43804,0.2198055023877192,0.2592229020180805,0.03941739963036131,PASS,proven PL active application-days within observed lifecycle,"P(SEND | active daily decision opportunity, conditioning keys)",STATE_AGE_PRIOR_GAP -> STATE_AGE_GAP -> STATE_PRIOR_GAP -> STATE_GAP -> AGE_PRIOR_GAP -> AGE_GAP -> ORIGIN_GAP -> GAP -> STATE_AGE_PRIOR -> STATE_AGE -> STATE_PRIOR -> STATE -> AGE_PRIOR -> AGE -> ORIGIN -> GLOBAL,"2026-03-01 through 2026-04-30; no May, simulated, or synthetic rows"
AGE_PRIOR_GAP,age_bucket+prior_send_bucket+recent_send_gap_bucket,,LT_1D,2_3,LT_1D,,5941,active_application_day,2871,0.4832519777815182,3205,2736,0.4639625585023401,0.5058479532163743,0.04188539471403424,PASS,proven PL active application-days within observed lifecycle,"P(SEND | active daily decision opportunity, conditioning keys)",STATE_AGE_PRIOR_GAP -> STATE_AGE_GAP -> STATE_PRIOR_GAP -> STATE_GAP -> AGE_PRIOR_GAP -> AGE_GAP -> ORIGIN_GAP -> GAP -> STATE_AGE_PRIOR -> STATE_AGE -> STATE_PRIOR -> STATE -> AGE_PRIOR -> AGE -> ORIGIN -> GLOBAL,"2026-03-01 through 2026-04-30; no May, simulated, or synthetic rows"
AGE_PRIOR_GAP,age_bucket+prior_send_bucket+recent_send_gap_bucket,,LT_1D,4_PLUS,LT_1D,,1541,active_application_day,942,0.6112913692407528,589,952,0.5721561969439728,0.6355042016806722,0.06334800473669944,PASS,proven PL active application-days within observed lifecycle,"P(SEND | active daily decision opportunity, conditioning keys)",STATE_AGE_PRIOR_GAP -> STATE_AGE_GAP -> STATE_PRIOR_GAP -> STATE_GAP -> AGE_PRIOR_GAP -> AGE_GAP -> ORIGIN_GAP -> GAP -> STATE_AGE_PRIOR -> STATE_AGE -> STATE_PRIOR -> STATE -> AGE_PRIOR -> AGE -> ORIGIN -> GLOBAL,"2026-03-01 through 2026-04-30; no May, simulated, or synthetic rows"
GAP,recent_send_gap_bucket,,,,1D_3D,,216529,active_application_day,50878,0.2349708353153619,96541,119988,0.21926435400503413,0.24760809414274762,0.028343740137713486,PASS,proven PL active application-days within observed lifecycle,"P(SEND | active daily decision opportunity, conditioning keys)",STATE_AGE_PRIOR_GAP -> STATE_AGE_GAP -> STATE_PRIOR_GAP -> STATE_GAP -> AGE_PRIOR_GAP -> AGE_GAP -> ORIGIN_GAP -> GAP -> STATE_AGE_PRIOR -> STATE_AGE -> STATE_PRIOR -> STATE -> AGE_PRIOR -> AGE -> ORIGIN -> GLOBAL,"2026-03-01 through 2026-04-30; no May, simulated, or synthetic rows"
GAP,recent_send_gap_bucket,,,,3D_7D,,181249,active_application_day,37772,0.2083983911635374,94005,87244,0.19421307377267166,0.223683003988813,0.029469930216141332,PASS,proven PL active application-days within observed lifecycle,"P(SEND | active daily decision opportunity, conditioning keys)",STATE_AGE_PRIOR_GAP -> STATE_AGE_GAP -> STATE_PRIOR_GAP -> STATE_GAP -> AGE_PRIOR_GAP -> AGE_GAP -> ORIGIN_GAP -> GAP -> STATE_AGE_PRIOR -> STATE_AGE -> STATE_PRIOR -> STATE -> AGE_PRIOR -> AGE -> ORIGIN -> GLOBAL,"2026-03-01 through 2026-04-30; no May, simulated, or synthetic rows"
GAP,recent_send_gap_bucket,,,,7D_PLUS,,142684,active_application_day,15987,0.1120447982955341,73147,69537,0.12176849358141824,0.10181629923637775,0.01995219434504049,PASS,proven PL active application-days within observed lifecycle,"P(SEND | active daily decision opportunity, conditioning keys)",STATE_AGE_PRIOR_GAP -> STATE_AGE_GAP -> STATE_PRIOR_GAP -> STATE_GAP -> AGE_PRIOR_GAP -> AGE_GAP -> ORIGIN_GAP -> GAP -> STATE_AGE_PRIOR -> STATE_AGE -> STATE_PRIOR -> STATE -> AGE_PRIOR -> AGE -> ORIGIN -> GLOBAL,"2026-03-01 through 2026-04-30; no May, simulated, or synthetic rows"
GAP,recent_send_gap_bucket,,,,LT_1D,,173634,active_application_day,45948,0.2646255917619821,78493,95141,0.25802300842113307,0.27007283925962516,0.012049830838492093,PASS,proven PL active application-days within observed lifecycle,"P(SEND | active daily decision opportunity, conditioning keys)",STATE_AGE_PRIOR_GAP -> STATE_AGE_GAP -> STATE_PRIOR_GAP -> STATE_GAP -> AGE_PRIOR_GAP -> AGE_GAP -> ORIGIN_GAP -> GAP -> STATE_AGE_PRIOR -> STATE_AGE -> STATE_PRIOR -> STATE -> AGE_PRIOR -> AGE -> ORIGIN -> GLOBAL,"2026-03-01 through 2026-04-30; no May, simulated, or synthetic rows"
GAP,recent_send_gap_bucket,,,,NO_PRIOR_SEND,,176327,active_application_day,32304,0.1832050678568795,96482,79845,0.17007317427084845,0.19907320433339595,0.029000030062547505,PASS,proven PL active application-days within observed lifecycle,"P(SEND | active daily decision opportunity, conditioning keys)",STATE_AGE_PRIOR_GAP -> STATE_AGE_GAP -> STATE_PRIOR_GAP -> STATE_GAP -> AGE_PRIOR_GAP -> AGE_GAP -> ORIGIN_GAP -> GAP -> STATE_AGE_PRIOR -> STATE_AGE -> STATE_PRIOR -> STATE -> AGE_PRIOR -> AGE -> ORIGIN -> GLOBAL,"2026-03-01 through 2026-04-30; no May, simulated, or synthetic rows"
GLOBAL,NONE,,,,,,890423,active_application_day,182889,0.2053956378036057,438668,451755,0.1937547302287835,0.21669931710772433,0.022944586878940826,PASS,proven PL active application-days within observed lifecycle,"P(SEND | active daily decision opportunity, conditioning keys)",STATE_AGE_PRIOR_GAP -> STATE_AGE_GAP -> STATE_PRIOR_GAP -> STATE_GAP -> AGE_PRIOR_GAP -> AGE_GAP -> ORIGIN_GAP -> GAP -> STATE_AGE_PRIOR -> STATE_AGE -> STATE_PRIOR -> STATE -> AGE_PRIOR -> AGE -> ORIGIN -> GLOBAL,"2026-03-01 through 2026-04-30; no May, simulated, or synthetic rows"
ORIGIN,population_origin,,,,,NEW_ARRIVAL,803113,active_application_day,167879,0.2090353412284448,438668,364445,0.1937547302287835,0.22742800696950158,0.03367327674071807,PASS,proven PL active application-days within observed lifecycle,"P(SEND | active daily decision opportunity, conditioning keys)",STATE_AGE_PRIOR_GAP -> STATE_AGE_GAP -> STATE_PRIOR_GAP -> STATE_GAP -> AGE_PRIOR_GAP -> AGE_GAP -> ORIGIN_GAP -> GAP -> STATE_AGE_PRIOR -> STATE_AGE -> STATE_PRIOR -> STATE -> AGE_PRIOR -> AGE -> ORIGIN -> GLOBAL,"2026-03-01 through 2026-04-30; no May, simulated, or synthetic rows"
ORIGIN_GAP,population_origin+recent_send_gap_bucket,,,,1D_3D,NEW_ARRIVAL,187848,active_application_day,45163,0.2404231080448022,96541,91307,0.21926435400503413,0.26279474739067105,0.04353039338563691,PASS,proven PL active application-days within observed lifecycle,"P(SEND | active daily decision opportunity, conditioning keys)",STATE_AGE_PRIOR_GAP -> STATE_AGE_GAP -> STATE_PRIOR_GAP -> STATE_GAP -> AGE_PRIOR_GAP -> AGE_GAP -> ORIGIN_GAP -> GAP -> STATE_AGE_PRIOR -> STATE_AGE -> STATE_PRIOR -> STATE -> AGE_PRIOR -> AGE -> ORIGIN -> GLOBAL,"2026-03-01 through 2026-04-30; no May, simulated, or synthetic rows"
ORIGIN_GAP,population_origin+recent_send_gap_bucket,,,,3D_7D,NEW_ARRIVAL,165415,active_application_day,34935,0.2111960825801771,94005,71410,0.19421307377267166,0.23355272370816413,0.039339649935492466,PASS,proven PL active application-days within observed lifecycle,"P(SEND | active daily decision opportunity, conditioning keys)",STATE_AGE_PRIOR_GAP -> STATE_AGE_GAP -> STATE_PRIOR_GAP -> STATE_GAP -> AGE_PRIOR_GAP -> AGE_GAP -> ORIGIN_GAP -> GAP -> STATE_AGE_PRIOR -> STATE_AGE -> STATE_PRIOR -> STATE -> AGE_PRIOR -> AGE -> ORIGIN -> GLOBAL,"2026-03-01 through 2026-04-30; no May, simulated, or synthetic rows"
ORIGIN_GAP,population_origin+recent_send_gap_bucket,,,,7D_PLUS,NEW_ARRIVAL,124824,active_application_day,13811,0.1106437864513234,73147,51677,0.12176849358141824,0.0948971496023376,0.026871343979080642,PASS,proven PL active application-days within observed lifecycle,"P(SEND | active daily decision opportunity, conditioning keys)",STATE_AGE_PRIOR_GAP -> STATE_AGE_GAP -> STATE_PRIOR_GAP -> STATE_GAP -> AGE_PRIOR_GAP -> AGE_GAP -> ORIGIN_GAP -> GAP -> STATE_AGE_PRIOR -> STATE_AGE -> STATE_PRIOR -> STATE -> AGE_PRIOR -> AGE -> ORIGIN -> GLOBAL,"2026-03-01 through 2026-04-30; no May, simulated, or synthetic rows"
ORIGIN_GAP,population_origin+recent_send_gap_bucket,,,,LT_1D,NEW_ARRIVAL,154079,active_application_day,41985,0.2724900862544538,78493,75586,0.25802300842113307,0.2875135607123012,0.02949055229116815,PASS,proven PL active application-days within observed lifecycle,"P(SEND | active daily decision opportunity, conditioning keys)",STATE_AGE_PRIOR_GAP -> STATE_AGE_GAP -> STATE_PRIOR_GAP -> STATE_GAP -> AGE_PRIOR_GAP -> AGE_GAP -> ORIGIN_GAP -> GAP -> STATE_AGE_PRIOR -> STATE_AGE -> STATE_PRIOR -> STATE -> AGE_PRIOR -> AGE -> ORIGIN -> GLOBAL,"2026-03-01 through 2026-04-30; no May, simulated, or synthetic rows"
ORIGIN_GAP,population_origin+recent_send_gap_bucket,,,,NO_PRIOR_SEND,NEW_ARRIVAL,170947,active_application_day,31985,0.1871047751642321,96482,74465,0.17007317427084845,0.20917209427247702,0.03909892000162857,PASS,proven PL active application-days within observed lifecycle,"P(SEND | active daily decision opportunity, conditioning keys)",STATE_AGE_PRIOR_GAP -> STATE_AGE_GAP -> STATE_PRIOR_GAP -> STATE_GAP -> AGE_PRIOR_GAP -> AGE_GAP -> ORIGIN_GAP -> GAP -> STATE_AGE_PRIOR -> STATE_AGE -> STATE_PRIOR -> STATE -> AGE_PRIOR -> AGE -> ORIGIN -> GLOBAL,"2026-03-01 through 2026-04-30; no May, simulated, or synthetic rows"
STATE,current_state,AIP Approved,,,,,10243,active_application_day,2282,0.2227862930781997,3828,6415,0.21525600835945663,0.22727981293842556,0.012023804578968927,PASS,proven PL active application-days within observed lifecycle,"P(SEND | active daily decision opportunity, conditioning keys)",STATE_AGE_PRIOR_GAP -> STATE_AGE_GAP -> STATE_PRIOR_GAP -> STATE_GAP -> AGE_PRIOR_GAP -> AGE_GAP -> ORIGIN_GAP -> GAP -> STATE_AGE_PRIOR -> STATE_AGE -> STATE_PRIOR -> STATE -> AGE_PRIOR -> AGE -> ORIGIN -> GLOBAL,"2026-03-01 through 2026-04-30; no May, simulated, or synthetic rows"
STATE,current_state,Application Created,,,,,82606,active_application_day,19518,0.2362782364477156,44524,38082,0.21988141227203306,0.25544876844703535,0.035567356175002285,PASS,proven PL active application-days within observed lifecycle,"P(SEND | active daily decision opportunity, conditioning keys)",STATE_AGE_PRIOR_GAP -> STATE_AGE_GAP -> STATE_PRIOR_GAP -> STATE_GAP -> AGE_PRIOR_GAP -> AGE_GAP -> ORIGIN_GAP -> GAP -> STATE_AGE_PRIOR -> STATE_AGE -> STATE_PRIOR -> STATE -> AGE_PRIOR -> AGE -> ORIGIN -> GLOBAL,"2026-03-01 through 2026-04-30; no May, simulated, or synthetic rows"
STATE,current_state,Application OTP Verification,,,,,3239,active_application_day,791,0.2442111762889781,1013,2226,0.2428430404738401,0.24483378256963162,0.001990742095791531,PASS,proven PL active application-days within observed lifecycle,"P(SEND | active daily decision opportunity, conditioning keys)",STATE_AGE_PRIOR_GAP -> STATE_AGE_GAP -> STATE_PRIOR_GAP -> STATE_GAP -> AGE_PRIOR_GAP -> AGE_GAP -> ORIGIN_GAP -> GAP -> STATE_AGE_PRIOR -> STATE_AGE -> STATE_PRIOR -> STATE -> AGE_PRIOR -> AGE -> ORIGIN -> GLOBAL,"2026-03-01 through 2026-04-30; no May, simulated, or synthetic rows"
STATE,current_state,Application Resume,,,,,4640,active_application_day,990,0.2133620689655172,1876,2764,0.2025586353944563,0.22069464544138928,0.018136010046932993,PASS,proven PL active application-days within observed lifecycle,"P(SEND | active daily decision opportunity, conditioning keys)",STATE_AGE_PRIOR_GAP -> STATE_AGE_GAP -> STATE_PRIOR_GAP -> STATE_GAP -> AGE_PRIOR_GAP -> AGE_GAP -> ORIGIN_GAP -> GAP -> STATE_AGE_PRIOR -> STATE_AGE -> STATE_PRIOR -> STATE -> AGE_PRIOR -> AGE -> ORIGIN -> GLOBAL,"2026-03-01 through 2026-04-30; no May, simulated, or synthetic rows"
STATE,current_state,Application created/Login,,,,,90145,active_application_day,18809,0.2086527261634034,39300,50845,0.20262086513994912,0.2133149768905497,0.010694111750600588,PASS,proven PL active application-days within observed lifecycle,"P(SEND | active daily decision opportunity, conditioning keys)",STATE_AGE_PRIOR_GAP -> STATE_AGE_GAP -> STATE_PRIOR_GAP -> STATE_GAP -> AGE_PRIOR_GAP -> AGE_GAP -> ORIGIN_GAP -> GAP -> STATE_AGE_PRIOR -> STATE_AGE -> STATE_PRIOR -> STATE -> AGE_PRIOR -> AGE -> ORIGIN -> GLOBAL,"2026-03-01 through 2026-04-30; no May, simulated, or synthetic rows"
STATE,current_state,Bank Account Selection,,,,,652,active_application_day,134,0.205521472392638,372,280,0.1881720430107527,0.22857142857142856,0.04039938556067588,PASS,proven PL active application-days within observed lifecycle,"P(SEND | active daily decision opportunity, conditioning keys)",STATE_AGE_PRIOR_GAP -> STATE_AGE_GAP -> STATE_PRIOR_GAP -> STATE_GAP -> AGE_PRIOR_GAP -> AGE_GAP -> ORIGIN_GAP -> GAP -> STATE_AGE_PRIOR -> STATE_AGE -> STATE_PRIOR -> STATE -> AGE_PRIOR -> AGE -> ORIGIN -> GLOBAL,"2026-03-01 through 2026-04-30; no May, simulated, or synthetic rows"
STATE,current_state,Bank Approved,,,,,3289,active_application_day,875,0.2660383095165703,958,2331,0.2745302713987474,0.2625482625482625,0.011982008850484893,PASS,proven PL active application-days within observed lifecycle,"P(SEND | active daily decision opportunity, conditioning keys)",STATE_AGE_PRIOR_GAP -> STATE_AGE_GAP -> STATE_PRIOR_GAP -> STATE_GAP -> AGE_PRIOR_GAP -> AGE_GAP -> ORIGIN_GAP -> GAP -> STATE_AGE_PRIOR -> STATE_AGE -> STATE_PRIOR -> STATE -> AGE_PRIOR -> AGE -> ORIGIN -> GLOBAL,"2026-03-01 through 2026-04-30; no May, simulated, or synthetic rows"
STATE,current_state,Connection Error,,,,,1259,active_application_day,248,0.1969817315329626,499,760,0.1402805611222445,0.23421052631578948,0.09392996519354499,PASS,proven PL active application-days within observed lifecycle,"P(SEND | active daily decision opportunity, conditioning keys)",STATE_AGE_PRIOR_GAP -> STATE_AGE_GAP -> STATE_PRIOR_GAP -> STATE_GAP -> AGE_PRIOR_GAP -> AGE_GAP -> ORIGIN_GAP -> GAP -> STATE_AGE_PRIOR -> STATE_AGE -> STATE_PRIOR -> STATE -> AGE_PRIOR -> AGE -> ORIGIN -> GLOBAL,"2026-03-01 through 2026-04-30; no May, simulated, or synthetic rows"
STATE,current_state,Disb,,,,,17224,active_application_day,4125,0.2394914073385973,6663,10561,0.26174395917754767,0.22545213521446833,0.03629182396307934,PASS,proven PL active application-days within observed lifecycle,"P(SEND | active daily decision opportunity, conditioning keys)",STATE_AGE_PRIOR_GAP -> STATE_AGE_GAP -> STATE_PRIOR_GAP -> STATE_GAP -> AGE_PRIOR_GAP -> AGE_GAP -> ORIGIN_GAP -> GAP -> STATE_AGE_PRIOR -> STATE_AGE -> STATE_PRIOR -> STATE -> AGE_PRIOR -> AGE -> ORIGIN -> GLOBAL,"2026-03-01 through 2026-04-30; no May, simulated, or synthetic rows"
STATE,current_state,Form filled,,,,,2602,active_application_day,485,0.1863950807071483,1607,995,0.18855009334163036,0.1829145728643216,0.005635520477308753,PASS,proven PL active application-days within observed lifecycle,"P(SEND | active daily decision opportunity, conditioning keys)",STATE_AGE_PRIOR_GAP -> STATE_AGE_GAP -> STATE_PRIOR_GAP -> STATE_GAP -> AGE_PRIOR_GAP -> AGE_GAP -> ORIGIN_GAP -> GAP -> STATE_AGE_PRIOR -> STATE_AGE -> STATE_PRIOR -> STATE -> AGE_PRIOR -> AGE -> ORIGIN -> GLOBAL,"2026-03-01 through 2026-04-30; no May, simulated, or synthetic rows"
STATE,current_state,Form filled-Rejected,,,,,12741,active_application_day,3104,0.2436229495330037,6702,6039,0.2348552670844524,0.2533532041728763,0.018497937088423927,PASS,proven PL active application-days within observed lifecycle,"P(SEND | active daily decision opportunity, conditioning keys)",STATE_AGE_PRIOR_GAP -> STATE_AGE_GAP -> STATE_PRIOR_GAP -> STATE_GAP -> AGE_PRIOR_GAP -> AGE_GAP -> ORIGIN_GAP -> GAP -> STATE_AGE_PRIOR -> STATE_AGE -> STATE_PRIOR -> STATE -> AGE_PRIOR -> AGE -> ORIGIN -> GLOBAL,"2026-03-01 through 2026-04-30; no May, simulated, or synthetic rows"
STATE,current_state,Journey Close,,,,,5958,active_application_day,1322,0.2218865391070829,2474,3484,0.22029102667744543,0.2230195177956372,0.0027284911181917615,PASS,proven PL active application-days within observed lifecycle,"P(SEND | active daily decision opportunity, conditioning keys)",STATE_AGE_PRIOR_GAP -> STATE_AGE_GAP -> STATE_PRIOR_GAP -> STATE_GAP -> AGE_PRIOR_GAP -> AGE_GAP -> ORIGIN_GAP -> GAP -> STATE_AGE_PRIOR -> STATE_AGE -> STATE_PRIOR -> STATE -> AGE_PRIOR -> AGE -> ORIGIN -> GLOBAL,"2026-03-01 through 2026-04-30; no May, simulated, or synthetic rows"
STATE,current_state,Post AIP Reject,,,,,1202,active_application_day,270,0.2246256239600665,675,527,0.21037037037037037,0.2428842504743833,0.03251388010401293,PASS,proven PL active application-days within observed lifecycle,"P(SEND | active daily decision opportunity, conditioning keys)",STATE_AGE_PRIOR_GAP -> STATE_AGE_GAP -> STATE_PRIOR_GAP -> STATE_GAP -> AGE_PRIOR_GAP -> AGE_GAP -> ORIGIN_GAP -> GAP -> STATE_AGE_PRIOR -> STATE_AGE -> STATE_PRIOR -> STATE -> AGE_PRIOR -> AGE -> ORIGIN -> GLOBAL,"2026-03-01 through 2026-04-30; no May, simulated, or synthetic rows"
STATE,current_state,Product Selection,,,,,1092,active_application_day,317,0.2902930402930403,327,765,0.29357798165137616,0.28888888888888886,0.004689092762487301,PASS,proven PL active application-days within observed lifecycle,"P(SEND | active daily decision opportunity, conditioning keys)",STATE_AGE_PRIOR_GAP -> STATE_AGE_GAP -> STATE_PRIOR_GAP -> STATE_GAP -> AGE_PRIOR_GAP -> AGE_GAP -> ORIGIN_GAP -> GAP -> STATE_AGE_PRIOR -> STATE_AGE -> STATE_PRIOR -> STATE -> AGE_PRIOR -> AGE -> ORIGIN -> GLOBAL,"2026-03-01 through 2026-04-30; no May, simulated, or synthetic rows"
STATE,current_state,Professional details,,,,,121420,active_application_day,20485,0.1687119090759347,57333,64087,0.17874522526293757,0.15973598389689017,0.019009241366047397,PASS,proven PL active application-days within observed lifecycle,"P(SEND | active daily decision opportunity, conditioning keys)",STATE_AGE_PRIOR_GAP -> STATE_AGE_GAP -> STATE_PRIOR_GAP -> STATE_GAP -> AGE_PRIOR_GAP -> AGE_GAP -> ORIGIN_GAP -> GAP -> STATE_AGE_PRIOR -> STATE_AGE -> STATE_PRIOR -> STATE -> AGE_PRIOR -> AGE -> ORIGIN -> GLOBAL,"2026-03-01 through 2026-04-30; no May, simulated, or synthetic rows"
STATE,current_state,Quick Action,,,,,1033,active_application_day,52,0.0503388189738625,556,477,0.0539568345323741,0.04612159329140461,0.007835241240969487,PASS,proven PL active application-days within observed lifecycle,"P(SEND | active daily decision opportunity, conditioning keys)",STATE_AGE_PRIOR_GAP -> STATE_AGE_GAP -> STATE_PRIOR_GAP -> STATE_GAP -> AGE_PRIOR_GAP -> AGE_GAP -> ORIGIN_GAP -> GAP -> STATE_AGE_PRIOR -> STATE_AGE -> STATE_PRIOR -> STATE -> AGE_PRIOR -> AGE -> ORIGIN -> GLOBAL,"2026-03-01 through 2026-04-30; no May, simulated, or synthetic rows"
STATE,current_state,listing,,,,,525760,active_application_day,108151,0.2057041235544735,267712,258048,0.18783991752330864,0.2242373511904762,0.03639743366716755,PASS,proven PL active application-days within observed lifecycle,"P(SEND | active daily decision opportunity, conditioning keys)",STATE_AGE_PRIOR_GAP -> STATE_AGE_GAP -> STATE_PRIOR_GAP -> STATE_GAP -> AGE_PRIOR_GAP -> AGE_GAP -> ORIGIN_GAP -> GAP -> STATE_AGE_PRIOR -> STATE_AGE -> STATE_PRIOR -> STATE -> AGE_PRIOR -> AGE -> ORIGIN -> GLOBAL,"2026-03-01 through 2026-04-30; no May, simulated, or synthetic rows"
STATE_AGE,current_state+age_bucket,AIP Approved,14D_21D,,,,2727,active_application_day,574,0.2104877154382105,1203,1524,0.21529509559434745,0.20669291338582677,0.008602182208520687,PASS,proven PL active application-days within observed lifecycle,"P(SEND | active daily decision opportunity, conditioning keys)",STATE_AGE_PRIOR_GAP -> STATE_AGE_GAP -> STATE_PRIOR_GAP -> STATE_GAP -> AGE_PRIOR_GAP -> AGE_GAP -> ORIGIN_GAP -> GAP -> STATE_AGE_PRIOR -> STATE_AGE -> STATE_PRIOR -> STATE -> AGE_PRIOR -> AGE -> ORIGIN -> GLOBAL,"2026-03-01 through 2026-04-30; no May, simulated, or synthetic rows"
STATE_AGE,current_state+age_bucket,AIP Approved,1D_3D,,,,523,active_application_day,173,0.3307839388145315,185,338,0.32972972972972975,0.33136094674556216,0.001631217015832409,PASS,proven PL active application-days within observed lifecycle,"P(SEND | active daily decision opportunity, conditioning keys)",STATE_AGE_PRIOR_GAP -> STATE_AGE_GAP -> STATE_PRIOR_GAP -> STATE_GAP -> AGE_PRIOR_GAP -> AGE_GAP -> ORIGIN_GAP -> GAP -> STATE_AGE_PRIOR -> STATE_AGE -> STATE_PRIOR -> STATE -> AGE_PRIOR -> AGE -> ORIGIN -> GLOBAL,"2026-03-01 through 2026-04-30; no May, simulated, or synthetic rows"
STATE_AGE,current_state+age_bucket,AIP Approved,21D_30D,,,,2901,active_application_day,590,0.2033781454670803,818,2083,0.16992665036674817,0.21651464234277484,0.04658799197602667,PASS,proven PL active application-days within observed lifecycle,"P(SEND | active daily decision opportunity, conditioning keys)",STATE_AGE_PRIOR_GAP -> STATE_AGE_GAP -> STATE_PRIOR_GAP -> STATE_GAP -> AGE_PRIOR_GAP -> AGE_GAP -> ORIGIN_GAP -> GAP -> STATE_AGE_PRIOR -> STATE_AGE -> STATE_PRIOR -> STATE -> AGE_PRIOR -> AGE -> ORIGIN -> GLOBAL,"2026-03-01 through 2026-04-30; no May, simulated, or synthetic rows"
STATE_AGE,current_state+age_bucket,AIP Approved,3D_7D,,,,1243,active_application_day,296,0.2381335478680611,490,753,0.20408163265306123,0.2602921646746348,0.056210532021573556,PASS,proven PL active application-days within observed lifecycle,"P(SEND | active daily decision opportunity, conditioning keys)",STATE_AGE_PRIOR_GAP -> STATE_AGE_GAP -> STATE_PRIOR_GAP -> STATE_GAP -> AGE_PRIOR_GAP -> AGE_GAP -> ORIGIN_GAP -> GAP -> STATE_AGE_PRIOR -> STATE_AGE -> STATE_PRIOR -> STATE -> AGE_PRIOR -> AGE -> ORIGIN -> GLOBAL,"2026-03-01 through 2026-04-30; no May, simulated, or synthetic rows"
STATE_AGE,current_state+age_bucket,AIP Approved,7D_14D,,,,2617,active_application_day,566,0.2162781811234237,1047,1570,0.23304680038204392,0.2050955414012739,0.027951258980770027,PASS,proven PL active application-days within observed lifecycle,"P(SEND | active daily decision opportunity, conditioning keys)",STATE_AGE_PRIOR_GAP -> STATE_AGE_GAP -> STATE_PRIOR_GAP -> STATE_GAP -> AGE_PRIOR_GAP -> AGE_GAP -> ORIGIN_GAP -> GAP -> STATE_AGE_PRIOR -> STATE_AGE -> STATE_PRIOR -> STATE -> AGE_PRIOR -> AGE -> ORIGIN -> GLOBAL,"2026-03-01 through 2026-04-30; no May, simulated, or synthetic rows"
STATE_AGE,current_state+age_bucket,Application Created,LT_1D,,,,81456,active_application_day,19316,0.2371341583186014,44136,37320,0.22022838499184338,0.25712754555198286,0.03689916056013948,PASS,proven PL active application-days within observed lifecycle,"P(SEND | active daily decision opportunity, conditioning keys)",STATE_AGE_PRIOR_GAP -> STATE_AGE_GAP -> STATE_PRIOR_GAP -> STATE_GAP -> AGE_PRIOR_GAP -> AGE_GAP -> ORIGIN_GAP -> GAP -> STATE_AGE_PRIOR -> STATE_AGE -> STATE_PRIOR -> STATE -> AGE_PRIOR -> AGE -> ORIGIN -> GLOBAL,"2026-03-01 through 2026-04-30; no May, simulated, or synthetic rows"
STATE_AGE,current_state+age_bucket,Application OTP Verification,14D_21D,,,,781,active_application_day,196,0.2509603072983354,296,485,0.2533783783783784,0.24948453608247423,0.0038938422959041707,PASS,proven PL active application-days within observed lifecycle,"P(SEND | active daily decision opportunity, conditioning keys)",STATE_AGE_PRIOR_GAP -> STATE_AGE_GAP -> STATE_PRIOR_GAP -> STATE_GAP -> AGE_PRIOR_GAP -> AGE_GAP -> ORIGIN_GAP -> GAP -> STATE_AGE_PRIOR -> STATE_AGE -> STATE_PRIOR -> STATE -> AGE_PRIOR -> AGE -> ORIGIN -> GLOBAL,"2026-03-01 through 2026-04-30; no May, simulated, or synthetic rows"
STATE_AGE,current_state+age_bucket,Application OTP Verification,21D_30D,,,,769,active_application_day,190,0.247074122236671,154,615,0.2662337662337662,0.24227642276422764,0.023957343469538567,PASS,proven PL active application-days within observed lifecycle,"P(SEND | active daily decision opportunity, conditioning keys)",STATE_AGE_PRIOR_GAP -> STATE_AGE_GAP -> STATE_PRIOR_GAP -> STATE_GAP -> AGE_PRIOR_GAP -> AGE_GAP -> ORIGIN_GAP -> GAP -> STATE_AGE_PRIOR -> STATE_AGE -> STATE_PRIOR -> STATE -> AGE_PRIOR -> AGE -> ORIGIN -> GLOBAL,"2026-03-01 through 2026-04-30; no May, simulated, or synthetic rows"
STATE_AGE,current_state+age_bucket,Application OTP Verification,7D_14D,,,,877,active_application_day,176,0.2006841505131129,280,597,0.21071428571428572,0.19597989949748743,0.01473438621679829,PASS,proven PL active application-days within observed lifecycle,"P(SEND | active daily decision opportunity, conditioning keys)",STATE_AGE_PRIOR_GAP -> STATE_AGE_GAP -> STATE_PRIOR_GAP -> STATE_GAP -> AGE_PRIOR_GAP -> AGE_GAP -> ORIGIN_GAP -> GAP -> STATE_AGE_PRIOR -> STATE_AGE -> STATE_PRIOR -> STATE -> AGE_PRIOR -> AGE -> ORIGIN -> GLOBAL,"2026-03-01 through 2026-04-30; no May, simulated, or synthetic rows"
STATE_AGE,current_state+age_bucket,Application Resume,14D_21D,,,,1247,active_application_day,240,0.1924619085805934,571,676,0.18038528896672504,0.20266272189349113,0.022277432926766094,PASS,proven PL active application-days within observed lifecycle,"P(SEND | active daily decision opportunity, conditioning keys)",STATE_AGE_PRIOR_GAP -> STATE_AGE_GAP -> STATE_PRIOR_GAP -> STATE_GAP -> AGE_PRIOR_GAP -> AGE_GAP -> ORIGIN_GAP -> GAP -> STATE_AGE_PRIOR -> STATE_AGE -> STATE_PRIOR -> STATE -> AGE_PRIOR -> AGE -> ORIGIN -> GLOBAL,"2026-03-01 through 2026-04-30; no May, simulated, or synthetic rows"
STATE_AGE,current_state+age_bucket,Application Resume,21D_30D,,,,1410,active_application_day,255,0.1808510638297872,296,1114,0.16891891891891891,0.18402154398563733,0.015102625066718417,PASS,proven PL active application-days within observed lifecycle,"P(SEND | active daily decision opportunity, conditioning keys)",STATE_AGE_PRIOR_GAP -> STATE_AGE_GAP -> STATE_PRIOR_GAP -> STATE_GAP -> AGE_PRIOR_GAP -> AGE_GAP -> ORIGIN_GAP -> GAP -> STATE_AGE_PRIOR -> STATE_AGE -> STATE_PRIOR -> STATE -> AGE_PRIOR -> AGE -> ORIGIN -> GLOBAL,"2026-03-01 through 2026-04-30; no May, simulated, or synthetic rows"
STATE_AGE,current_state+age_bucket,Application Resume,3D_7D,,,,552,active_application_day,154,0.2789855072463768,285,267,0.24561403508771928,0.3146067415730337,0.06899270648531441,PASS,proven PL active application-days within observed lifecycle,"P(SEND | active daily decision opportunity, conditioning keys)",STATE_AGE_PRIOR_GAP -> STATE_AGE_GAP -> STATE_PRIOR_GAP -> STATE_GAP -> AGE_PRIOR_GAP -> AGE_GAP -> ORIGIN_GAP -> GAP -> STATE_AGE_PRIOR -> STATE_AGE -> STATE_PRIOR -> STATE -> AGE_PRIOR -> AGE -> ORIGIN -> GLOBAL,"2026-03-01 through 2026-04-30; no May, simulated, or synthetic rows"
STATE_AGE,current_state+age_bucket,Application Resume,7D_14D,,,,1134,active_application_day,251,0.2213403880070546,560,574,0.19464285714285715,0.24738675958188153,0.05274390243902438,PASS,proven PL active application-days within observed lifecycle,"P(SEND | active daily decision opportunity, conditioning keys)",STATE_AGE_PRIOR_GAP -> STATE_AGE_GAP -> STATE_PRIOR_GAP -> STATE_GAP -> AGE_PRIOR_GAP -> AGE_GAP -> ORIGIN_GAP -> GAP -> STATE_AGE_PRIOR -> STATE_AGE -> STATE_PRIOR -> STATE -> AGE_PRIOR -> AGE -> ORIGIN -> GLOBAL,"2026-03-01 through 2026-04-30; no May, simulated, or synthetic rows"
STATE_AGE,current_state+age_bucket,Application created/Login,14D_21D,,,,22096,active_application_day,4158,0.1881788559015206,10896,11200,0.16272026431718062,0.21294642857142856,0.050226164254247946,PASS,proven PL active application-days within observed lifecycle,"P(SEND | active daily decision opportunity, conditioning keys)",STATE_AGE_PRIOR_GAP -> STATE_AGE_GAP -> STATE_PRIOR_GAP -> STATE_GAP -> AGE_PRIOR_GAP -> AGE_GAP -> ORIGIN_GAP -> GAP -> STATE_AGE_PRIOR -> STATE_AGE -> STATE_PRIOR -> STATE -> AGE_PRIOR -> AGE -> ORIGIN -> GLOBAL,"2026-03-01 through 2026-04-30; no May, simulated, or synthetic rows"
STATE_AGE,current_state+age_bucket,Application created/Login,1D_3D,,,,6600,active_application_day,1513,0.2292424242424242,3315,3285,0.23197586726998493,0.2264840182648402,0.005491849005144739,PASS,proven PL active application-days within observed lifecycle,"P(SEND | active daily decision opportunity, conditioning keys)",STATE_AGE_PRIOR_GAP -> STATE_AGE_GAP -> STATE_PRIOR_GAP -> STATE_GAP -> AGE_PRIOR_GAP -> AGE_GAP -> ORIGIN_GAP -> GAP -> STATE_AGE_PRIOR -> STATE_AGE -> STATE_PRIOR -> STATE -> AGE_PRIOR -> AGE -> ORIGIN -> GLOBAL,"2026-03-01 through 2026-04-30; no May, simulated, or synthetic rows"
STATE_AGE,current_state+age_bucket,Application created/Login,21D_30D,,,,22030,active_application_day,3631,0.1648206990467544,5322,16708,0.19579105599398722,0.1549557098395978,0.04083534615438941,PASS,proven PL active application-days within observed lifecycle,"P(SEND | active daily decision opportunity, conditioning keys)",STATE_AGE_PRIOR_GAP -> STATE_AGE_GAP -> STATE_PRIOR_GAP -> STATE_GAP -> AGE_PRIOR_GAP -> AGE_GAP -> ORIGIN_GAP -> GAP -> STATE_AGE_PRIOR -> STATE_AGE -> STATE_PRIOR -> STATE -> AGE_PRIOR -> AGE -> ORIGIN -> GLOBAL,"2026-03-01 through 2026-04-30; no May, simulated, or synthetic rows"
STATE_AGE,current_state+age_bucket,Application created/Login,3D_7D,,,,13200,active_application_day,3311,0.2508333333333333,6599,6601,0.23048946810122745,0.2711710346917134,0.04068156659048594,PASS,proven PL active application-days within observed lifecycle,"P(SEND | active daily decision opportunity, conditioning keys)",STATE_AGE_PRIOR_GAP -> STATE_AGE_GAP -> STATE_PRIOR_GAP -> STATE_GAP -> AGE_PRIOR_GAP -> AGE_GAP -> ORIGIN_GAP -> GAP -> STATE_AGE_PRIOR -> STATE_AGE -> STATE_PRIOR -> STATE -> AGE_PRIOR -> AGE -> ORIGIN -> GLOBAL,"2026-03-01 through 2026-04-30; no May, simulated, or synthetic rows"
STATE_AGE,current_state+age_bucket,Application created/Login,7D_14D,,,,22916,active_application_day,5227,0.2280939081864199,11508,11408,0.21428571428571427,0.24202314165497896,0.027737427369264683,PASS,proven PL active application-days within observed lifecycle,"P(SEND | active daily decision opportunity, conditioning keys)",STATE_AGE_PRIOR_GAP -> STATE_AGE_GAP -> STATE_PRIOR_GAP -> STATE_GAP -> AGE_PRIOR_GAP -> AGE_GAP -> ORIGIN_GAP -> GAP -> STATE_AGE_PRIOR -> STATE_AGE -> STATE_PRIOR -> STATE -> AGE_PRIOR -> AGE -> ORIGIN -> GLOBAL,"2026-03-01 through 2026-04-30; no May, simulated, or synthetic rows"
STATE_AGE,current_state+age_bucket,Bank Approved,14D_21D,,,,729,active_application_day,180,0.2469135802469135,230,499,0.21739130434782608,0.2605210420841683,0.04312973773634224,PASS,proven PL active application-days within observed lifecycle,"P(SEND | active daily decision opportunity, conditioning keys)",STATE_AGE_PRIOR_GAP -> STATE_AGE_GAP -> STATE_PRIOR_GAP -> STATE_GAP -> AGE_PRIOR_GAP -> AGE_GAP -> ORIGIN_GAP -> GAP -> STATE_AGE_PRIOR -> STATE_AGE -> STATE_PRIOR -> STATE -> AGE_PRIOR -> AGE -> ORIGIN -> GLOBAL,"2026-03-01 through 2026-04-30; no May, simulated, or synthetic rows"
STATE_AGE,current_state+age_bucket,Bank Approved,21D_30D,,,,657,active_application_day,171,0.2602739726027397,147,510,0.2585034013605442,0.2607843137254902,0.002280912364945986,PASS,proven PL active application-days within observed lifecycle,"P(SEND | active daily decision opportunity, conditioning keys)",STATE_AGE_PRIOR_GAP -> STATE_AGE_GAP -> STATE_PRIOR_GAP -> STATE_GAP -> AGE_PRIOR_GAP -> AGE_GAP -> ORIGIN_GAP -> GAP -> STATE_AGE_PRIOR -> STATE_AGE -> STATE_PRIOR -> STATE -> AGE_PRIOR -> AGE -> ORIGIN -> GLOBAL,"2026-03-01 through 2026-04-30; no May, simulated, or synthetic rows"
STATE_AGE,current_state+age_bucket,Bank Approved,3D_7D,,,,562,active_application_day,142,0.2526690391459075,185,377,0.2918918918918919,0.23342175066312998,0.05847014122876193,PASS,proven PL active application-days within observed lifecycle,"P(SEND | active daily decision opportunity, conditioning keys)",STATE_AGE_PRIOR_GAP -> STATE_AGE_GAP -> STATE_PRIOR_GAP -> STATE_GAP -> AGE_PRIOR_GAP -> AGE_GAP -> ORIGIN_GAP -> GAP -> STATE_AGE_PRIOR -> STATE_AGE -> STATE_PRIOR -> STATE -> AGE_PRIOR -> AGE -> ORIGIN -> GLOBAL,"2026-03-01 through 2026-04-30; no May, simulated, or synthetic rows"
STATE_AGE,current_state+age_bucket,Bank Approved,7D_14D,,,,947,active_application_day,206,0.2175290390707497,271,676,0.24723247232472326,0.20562130177514792,0.04161117054957533,PASS,proven PL active application-days within observed lifecycle,"P(SEND | active daily decision opportunity, conditioning keys)",STATE_AGE_PRIOR_GAP -> STATE_AGE_GAP -> STATE_PRIOR_GAP -> STATE_GAP -> AGE_PRIOR_GAP -> AGE_GAP -> ORIGIN_GAP -> GAP -> STATE_AGE_PRIOR -> STATE_AGE -> STATE_PRIOR -> STATE -> AGE_PRIOR -> AGE -> ORIGIN -> GLOBAL,"2026-03-01 through 2026-04-30; no May, simulated, or synthetic rows"
STATE_AGE,current_state+age_bucket,Disb,14D_21D,,,,3841,active_application_day,750,0.1952616506118198,1305,2536,0.1854406130268199,0.20031545741324921,0.014874844386429303,PASS,proven PL active application-days within observed lifecycle,"P(SEND | active daily decision opportunity, conditioning keys)",STATE_AGE_PRIOR_GAP -> STATE_AGE_GAP -> STATE_PRIOR_GAP -> STATE_GAP -> AGE_PRIOR_GAP -> AGE_GAP -> ORIGIN_GAP -> GAP -> STATE_AGE_PRIOR -> STATE_AGE -> STATE_PRIOR -> STATE -> AGE_PRIOR -> AGE -> ORIGIN -> GLOBAL,"2026-03-01 through 2026-04-30; no May, simulated, or synthetic rows"
STATE_AGE,current_state+age_bucket,Disb,1D_3D,,,,1445,active_application_day,510,0.3529411764705882,833,612,0.36014405762304924,0.3431372549019608,0.017006802721088454,PASS,proven PL active application-days within observed lifecycle,"P(SEND | active daily decision opportunity, conditioning keys)",STATE_AGE_PRIOR_GAP -> STATE_AGE_GAP -> STATE_PRIOR_GAP -> STATE_GAP -> AGE_PRIOR_GAP -> AGE_GAP -> ORIGIN_GAP -> GAP -> STATE_AGE_PRIOR -> STATE_AGE -> STATE_PRIOR -> STATE -> AGE_PRIOR -> AGE -> ORIGIN -> GLOBAL,"2026-03-01 through 2026-04-30; no May, simulated, or synthetic rows"
STATE_AGE,current_state+age_bucket,Disb,21D_30D,,,,3868,active_application_day,697,0.1801964839710444,568,3300,0.22359154929577466,0.17272727272727273,0.050864276568501926,PASS,proven PL active application-days within observed lifecycle,"P(SEND | active daily decision opportunity, conditioning keys)",STATE_AGE_PRIOR_GAP -> STATE_AGE_GAP -> STATE_PRIOR_GAP -> STATE_GAP -> AGE_PRIOR_GAP -> AGE_GAP -> ORIGIN_GAP -> GAP -> STATE_AGE_PRIOR -> STATE_AGE -> STATE_PRIOR -> STATE -> AGE_PRIOR -> AGE -> ORIGIN -> GLOBAL,"2026-03-01 through 2026-04-30; no May, simulated, or synthetic rows"
STATE_AGE,current_state+age_bucket,Disb,3D_7D,,,,2773,active_application_day,830,0.2993148214929679,1491,1282,0.2964453386988598,0.30265210608424337,0.00620676738538356,PASS,proven PL active application-days within observed lifecycle,"P(SEND | active daily decision opportunity, conditioning keys)",STATE_AGE_PRIOR_GAP -> STATE_AGE_GAP -> STATE_PRIOR_GAP -> STATE_GAP -> AGE_PRIOR_GAP -> AGE_GAP -> ORIGIN_GAP -> GAP -> STATE_AGE_PRIOR -> STATE_AGE -> STATE_PRIOR -> STATE -> AGE_PRIOR -> AGE -> ORIGIN -> GLOBAL,"2026-03-01 through 2026-04-30; no May, simulated, or synthetic rows"
STATE_AGE,current_state+age_bucket,Disb,7D_14D,,,,4547,active_application_day,1026,0.2256432812843633,2024,2523,0.22529644268774704,0.2259215219976219,0.0006250793098748486,PASS,proven PL active application-days within observed lifecycle,"P(SEND | active daily decision opportunity, conditioning keys)",STATE_AGE_PRIOR_GAP -> STATE_AGE_GAP -> STATE_PRIOR_GAP -> STATE_GAP -> AGE_PRIOR_GAP -> AGE_GAP -> ORIGIN_GAP -> GAP -> STATE_AGE_PRIOR -> STATE_AGE -> STATE_PRIOR -> STATE -> AGE_PRIOR -> AGE -> ORIGIN -> GLOBAL,"2026-03-01 through 2026-04-30; no May, simulated, or synthetic rows"
STATE_AGE,current_state+age_bucket,Disb,LT_1D,,,,750,active_application_day,312,0.416,442,308,0.4004524886877828,0.4383116883116883,0.03785919962390549,PASS,proven PL active application-days within observed lifecycle,"P(SEND | active daily decision opportunity, conditioning keys)",STATE_AGE_PRIOR_GAP -> STATE_AGE_GAP -> STATE_PRIOR_GAP -> STATE_GAP -> AGE_PRIOR_GAP -> AGE_GAP -> ORIGIN_GAP -> GAP -> STATE_AGE_PRIOR -> STATE_AGE -> STATE_PRIOR -> STATE -> AGE_PRIOR -> AGE -> ORIGIN -> GLOBAL,"2026-03-01 through 2026-04-30; no May, simulated, or synthetic rows"
STATE_AGE,current_state+age_bucket,Form filled,14D_21D,,,,591,active_application_day,102,0.1725888324873096,453,138,0.18101545253863136,0.14492753623188406,0.03608791630674729,PASS,proven PL active application-days within observed lifecycle,"P(SEND | active daily decision opportunity, conditioning keys)",STATE_AGE_PRIOR_GAP -> STATE_AGE_GAP -> STATE_PRIOR_GAP -> STATE_GAP -> AGE_PRIOR_GAP -> AGE_GAP -> ORIGIN_GAP -> GAP -> STATE_AGE_PRIOR -> STATE_AGE -> STATE_PRIOR -> STATE -> AGE_PRIOR -> AGE -> ORIGIN -> GLOBAL,"2026-03-01 through 2026-04-30; no May, simulated, or synthetic rows"
STATE_AGE,current_state+age_bucket,Form filled,21D_30D,,,,693,active_application_day,115,0.1659451659451659,143,550,0.17482517482517482,0.16363636363636364,0.011188811188811182,PASS,proven PL active application-days within observed lifecycle,"P(SEND | active daily decision opportunity, conditioning keys)",STATE_AGE_PRIOR_GAP -> STATE_AGE_GAP -> STATE_PRIOR_GAP -> STATE_GAP -> AGE_PRIOR_GAP -> AGE_GAP -> ORIGIN_GAP -> GAP -> STATE_AGE_PRIOR -> STATE_AGE -> STATE_PRIOR -> STATE -> AGE_PRIOR -> AGE -> ORIGIN -> GLOBAL,"2026-03-01 through 2026-04-30; no May, simulated, or synthetic rows"
STATE_AGE,current_state+age_bucket,Form filled,7D_14D,,,,653,active_application_day,142,0.2174578866768759,500,153,0.218,0.21568627450980393,0.002313725490196067,PASS,proven PL active application-days within observed lifecycle,"P(SEND | active daily decision opportunity, conditioning keys)",STATE_AGE_PRIOR_GAP -> STATE_AGE_GAP -> STATE_PRIOR_GAP -> STATE_GAP -> AGE_PRIOR_GAP -> AGE_GAP -> ORIGIN_GAP -> GAP -> STATE_AGE_PRIOR -> STATE_AGE -> STATE_PRIOR -> STATE -> AGE_PRIOR -> AGE -> ORIGIN -> GLOBAL,"2026-03-01 through 2026-04-30; no May, simulated, or synthetic rows"
STATE_AGE,current_state+age_bucket,Form filled-Rejected,14D_21D,,,,3008,active_application_day,636,0.2114361702127659,1802,1206,0.21309655937846836,0.208955223880597,0.004141335497871351,PASS,proven PL active application-days within observed lifecycle,"P(SEND | active daily decision opportunity, conditioning keys)",STATE_AGE_PRIOR_GAP -> STATE_AGE_GAP -> STATE_PRIOR_GAP -> STATE_GAP -> AGE_PRIOR_GAP -> AGE_GAP -> ORIGIN_GAP -> GAP -> STATE_AGE_PRIOR -> STATE_AGE -> STATE_PRIOR -> STATE -> AGE_PRIOR -> AGE -> ORIGIN -> GLOBAL,"2026-03-01 through 2026-04-30; no May, simulated, or synthetic rows"
STATE_AGE,current_state+age_bucket,Form filled-Rejected,21D_30D,,,,3155,active_application_day,747,0.2367670364500792,967,2188,0.26163391933815927,0.22577696526508226,0.03585695407307701,PASS,proven PL active application-days within observed lifecycle,"P(SEND | active daily decision opportunity, conditioning keys)",STATE_AGE_PRIOR_GAP -> STATE_AGE_GAP -> STATE_PRIOR_GAP -> STATE_GAP -> AGE_PRIOR_GAP -> AGE_GAP -> ORIGIN_GAP -> GAP -> STATE_AGE_PRIOR -> STATE_AGE -> STATE_PRIOR -> STATE -> AGE_PRIOR -> AGE -> ORIGIN -> GLOBAL,"2026-03-01 through 2026-04-30; no May, simulated, or synthetic rows"
STATE_AGE,current_state+age_bucket,Form filled-Rejected,7D_14D,,,,3196,active_application_day,777,0.2431163954943679,1911,1285,0.2422815279958137,0.2443579766536965,0.0020764486578827845,PASS,proven PL active application-days within observed lifecycle,"P(SEND | active daily decision opportunity, conditioning keys)",STATE_AGE_PRIOR_GAP -> STATE_AGE_GAP -> STATE_PRIOR_GAP -> STATE_GAP -> AGE_PRIOR_GAP -> AGE_GAP -> ORIGIN_GAP -> GAP -> STATE_AGE_PRIOR -> STATE_AGE -> STATE_PRIOR -> STATE -> AGE_PRIOR -> AGE -> ORIGIN -> GLOBAL,"2026-03-01 through 2026-04-30; no May, simulated, or synthetic rows"
STATE_AGE,current_state+age_bucket,Journey Close,14D_21D,,,,1585,active_application_day,322,0.2031545741324921,705,880,0.22127659574468084,0.18863636363636363,0.03264023210831721,PASS,proven PL active application-days within observed lifecycle,"P(SEND | active daily decision opportunity, conditioning keys)",STATE_AGE_PRIOR_GAP -> STATE_AGE_GAP -> STATE_PRIOR_GAP -> STATE_GAP -> AGE_PRIOR_GAP -> AGE_GAP -> ORIGIN_GAP -> GAP -> STATE_AGE_PRIOR -> STATE_AGE -> STATE_PRIOR -> STATE -> AGE_PRIOR -> AGE -> ORIGIN -> GLOBAL,"2026-03-01 through 2026-04-30; no May, simulated, or synthetic rows"
STATE_AGE,current_state+age_bucket,Journey Close,21D_30D,,,,1674,active_application_day,339,0.2025089605734767,493,1181,0.20892494929006086,0.19983065198983913,0.009094297300221738,PASS,proven PL active application-days within observed lifecycle,"P(SEND | active daily decision opportunity, conditioning keys)",STATE_AGE_PRIOR_GAP -> STATE_AGE_GAP -> STATE_PRIOR_GAP -> STATE_GAP -> AGE_PRIOR_GAP -> AGE_GAP -> ORIGIN_GAP -> GAP -> STATE_AGE_PRIOR -> STATE_AGE -> STATE_PRIOR -> STATE -> AGE_PRIOR -> AGE -> ORIGIN -> GLOBAL,"2026-03-01 through 2026-04-30; no May, simulated, or synthetic rows"
STATE_AGE,current_state+age_bucket,Journey Close,7D_14D,,,,1514,active_application_day,337,0.2225891677675033,701,813,0.2225392296718973,0.22263222632226323,9.299665036593963e-05,PASS,proven PL active application-days within observed lifecycle,"P(SEND | active daily decision opportunity, conditioning keys)",STATE_AGE_PRIOR_GAP -> STATE_AGE_GAP -> STATE_PRIOR_GAP -> STATE_GAP -> AGE_PRIOR_GAP -> AGE_GAP -> ORIGIN_GAP -> GAP -> STATE_AGE_PRIOR -> STATE_AGE -> STATE_PRIOR -> STATE -> AGE_PRIOR -> AGE -> ORIGIN -> GLOBAL,"2026-03-01 through 2026-04-30; no May, simulated, or synthetic rows"
STATE_AGE,current_state+age_bucket,Professional details,14D_21D,,,,29350,active_application_day,4335,0.1477001703577512,15639,13711,0.13594219579256986,0.16111151630078038,0.025169320508210524,PASS,proven PL active application-days within observed lifecycle,"P(SEND | active daily decision opportunity, conditioning keys)",STATE_AGE_PRIOR_GAP -> STATE_AGE_GAP -> STATE_PRIOR_GAP -> STATE_GAP -> AGE_PRIOR_GAP -> AGE_GAP -> ORIGIN_GAP -> GAP -> STATE_AGE_PRIOR -> STATE_AGE -> STATE_PRIOR -> STATE -> AGE_PRIOR -> AGE -> ORIGIN -> GLOBAL,"2026-03-01 through 2026-04-30; no May, simulated, or synthetic rows"
STATE_AGE,current_state+age_bucket,Professional details,1D_3D,,,,8745,active_application_day,1708,0.1953116066323613,4825,3920,0.21658031088082902,0.1691326530612245,0.04744765781960453,PASS,proven PL active application-days within observed lifecycle,"P(SEND | active daily decision opportunity, conditioning keys)",STATE_AGE_PRIOR_GAP -> STATE_AGE_GAP -> STATE_PRIOR_GAP -> STATE_GAP -> AGE_PRIOR_GAP -> AGE_GAP -> ORIGIN_GAP -> GAP -> STATE_AGE_PRIOR -> STATE_AGE -> STATE_PRIOR -> STATE -> AGE_PRIOR -> AGE -> ORIGIN -> GLOBAL,"2026-03-01 through 2026-04-30; no May, simulated, or synthetic rows"
STATE_AGE,current_state+age_bucket,Professional details,21D_30D,,,,31359,active_application_day,4221,0.1346025064574763,8205,23154,0.17720901889092017,0.11950418934093461,0.057704829549985556,PASS,proven PL active application-days within observed lifecycle,"P(SEND | active daily decision opportunity, conditioning keys)",STATE_AGE_PRIOR_GAP -> STATE_AGE_GAP -> STATE_PRIOR_GAP -> STATE_GAP -> AGE_PRIOR_GAP -> AGE_GAP -> ORIGIN_GAP -> GAP -> STATE_AGE_PRIOR -> STATE_AGE -> STATE_PRIOR -> STATE -> AGE_PRIOR -> AGE -> ORIGIN -> GLOBAL,"2026-03-01 through 2026-04-30; no May, simulated, or synthetic rows"
STATE_AGE,current_state+age_bucket,Professional details,3D_7D,,,,17405,active_application_day,3883,0.2230968112611318,9590,7815,0.23086548488008343,0.21356365962891874,0.017301825251164693,PASS,proven PL active application-days within observed lifecycle,"P(SEND | active daily decision opportunity, conditioning keys)",STATE_AGE_PRIOR_GAP -> STATE_AGE_GAP -> STATE_PRIOR_GAP -> STATE_GAP -> AGE_PRIOR_GAP -> AGE_GAP -> ORIGIN_GAP -> GAP -> STATE_AGE_PRIOR -> STATE_AGE -> STATE_PRIOR -> STATE -> AGE_PRIOR -> AGE -> ORIGIN -> GLOBAL,"2026-03-01 through 2026-04-30; no May, simulated, or synthetic rows"
STATE_AGE,current_state+age_bucket,Professional details,7D_14D,,,,30166,active_application_day,5253,0.1741364450043095,16651,13515,0.17698636718515404,0.1706252312245653,0.006361135960588737,PASS,proven PL active application-days within observed lifecycle,"P(SEND | active daily decision opportunity, conditioning keys)",STATE_AGE_PRIOR_GAP -> STATE_AGE_GAP -> STATE_PRIOR_GAP -> STATE_GAP -> AGE_PRIOR_GAP -> AGE_GAP -> ORIGIN_GAP -> GAP -> STATE_AGE_PRIOR -> STATE_AGE -> STATE_PRIOR -> STATE -> AGE_PRIOR -> AGE -> ORIGIN -> GLOBAL,"2026-03-01 through 2026-04-30; no May, simulated, or synthetic rows"
STATE_AGE,current_state+age_bucket,listing,14D_21D,,,,124914,active_application_day,21679,0.1735514033655154,72193,52721,0.16288282797501144,0.18816031562375524,0.025277487648743796,PASS,proven PL active application-days within observed lifecycle,"P(SEND | active daily decision opportunity, conditioning keys)",STATE_AGE_PRIOR_GAP -> STATE_AGE_GAP -> STATE_PRIOR_GAP -> STATE_GAP -> AGE_PRIOR_GAP -> AGE_GAP -> ORIGIN_GAP -> GAP -> STATE_AGE_PRIOR -> STATE_AGE -> STATE_PRIOR -> STATE -> AGE_PRIOR -> AGE -> ORIGIN -> GLOBAL,"2026-03-01 through 2026-04-30; no May, simulated, or synthetic rows"
STATE_AGE,current_state+age_bucket,listing,1D_3D,,,,38534,active_application_day,9338,0.2423314475528105,21331,17203,0.2009751066522901,0.29361157937569027,0.09263647272340017,PASS,proven PL active application-days within observed lifecycle,"P(SEND | active daily decision opportunity, conditioning keys)",STATE_AGE_PRIOR_GAP -> STATE_AGE_GAP -> STATE_PRIOR_GAP -> STATE_GAP -> AGE_PRIOR_GAP -> AGE_GAP -> ORIGIN_GAP -> GAP -> STATE_AGE_PRIOR -> STATE_AGE -> STATE_PRIOR -> STATE -> AGE_PRIOR -> AGE -> ORIGIN -> GLOBAL,"2026-03-01 through 2026-04-30; no May, simulated, or synthetic rows"
STATE_AGE,current_state+age_bucket,listing,21D_30D,,,,134343,active_application_day,24855,0.1850115004131216,47933,86410,0.17547409926355537,0.19030204837403078,0.014827949110475414,PASS,proven PL active application-days within observed lifecycle,"P(SEND | active daily decision opportunity, conditioning keys)",STATE_AGE_PRIOR_GAP -> STATE_AGE_GAP -> STATE_PRIOR_GAP -> STATE_GAP -> AGE_PRIOR_GAP -> AGE_GAP -> ORIGIN_GAP -> GAP -> STATE_AGE_PRIOR -> STATE_AGE -> STATE_PRIOR -> STATE -> AGE_PRIOR -> AGE -> ORIGIN -> GLOBAL,"2026-03-01 through 2026-04-30; no May, simulated, or synthetic rows"
STATE_AGE,current_state+age_bucket,listing,3D_7D,,,,76654,active_application_day,18544,0.2419182299684295,42324,34330,0.19905963519516115,0.2947567725021847,0.09569713730702353,PASS,proven PL active application-days within observed lifecycle,"P(SEND | active daily decision opportunity, conditioning keys)",STATE_AGE_PRIOR_GAP -> STATE_AGE_GAP -> STATE_PRIOR_GAP -> STATE_GAP -> AGE_PRIOR_GAP -> AGE_GAP -> ORIGIN_GAP -> GAP -> STATE_AGE_PRIOR -> STATE_AGE -> STATE_PRIOR -> STATE -> AGE_PRIOR -> AGE -> ORIGIN -> GLOBAL,"2026-03-01 through 2026-04-30; no May, simulated, or synthetic rows"
STATE_AGE,current_state+age_bucket,listing,7D_14D,,,,131948,active_application_day,27258,0.2065813805438506,73202,58746,0.19443457829021066,0.2217172233003098,0.027282645010099138,PASS,proven PL active application-days within observed lifecycle,"P(SEND | active daily decision opportunity, conditioning keys)",STATE_AGE_PRIOR_GAP -> STATE_AGE_GAP -> STATE_PRIOR_GAP -> STATE_GAP -> AGE_PRIOR_GAP -> AGE_GAP -> ORIGIN_GAP -> GAP -> STATE_AGE_PRIOR -> STATE_AGE -> STATE_PRIOR -> STATE -> AGE_PRIOR -> AGE -> ORIGIN -> GLOBAL,"2026-03-01 through 2026-04-30; no May, simulated, or synthetic rows"
STATE_AGE,current_state+age_bucket,listing,LT_1D,,,,19367,active_application_day,6477,0.3344348634274797,10729,8638,0.2956473110261907,0.38261171567492475,0.08696440464873406,PASS,proven PL active application-days within observed lifecycle,"P(SEND | active daily decision opportunity, conditioning keys)",STATE_AGE_PRIOR_GAP -> STATE_AGE_GAP -> STATE_PRIOR_GAP -> STATE_GAP -> AGE_PRIOR_GAP -> AGE_GAP -> ORIGIN_GAP -> GAP -> STATE_AGE_PRIOR -> STATE_AGE -> STATE_PRIOR -> STATE -> AGE_PRIOR -> AGE -> ORIGIN -> GLOBAL,"2026-03-01 through 2026-04-30; no May, simulated, or synthetic rows"
STATE_AGE_GAP,current_state+age_bucket+recent_send_gap_bucket,AIP Approved,14D_21D,,1D_3D,,713,active_application_day,196,0.2748948106591865,352,361,0.29545454545454547,0.2548476454293629,0.04060690002518258,PASS,proven PL active application-days within observed lifecycle,"P(SEND | active daily decision opportunity, conditioning keys)",STATE_AGE_PRIOR_GAP -> STATE_AGE_GAP -> STATE_PRIOR_GAP -> STATE_GAP -> AGE_PRIOR_GAP -> AGE_GAP -> ORIGIN_GAP -> GAP -> STATE_AGE_PRIOR -> STATE_AGE -> STATE_PRIOR -> STATE -> AGE_PRIOR -> AGE -> ORIGIN -> GLOBAL,"2026-03-01 through 2026-04-30; no May, simulated, or synthetic rows"
STATE_AGE_GAP,current_state+age_bucket+recent_send_gap_bucket,AIP Approved,14D_21D,,3D_7D,,580,active_application_day,139,0.2396551724137931,259,321,0.22393822393822393,0.2523364485981308,0.02839822465990688,PASS,proven PL active application-days within observed lifecycle,"P(SEND | active daily decision opportunity, conditioning keys)",STATE_AGE_PRIOR_GAP -> STATE_AGE_GAP -> STATE_PRIOR_GAP -> STATE_GAP -> AGE_PRIOR_GAP -> AGE_GAP -> ORIGIN_GAP -> GAP -> STATE_AGE_PRIOR -> STATE_AGE -> STATE_PRIOR -> STATE -> AGE_PRIOR -> AGE -> ORIGIN -> GLOBAL,"2026-03-01 through 2026-04-30; no May, simulated, or synthetic rows"
STATE_AGE_GAP,current_state+age_bucket+recent_send_gap_bucket,AIP Approved,14D_21D,,7D_PLUS,,635,active_application_day,38,0.0598425196850393,263,372,0.053231939163498096,0.06451612903225806,0.011284189868759967,PASS,proven PL active application-days within observed lifecycle,"P(SEND | active daily decision opportunity, conditioning keys)",STATE_AGE_PRIOR_GAP -> STATE_AGE_GAP -> STATE_PRIOR_GAP -> STATE_GAP -> AGE_PRIOR_GAP -> AGE_GAP -> ORIGIN_GAP -> GAP -> STATE_AGE_PRIOR -> STATE_AGE -> STATE_PRIOR -> STATE -> AGE_PRIOR -> AGE -> ORIGIN -> GLOBAL,"2026-03-01 through 2026-04-30; no May, simulated, or synthetic rows"
STATE_AGE_GAP,current_state+age_bucket+recent_send_gap_bucket,AIP Approved,14D_21D,,LT_1D,,594,active_application_day,193,0.3249158249158249,277,317,0.296028880866426,0.3501577287066246,0.05412884784019861,PASS,proven PL active application-days within observed lifecycle,"P(SEND | active daily decision opportunity, conditioning keys)",STATE_AGE_PRIOR_GAP -> STATE_AGE_GAP -> STATE_PRIOR_GAP -> STATE_GAP -> AGE_PRIOR_GAP -> AGE_GAP -> ORIGIN_GAP -> GAP -> STATE_AGE_PRIOR -> STATE_AGE -> STATE_PRIOR -> STATE -> AGE_PRIOR -> AGE -> ORIGIN -> GLOBAL,"2026-03-01 through 2026-04-30; no May, simulated, or synthetic rows"
STATE_AGE_GAP,current_state+age_bucket+recent_send_gap_bucket,AIP Approved,21D_30D,,1D_3D,,768,active_application_day,227,0.2955729166666667,132,636,0.3409090909090909,0.2861635220125786,0.054745568896512276,PASS,proven PL active application-days within observed lifecycle,"P(SEND | active daily decision opportunity, conditioning keys)",STATE_AGE_PRIOR_GAP -> STATE_AGE_GAP -> STATE_PRIOR_GAP -> STATE_GAP -> AGE_PRIOR_GAP -> AGE_GAP -> ORIGIN_GAP -> GAP -> STATE_AGE_PRIOR -> STATE_AGE -> STATE_PRIOR -> STATE -> AGE_PRIOR -> AGE -> ORIGIN -> GLOBAL,"2026-03-01 through 2026-04-30; no May, simulated, or synthetic rows"
STATE_AGE_GAP,current_state+age_bucket+recent_send_gap_bucket,AIP Approved,21D_30D,,7D_PLUS,,863,active_application_day,80,0.0926998841251448,309,554,0.08737864077669903,0.09566787003610108,0.00828922925940205,PASS,proven PL active application-days within observed lifecycle,"P(SEND | active daily decision opportunity, conditioning keys)",STATE_AGE_PRIOR_GAP -> STATE_AGE_GAP -> STATE_PRIOR_GAP -> STATE_GAP -> AGE_PRIOR_GAP -> AGE_GAP -> ORIGIN_GAP -> GAP -> STATE_AGE_PRIOR -> STATE_AGE -> STATE_PRIOR -> STATE -> AGE_PRIOR -> AGE -> ORIGIN -> GLOBAL,"2026-03-01 through 2026-04-30; no May, simulated, or synthetic rows"
STATE_AGE_GAP,current_state+age_bucket+recent_send_gap_bucket,AIP Approved,21D_30D,,LT_1D,,593,active_application_day,133,0.224283305227656,150,443,0.17333333333333334,0.24153498871331827,0.06820165537998493,PASS,proven PL active application-days within observed lifecycle,"P(SEND | active daily decision opportunity, conditioning keys)",STATE_AGE_PRIOR_GAP -> STATE_AGE_GAP -> STATE_PRIOR_GAP -> STATE_GAP -> AGE_PRIOR_GAP -> AGE_GAP -> ORIGIN_GAP -> GAP -> STATE_AGE_PRIOR -> STATE_AGE -> STATE_PRIOR -> STATE -> AGE_PRIOR -> AGE -> ORIGIN -> GLOBAL,"2026-03-01 through 2026-04-30; no May, simulated, or synthetic rows"
STATE_AGE_GAP,current_state+age_bucket+recent_send_gap_bucket,AIP Approved,7D_14D,,1D_3D,,698,active_application_day,194,0.2779369627507163,257,441,0.311284046692607,0.2585034013605442,0.05278064533206278,PASS,proven PL active application-days within observed lifecycle,"P(SEND | active daily decision opportunity, conditioning keys)",STATE_AGE_PRIOR_GAP -> STATE_AGE_GAP -> STATE_PRIOR_GAP -> STATE_GAP -> AGE_PRIOR_GAP -> AGE_GAP -> ORIGIN_GAP -> GAP -> STATE_AGE_PRIOR -> STATE_AGE -> STATE_PRIOR -> STATE -> AGE_PRIOR -> AGE -> ORIGIN -> GLOBAL,"2026-03-01 through 2026-04-30; no May, simulated, or synthetic rows"
STATE_AGE_GAP,current_state+age_bucket+recent_send_gap_bucket,AIP Approved,7D_14D,,3D_7D,,664,active_application_day,125,0.1882530120481927,255,409,0.1843137254901961,0.19070904645476772,0.006395320964571627,PASS,proven PL active application-days within observed lifecycle,"P(SEND | active daily decision opportunity, conditioning keys)",STATE_AGE_PRIOR_GAP -> STATE_AGE_GAP -> STATE_PRIOR_GAP -> STATE_GAP -> AGE_PRIOR_GAP -> AGE_GAP -> ORIGIN_GAP -> GAP -> STATE_AGE_PRIOR -> STATE_AGE -> STATE_PRIOR -> STATE -> AGE_PRIOR -> AGE -> ORIGIN -> GLOBAL,"2026-03-01 through 2026-04-30; no May, simulated, or synthetic rows"
STATE_AGE_GAP,current_state+age_bucket+recent_send_gap_bucket,AIP Approved,7D_14D,,LT_1D,,589,active_application_day,195,0.3310696095076401,252,337,0.3531746031746032,0.314540059347181,0.03863454382742221,PASS,proven PL active application-days within observed lifecycle,"P(SEND | active daily decision opportunity, conditioning keys)",STATE_AGE_PRIOR_GAP -> STATE_AGE_GAP -> STATE_PRIOR_GAP -> STATE_GAP -> AGE_PRIOR_GAP -> AGE_GAP -> ORIGIN_GAP -> GAP -> STATE_AGE_PRIOR -> STATE_AGE -> STATE_PRIOR -> STATE -> AGE_PRIOR -> AGE -> ORIGIN -> GLOBAL,"2026-03-01 through 2026-04-30; no May, simulated, or synthetic rows"
STATE_AGE_GAP,current_state+age_bucket+recent_send_gap_bucket,Application Created,LT_1D,,NO_PRIOR_SEND,,81434,active_application_day,19305,0.2370631431588771,44132,37302,0.22022568657663374,0.2569835397565814,0.03675785317994765,PASS,proven PL active application-days within observed lifecycle,"P(SEND | active daily decision opportunity, conditioning keys)",STATE_AGE_PRIOR_GAP -> STATE_AGE_GAP -> STATE_PRIOR_GAP -> STATE_GAP -> AGE_PRIOR_GAP -> AGE_GAP -> ORIGIN_GAP -> GAP -> STATE_AGE_PRIOR -> STATE_AGE -> STATE_PRIOR -> STATE -> AGE_PRIOR -> AGE -> ORIGIN -> GLOBAL,"2026-03-01 through 2026-04-30; no May, simulated, or synthetic rows"
STATE_AGE_GAP,current_state+age_bucket+recent_send_gap_bucket,Application created/Login,14D_21D,,1D_3D,,6007,active_application_day,1307,0.2175794905943066,2353,3654,0.19549511262218444,0.23180076628352492,0.036305653661340476,PASS,proven PL active application-days within observed lifecycle,"P(SEND | active daily decision opportunity, conditioning keys)",STATE_AGE_PRIOR_GAP -> STATE_AGE_GAP -> STATE_PRIOR_GAP -> STATE_GAP -> AGE_PRIOR_GAP -> AGE_GAP -> ORIGIN_GAP -> GAP -> STATE_AGE_PRIOR -> STATE_AGE -> STATE_PRIOR -> STATE -> AGE_PRIOR -> AGE -> ORIGIN -> GLOBAL,"2026-03-01 through 2026-04-30; no May, simulated, or synthetic rows"
STATE_AGE_GAP,current_state+age_bucket+recent_send_gap_bucket,Application created/Login,14D_21D,,3D_7D,,5684,active_application_day,1049,0.1845531315974665,3154,2530,0.1601141407736208,0.2150197628458498,0.054905622072229016,PASS,proven PL active application-days within observed lifecycle,"P(SEND | active daily decision opportunity, conditioning keys)",STATE_AGE_PRIOR_GAP -> STATE_AGE_GAP -> STATE_PRIOR_GAP -> STATE_GAP -> AGE_PRIOR_GAP -> AGE_GAP -> ORIGIN_GAP -> GAP -> STATE_AGE_PRIOR -> STATE_AGE -> STATE_PRIOR -> STATE -> AGE_PRIOR -> AGE -> ORIGIN -> GLOBAL,"2026-03-01 through 2026-04-30; no May, simulated, or synthetic rows"
STATE_AGE_GAP,current_state+age_bucket+recent_send_gap_bucket,Application created/Login,14D_21D,,7D_PLUS,,4911,active_application_day,652,0.1327631846874363,3207,1704,0.12815715622076707,0.1414319248826291,0.01327476866186203,PASS,proven PL active application-days within observed lifecycle,"P(SEND | active daily decision opportunity, conditioning keys)",STATE_AGE_PRIOR_GAP -> STATE_AGE_GAP -> STATE_PRIOR_GAP -> STATE_GAP -> AGE_PRIOR_GAP -> AGE_GAP -> ORIGIN_GAP -> GAP -> STATE_AGE_PRIOR -> STATE_AGE -> STATE_PRIOR -> STATE -> AGE_PRIOR -> AGE -> ORIGIN -> GLOBAL,"2026-03-01 through 2026-04-30; no May, simulated, or synthetic rows"
STATE_AGE_GAP,current_state+age_bucket+recent_send_gap_bucket,Application created/Login,14D_21D,,LT_1D,,4380,active_application_day,1088,0.2484018264840182,1639,2741,0.2214765100671141,0.2645020065669464,0.04302549649983228,PASS,proven PL active application-days within observed lifecycle,"P(SEND | active daily decision opportunity, conditioning keys)",STATE_AGE_PRIOR_GAP -> STATE_AGE_GAP -> STATE_PRIOR_GAP -> STATE_GAP -> AGE_PRIOR_GAP -> AGE_GAP -> ORIGIN_GAP -> GAP -> STATE_AGE_PRIOR -> STATE_AGE -> STATE_PRIOR -> STATE -> AGE_PRIOR -> AGE -> ORIGIN -> GLOBAL,"2026-03-01 through 2026-04-30; no May, simulated, or synthetic rows"
STATE_AGE_GAP,current_state+age_bucket+recent_send_gap_bucket,Application created/Login,14D_21D,,NO_PRIOR_SEND,,1114,active_application_day,62,0.0556552962298025,543,571,0.06261510128913444,0.04903677758318739,0.013578323705947054,PASS,proven PL active application-days within observed lifecycle,"P(SEND | active daily decision opportunity, conditioning keys)",STATE_AGE_PRIOR_GAP -> STATE_AGE_GAP -> STATE_PRIOR_GAP -> STATE_GAP -> AGE_PRIOR_GAP -> AGE_GAP -> ORIGIN_GAP -> GAP -> STATE_AGE_PRIOR -> STATE_AGE -> STATE_PRIOR -> STATE -> AGE_PRIOR -> AGE -> ORIGIN -> GLOBAL,"2026-03-01 through 2026-04-30; no May, simulated, or synthetic rows"
STATE_AGE_GAP,current_state+age_bucket+recent_send_gap_bucket,Application created/Login,1D_3D,,1D_3D,,2439,active_application_day,592,0.2427224272242722,1267,1172,0.2462509865824783,0.23890784982935154,0.0073431367531267555,PASS,proven PL active application-days within observed lifecycle,"P(SEND | active daily decision opportunity, conditioning keys)",STATE_AGE_PRIOR_GAP -> STATE_AGE_GAP -> STATE_PRIOR_GAP -> STATE_GAP -> AGE_PRIOR_GAP -> AGE_GAP -> ORIGIN_GAP -> GAP -> STATE_AGE_PRIOR -> STATE_AGE -> STATE_PRIOR -> STATE -> AGE_PRIOR -> AGE -> ORIGIN -> GLOBAL,"2026-03-01 through 2026-04-30; no May, simulated, or synthetic rows"
STATE_AGE_GAP,current_state+age_bucket+recent_send_gap_bucket,Application created/Login,1D_3D,,LT_1D,,1731,active_application_day,454,0.2622761409589833,815,916,0.2625766871165644,0.26200873362445415,0.0005679534921102514,PASS,proven PL active application-days within observed lifecycle,"P(SEND | active daily decision opportunity, conditioning keys)",STATE_AGE_PRIOR_GAP -> STATE_AGE_GAP -> STATE_PRIOR_GAP -> STATE_GAP -> AGE_PRIOR_GAP -> AGE_GAP -> ORIGIN_GAP -> GAP -> STATE_AGE_PRIOR -> STATE_AGE -> STATE_PRIOR -> STATE -> AGE_PRIOR -> AGE -> ORIGIN -> GLOBAL,"2026-03-01 through 2026-04-30; no May, simulated, or synthetic rows"
STATE_AGE_GAP,current_state+age_bucket+recent_send_gap_bucket,Application created/Login,1D_3D,,NO_PRIOR_SEND,,2430,active_application_day,467,0.1921810699588477,1233,1197,0.19708029197080293,0.1871345029239766,0.009945789046826331,PASS,proven PL active application-days within observed lifecycle,"P(SEND | active daily decision opportunity, conditioning keys)",STATE_AGE_PRIOR_GAP -> STATE_AGE_GAP -> STATE_PRIOR_GAP -> STATE_GAP -> AGE_PRIOR_GAP -> AGE_GAP -> ORIGIN_GAP -> GAP -> STATE_AGE_PRIOR -> STATE_AGE -> STATE_PRIOR -> STATE -> AGE_PRIOR -> AGE -> ORIGIN -> GLOBAL,"2026-03-01 through 2026-04-30; no May, simulated, or synthetic rows"
STATE_AGE_GAP,current_state+age_bucket+recent_send_gap_bucket,Application created/Login,21D_30D,,1D_3D,,5503,active_application_day,1112,0.2020715973105578,674,4829,0.20474777448071216,0.20169807413543175,0.003049700345280404,PASS,proven PL active application-days within observed lifecycle,"P(SEND | active daily decision opportunity, conditioning keys)",STATE_AGE_PRIOR_GAP -> STATE_AGE_GAP -> STATE_PRIOR_GAP -> STATE_GAP -> AGE_PRIOR_GAP -> AGE_GAP -> ORIGIN_GAP -> GAP -> STATE_AGE_PRIOR -> STATE_AGE -> STATE_PRIOR -> STATE -> AGE_PRIOR -> AGE -> ORIGIN -> GLOBAL,"2026-03-01 through 2026-04-30; no May, simulated, or synthetic rows"
STATE_AGE_GAP,current_state+age_bucket+recent_send_gap_bucket,Application created/Login,21D_30D,,3D_7D,,5753,active_application_day,1105,0.1920737006779072,1594,4159,0.19949811794228356,0.18922817985092572,0.010269938091357844,PASS,proven PL active application-days within observed lifecycle,"P(SEND | active daily decision opportunity, conditioning keys)",STATE_AGE_PRIOR_GAP -> STATE_AGE_GAP -> STATE_PRIOR_GAP -> STATE_GAP -> AGE_PRIOR_GAP -> AGE_GAP -> ORIGIN_GAP -> GAP -> STATE_AGE_PRIOR -> STATE_AGE -> STATE_PRIOR -> STATE -> AGE_PRIOR -> AGE -> ORIGIN -> GLOBAL,"2026-03-01 through 2026-04-30; no May, simulated, or synthetic rows"
STATE_AGE_GAP,current_state+age_bucket+recent_send_gap_bucket,Application created/Login,21D_30D,,7D_PLUS,,6331,active_application_day,685,0.1081977570683936,2265,4066,0.1629139072847682,0.07771765863256272,0.08519624865220549,PASS,proven PL active application-days within observed lifecycle,"P(SEND | active daily decision opportunity, conditioning keys)",STATE_AGE_PRIOR_GAP -> STATE_AGE_GAP -> STATE_PRIOR_GAP -> STATE_GAP -> AGE_PRIOR_GAP -> AGE_GAP -> ORIGIN_GAP -> GAP -> STATE_AGE_PRIOR -> STATE_AGE -> STATE_PRIOR -> STATE -> AGE_PRIOR -> AGE -> ORIGIN -> GLOBAL,"2026-03-01 through 2026-04-30; no May, simulated, or synthetic rows"
STATE_AGE_GAP,current_state+age_bucket+recent_send_gap_bucket,Application created/Login,3D_7D,,3D_7D,,3617,active_application_day,896,0.2477191042300248,2030,1587,0.25270935960591134,0.24133585381222433,0.011373505793687011,PASS,proven PL active application-days within observed lifecycle,"P(SEND | active daily decision opportunity, conditioning keys)",STATE_AGE_PRIOR_GAP -> STATE_AGE_GAP -> STATE_PRIOR_GAP -> STATE_GAP -> AGE_PRIOR_GAP -> AGE_GAP -> ORIGIN_GAP -> GAP -> STATE_AGE_PRIOR -> STATE_AGE -> STATE_PRIOR -> STATE -> AGE_PRIOR -> AGE -> ORIGIN -> GLOBAL,"2026-03-01 through 2026-04-30; no May, simulated, or synthetic rows"
STATE_AGE_GAP,current_state+age_bucket+recent_send_gap_bucket,Application created/Login,3D_7D,,LT_1D,,2868,active_application_day,835,0.2911436541143654,1274,1594,0.28492935635792777,0.2961104140526976,0.011181057694769847,PASS,proven PL active application-days within observed lifecycle,"P(SEND | active daily decision opportunity, conditioning keys)",STATE_AGE_PRIOR_GAP -> STATE_AGE_GAP -> STATE_PRIOR_GAP -> STATE_GAP -> AGE_PRIOR_GAP -> AGE_GAP -> ORIGIN_GAP -> GAP -> STATE_AGE_PRIOR -> STATE_AGE -> STATE_PRIOR -> STATE -> AGE_PRIOR -> AGE -> ORIGIN -> GLOBAL,"2026-03-01 through 2026-04-30; no May, simulated, or synthetic rows"
STATE_AGE_GAP,current_state+age_bucket+recent_send_gap_bucket,Application created/Login,3D_7D,,NO_PRIOR_SEND,,2727,active_application_day,475,0.1741840850751742,1413,1314,0.17480537862703469,0.1735159817351598,0.0012893968918748777,PASS,proven PL active application-days within observed lifecycle,"P(SEND | active daily decision opportunity, conditioning keys)",STATE_AGE_PRIOR_GAP -> STATE_AGE_GAP -> STATE_PRIOR_GAP -> STATE_GAP -> AGE_PRIOR_GAP -> AGE_GAP -> ORIGIN_GAP -> GAP -> STATE_AGE_PRIOR -> STATE_AGE -> STATE_PRIOR -> STATE -> AGE_PRIOR -> AGE -> ORIGIN -> GLOBAL,"2026-03-01 through 2026-04-30; no May, simulated, or synthetic rows"
STATE_AGE_GAP,current_state+age_bucket+recent_send_gap_bucket,Application created/Login,7D_14D,,1D_3D,,7128,active_application_day,1913,0.26837822671156,3678,3450,0.24361065796628603,0.29478260869565215,0.05117195072936612,PASS,proven PL active application-days within observed lifecycle,"P(SEND | active daily decision opportunity, conditioning keys)",STATE_AGE_PRIOR_GAP -> STATE_AGE_GAP -> STATE_PRIOR_GAP -> STATE_GAP -> AGE_PRIOR_GAP -> AGE_GAP -> ORIGIN_GAP -> GAP -> STATE_AGE_PRIOR -> STATE_AGE -> STATE_PRIOR -> STATE -> AGE_PRIOR -> AGE -> ORIGIN -> GLOBAL,"2026-03-01 through 2026-04-30; no May, simulated, or synthetic rows"
STATE_AGE_GAP,current_state+age_bucket+recent_send_gap_bucket,Application created/Login,7D_14D,,3D_7D,,5718,active_application_day,1135,0.1984959776145505,2991,2727,0.19257773319959878,0.204987165383205,0.012409432183606212,PASS,proven PL active application-days within observed lifecycle,"P(SEND | active daily decision opportunity, conditioning keys)",STATE_AGE_PRIOR_GAP -> STATE_AGE_GAP -> STATE_PRIOR_GAP -> STATE_GAP -> AGE_PRIOR_GAP -> AGE_GAP -> ORIGIN_GAP -> GAP -> STATE_AGE_PRIOR -> STATE_AGE -> STATE_PRIOR -> STATE -> AGE_PRIOR -> AGE -> ORIGIN -> GLOBAL,"2026-03-01 through 2026-04-30; no May, simulated, or synthetic rows"
STATE_AGE_GAP,current_state+age_bucket+recent_send_gap_bucket,Application created/Login,7D_14D,,7D_PLUS,,2484,active_application_day,412,0.1658615136876006,1168,1316,0.16095890410958905,0.1702127659574468,0.009253861847857758,PASS,proven PL active application-days within observed lifecycle,"P(SEND | active daily decision opportunity, conditioning keys)",STATE_AGE_PRIOR_GAP -> STATE_AGE_GAP -> STATE_PRIOR_GAP -> STATE_GAP -> AGE_PRIOR_GAP -> AGE_GAP -> ORIGIN_GAP -> GAP -> STATE_AGE_PRIOR -> STATE_AGE -> STATE_PRIOR -> STATE -> AGE_PRIOR -> AGE -> ORIGIN -> GLOBAL,"2026-03-01 through 2026-04-30; no May, simulated, or synthetic rows"
STATE_AGE_GAP,current_state+age_bucket+recent_send_gap_bucket,Application created/Login,7D_14D,,LT_1D,,5577,active_application_day,1560,0.2797202797202797,2743,2834,0.26139263580021876,0.2974594213126323,0.036066785512413546,PASS,proven PL active application-days within observed lifecycle,"P(SEND | active daily decision opportunity, conditioning keys)",STATE_AGE_PRIOR_GAP -> STATE_AGE_GAP -> STATE_PRIOR_GAP -> STATE_GAP -> AGE_PRIOR_GAP -> AGE_GAP -> ORIGIN_GAP -> GAP -> STATE_AGE_PRIOR -> STATE_AGE -> STATE_PRIOR -> STATE -> AGE_PRIOR -> AGE -> ORIGIN -> GLOBAL,"2026-03-01 through 2026-04-30; no May, simulated, or synthetic rows"
STATE_AGE_GAP,current_state+age_bucket+recent_send_gap_bucket,Application created/Login,7D_14D,,NO_PRIOR_SEND,,2009,active_application_day,207,0.1030363364858138,928,1081,0.09590517241379311,0.1091581868640148,0.013253014450221687,PASS,proven PL active application-days within observed lifecycle,"P(SEND | active daily decision opportunity, conditioning keys)",STATE_AGE_PRIOR_GAP -> STATE_AGE_GAP -> STATE_PRIOR_GAP -> STATE_GAP -> AGE_PRIOR_GAP -> AGE_GAP -> ORIGIN_GAP -> GAP -> STATE_AGE_PRIOR -> STATE_AGE -> STATE_PRIOR -> STATE -> AGE_PRIOR -> AGE -> ORIGIN -> GLOBAL,"2026-03-01 through 2026-04-30; no May, simulated, or synthetic rows"
STATE_AGE_GAP,current_state+age_bucket+recent_send_gap_bucket,Application created/Login,LT_1D,,NO_PRIOR_SEND,,1748,active_application_day,407,0.232837528604119,860,888,0.19651162790697674,0.268018018018018,0.07150639011104126,PASS,proven PL active application-days within observed lifecycle,"P(SEND | active daily decision opportunity, conditioning keys)",STATE_AGE_PRIOR_GAP -> STATE_AGE_GAP -> STATE_PRIOR_GAP -> STATE_GAP -> AGE_PRIOR_GAP -> AGE_GAP -> ORIGIN_GAP -> GAP -> STATE_AGE_PRIOR -> STATE_AGE -> STATE_PRIOR -> STATE -> AGE_PRIOR -> AGE -> ORIGIN -> GLOBAL,"2026-03-01 through 2026-04-30; no May, simulated, or synthetic rows"
STATE_AGE_GAP,current_state+age_bucket+recent_send_gap_bucket,Disb,14D_21D,,1D_3D,,1123,active_application_day,264,0.2350845948352627,360,763,0.25277777777777777,0.22673656618610746,0.026041211591670305,PASS,proven PL active application-days within observed lifecycle,"P(SEND | active daily decision opportunity, conditioning keys)",STATE_AGE_PRIOR_GAP -> STATE_AGE_GAP -> STATE_PRIOR_GAP -> STATE_GAP -> AGE_PRIOR_GAP -> AGE_GAP -> ORIGIN_GAP -> GAP -> STATE_AGE_PRIOR -> STATE_AGE -> STATE_PRIOR -> STATE -> AGE_PRIOR -> AGE -> ORIGIN -> GLOBAL,"2026-03-01 through 2026-04-30; no May, simulated, or synthetic rows"
STATE_AGE_GAP,current_state+age_bucket+recent_send_gap_bucket,Disb,14D_21D,,3D_7D,,1058,active_application_day,237,0.2240075614366729,341,717,0.20527859237536658,0.23291492329149233,0.027636330916125745,PASS,proven PL active application-days within observed lifecycle,"P(SEND | active daily decision opportunity, conditioning keys)",STATE_AGE_PRIOR_GAP -> STATE_AGE_GAP -> STATE_PRIOR_GAP -> STATE_GAP -> AGE_PRIOR_GAP -> AGE_GAP -> ORIGIN_GAP -> GAP -> STATE_AGE_PRIOR -> STATE_AGE -> STATE_PRIOR -> STATE -> AGE_PRIOR -> AGE -> ORIGIN -> GLOBAL,"2026-03-01 through 2026-04-30; no May, simulated, or synthetic rows"
STATE_AGE_GAP,current_state+age_bucket+recent_send_gap_bucket,Disb,14D_21D,,7D_PLUS,,753,active_application_day,88,0.1168658698539176,294,459,0.11564625850340136,0.11764705882352941,0.002000800320128046,PASS,proven PL active application-days within observed lifecycle,"P(SEND | active daily decision opportunity, conditioning keys)",STATE_AGE_PRIOR_GAP -> STATE_AGE_GAP -> STATE_PRIOR_GAP -> STATE_GAP -> AGE_PRIOR_GAP -> AGE_GAP -> ORIGIN_GAP -> GAP -> STATE_AGE_PRIOR -> STATE_AGE -> STATE_PRIOR -> STATE -> AGE_PRIOR -> AGE -> ORIGIN -> GLOBAL,"2026-03-01 through 2026-04-30; no May, simulated, or synthetic rows"
STATE_AGE_GAP,current_state+age_bucket+recent_send_gap_bucket,Disb,14D_21D,,LT_1D,,750,active_application_day,158,0.2106666666666666,249,501,0.18875502008032127,0.2215568862275449,0.032801866147223635,PASS,proven PL active application-days within observed lifecycle,"P(SEND | active daily decision opportunity, conditioning keys)",STATE_AGE_PRIOR_GAP -> STATE_AGE_GAP -> STATE_PRIOR_GAP -> STATE_GAP -> AGE_PRIOR_GAP -> AGE_GAP -> ORIGIN_GAP -> GAP -> STATE_AGE_PRIOR -> STATE_AGE -> STATE_PRIOR -> STATE -> AGE_PRIOR -> AGE -> ORIGIN -> GLOBAL,"2026-03-01 through 2026-04-30; no May, simulated, or synthetic rows"
STATE_AGE_GAP,current_state+age_bucket+recent_send_gap_bucket,Disb,1D_3D,,1D_3D,,581,active_application_day,234,0.4027538726333907,300,281,0.42333333333333334,0.3807829181494662,0.04255041518386715,PASS,proven PL active application-days within observed lifecycle,"P(SEND | active daily decision opportunity, conditioning keys)",STATE_AGE_PRIOR_GAP -> STATE_AGE_GAP -> STATE_PRIOR_GAP -> STATE_GAP -> AGE_PRIOR_GAP -> AGE_GAP -> ORIGIN_GAP -> GAP -> STATE_AGE_PRIOR -> STATE_AGE -> STATE_PRIOR -> STATE -> AGE_PRIOR -> AGE -> ORIGIN -> GLOBAL,"2026-03-01 through 2026-04-30; no May, simulated, or synthetic rows"
STATE_AGE_GAP,current_state+age_bucket+recent_send_gap_bucket,Disb,21D_30D,,3D_7D,,1046,active_application_day,219,0.2093690248565965,127,919,0.2047244094488189,0.2100108813928183,0.0052864719439993935,PASS,proven PL active application-days within observed lifecycle,"P(SEND | active daily decision opportunity, conditioning keys)",STATE_AGE_PRIOR_GAP -> STATE_AGE_GAP -> STATE_PRIOR_GAP -> STATE_GAP -> AGE_PRIOR_GAP -> AGE_GAP -> ORIGIN_GAP -> GAP -> STATE_AGE_PRIOR -> STATE_AGE -> STATE_PRIOR -> STATE -> AGE_PRIOR -> AGE -> ORIGIN -> GLOBAL,"2026-03-01 through 2026-04-30; no May, simulated, or synthetic rows"
STATE_AGE_GAP,current_state+age_bucket+recent_send_gap_bucket,Disb,21D_30D,,7D_PLUS,,1013,active_application_day,108,0.1066140177690029,171,842,0.0935672514619883,0.10926365795724466,0.01569640649525636,PASS,proven PL active application-days within observed lifecycle,"P(SEND | active daily decision opportunity, conditioning keys)",STATE_AGE_PRIOR_GAP -> STATE_AGE_GAP -> STATE_PRIOR_GAP -> STATE_GAP -> AGE_PRIOR_GAP -> AGE_GAP -> ORIGIN_GAP -> GAP -> STATE_AGE_PRIOR -> STATE_AGE -> STATE_PRIOR -> STATE -> AGE_PRIOR -> AGE -> ORIGIN -> GLOBAL,"2026-03-01 through 2026-04-30; no May, simulated, or synthetic rows"
STATE_AGE_GAP,current_state+age_bucket+recent_send_gap_bucket,Disb,21D_30D,,LT_1D,,719,active_application_day,151,0.2100139082058414,127,592,0.23622047244094488,0.20439189189189189,0.03182858054905299,PASS,proven PL active application-days within observed lifecycle,"P(SEND | active daily decision opportunity, conditioning keys)",STATE_AGE_PRIOR_GAP -> STATE_AGE_GAP -> STATE_PRIOR_GAP -> STATE_GAP -> AGE_PRIOR_GAP -> AGE_GAP -> ORIGIN_GAP -> GAP -> STATE_AGE_PRIOR -> STATE_AGE -> STATE_PRIOR -> STATE -> AGE_PRIOR -> AGE -> ORIGIN -> GLOBAL,"2026-03-01 through 2026-04-30; no May, simulated, or synthetic rows"
STATE_AGE_GAP,current_state+age_bucket+recent_send_gap_bucket,Disb,3D_7D,,1D_3D,,1044,active_application_day,347,0.332375478927203,527,517,0.3396584440227704,0.32495164410058025,0.01470679992219015,PASS,proven PL active application-days within observed lifecycle,"P(SEND | active daily decision opportunity, conditioning keys)",STATE_AGE_PRIOR_GAP -> STATE_AGE_GAP -> STATE_PRIOR_GAP -> STATE_GAP -> AGE_PRIOR_GAP -> AGE_GAP -> ORIGIN_GAP -> GAP -> STATE_AGE_PRIOR -> STATE_AGE -> STATE_PRIOR -> STATE -> AGE_PRIOR -> AGE -> ORIGIN -> GLOBAL,"2026-03-01 through 2026-04-30; no May, simulated, or synthetic rows"
STATE_AGE_GAP,current_state+age_bucket+recent_send_gap_bucket,Disb,3D_7D,,3D_7D,,514,active_application_day,154,0.2996108949416342,284,230,0.2711267605633803,0.3347826086956522,0.06365584813227187,PASS,proven PL active application-days within observed lifecycle,"P(SEND | active daily decision opportunity, conditioning keys)",STATE_AGE_PRIOR_GAP -> STATE_AGE_GAP -> STATE_PRIOR_GAP -> STATE_GAP -> AGE_PRIOR_GAP -> AGE_GAP -> ORIGIN_GAP -> GAP -> STATE_AGE_PRIOR -> STATE_AGE -> STATE_PRIOR -> STATE -> AGE_PRIOR -> AGE -> ORIGIN -> GLOBAL,"2026-03-01 through 2026-04-30; no May, simulated, or synthetic rows"
STATE_AGE_GAP,current_state+age_bucket+recent_send_gap_bucket,Disb,3D_7D,,LT_1D,,937,active_application_day,271,0.2892209178228389,492,445,0.30284552845528456,0.27415730337078653,0.02868822508449803,PASS,proven PL active application-days within observed lifecycle,"P(SEND | active daily decision opportunity, conditioning keys)",STATE_AGE_PRIOR_GAP -> STATE_AGE_GAP -> STATE_PRIOR_GAP -> STATE_GAP -> AGE_PRIOR_GAP -> AGE_GAP -> ORIGIN_GAP -> GAP -> STATE_AGE_PRIOR -> STATE_AGE -> STATE_PRIOR -> STATE -> AGE_PRIOR -> AGE -> ORIGIN -> GLOBAL,"2026-03-01 through 2026-04-30; no May, simulated, or synthetic rows"
STATE_AGE_GAP,current_state+age_bucket+recent_send_gap_bucket,Disb,7D_14D,,1D_3D,,1490,active_application_day,391,0.2624161073825503,618,872,0.27184466019417475,0.25573394495412843,0.016110715240046314,PASS,proven PL active application-days within observed lifecycle,"P(SEND | active daily decision opportunity, conditioning keys)",STATE_AGE_PRIOR_GAP -> STATE_AGE_GAP -> STATE_PRIOR_GAP -> STATE_GAP -> AGE_PRIOR_GAP -> AGE_GAP -> ORIGIN_GAP -> GAP -> STATE_AGE_PRIOR -> STATE_AGE -> STATE_PRIOR -> STATE -> AGE_PRIOR -> AGE -> ORIGIN -> GLOBAL,"2026-03-01 through 2026-04-30; no May, simulated, or synthetic rows"
STATE_AGE_GAP,current_state+age_bucket+recent_send_gap_bucket,Disb,7D_14D,,3D_7D,,1295,active_application_day,307,0.237065637065637,564,731,0.23581560283687944,0.23803009575923392,0.002214492922354483,PASS,proven PL active application-days within observed lifecycle,"P(SEND | active daily decision opportunity, conditioning keys)",STATE_AGE_PRIOR_GAP -> STATE_AGE_GAP -> STATE_PRIOR_GAP -> STATE_GAP -> AGE_PRIOR_GAP -> AGE_GAP -> ORIGIN_GAP -> GAP -> STATE_AGE_PRIOR -> STATE_AGE -> STATE_PRIOR -> STATE -> AGE_PRIOR -> AGE -> ORIGIN -> GLOBAL,"2026-03-01 through 2026-04-30; no May, simulated, or synthetic rows"
STATE_AGE_GAP,current_state+age_bucket+recent_send_gap_bucket,Disb,7D_14D,,LT_1D,,1071,active_application_day,250,0.2334267040149393,467,604,0.23554603854389722,0.23178807947019867,0.0037579590736985524,PASS,proven PL active application-days within observed lifecycle,"P(SEND | active daily decision opportunity, conditioning keys)",STATE_AGE_PRIOR_GAP -> STATE_AGE_GAP -> STATE_PRIOR_GAP -> STATE_GAP -> AGE_PRIOR_GAP -> AGE_GAP -> ORIGIN_GAP -> GAP -> STATE_AGE_PRIOR -> STATE_AGE -> STATE_PRIOR -> STATE -> AGE_PRIOR -> AGE -> ORIGIN -> GLOBAL,"2026-03-01 through 2026-04-30; no May, simulated, or synthetic rows"
STATE_AGE_GAP,current_state+age_bucket+recent_send_gap_bucket,Form filled-Rejected,14D_21D,,1D_3D,,832,active_application_day,188,0.2259615384615384,516,316,0.25193798449612403,0.18354430379746836,0.06839368069865567,PASS,proven PL active application-days within observed lifecycle,"P(SEND | active daily decision opportunity, conditioning keys)",STATE_AGE_PRIOR_GAP -> STATE_AGE_GAP -> STATE_PRIOR_GAP -> STATE_GAP -> AGE_PRIOR_GAP -> AGE_GAP -> ORIGIN_GAP -> GAP -> STATE_AGE_PRIOR -> STATE_AGE -> STATE_PRIOR -> STATE -> AGE_PRIOR -> AGE -> ORIGIN -> GLOBAL,"2026-03-01 through 2026-04-30; no May, simulated, or synthetic rows"
STATE_AGE_GAP,current_state+age_bucket+recent_send_gap_bucket,Form filled-Rejected,14D_21D,,3D_7D,,728,active_application_day,193,0.2651098901098901,454,274,0.23127753303964757,0.32116788321167883,0.08989035017203126,PASS,proven PL active application-days within observed lifecycle,"P(SEND | active daily decision opportunity, conditioning keys)",STATE_AGE_PRIOR_GAP -> STATE_AGE_GAP -> STATE_PRIOR_GAP -> STATE_GAP -> AGE_PRIOR_GAP -> AGE_GAP -> ORIGIN_GAP -> GAP -> STATE_AGE_PRIOR -> STATE_AGE -> STATE_PRIOR -> STATE -> AGE_PRIOR -> AGE -> ORIGIN -> GLOBAL,"2026-03-01 through 2026-04-30; no May, simulated, or synthetic rows"
STATE_AGE_GAP,current_state+age_bucket+recent_send_gap_bucket,Form filled-Rejected,14D_21D,,7D_PLUS,,665,active_application_day,58,0.0872180451127819,376,289,0.11702127659574468,0.04844290657439446,0.06857837002135023,PASS,proven PL active application-days within observed lifecycle,"P(SEND | active daily decision opportunity, conditioning keys)",STATE_AGE_PRIOR_GAP -> STATE_AGE_GAP -> STATE_PRIOR_GAP -> STATE_GAP -> AGE_PRIOR_GAP -> AGE_GAP -> ORIGIN_GAP -> GAP -> STATE_AGE_PRIOR -> STATE_AGE -> STATE_PRIOR -> STATE -> AGE_PRIOR -> AGE -> ORIGIN -> GLOBAL,"2026-03-01 through 2026-04-30; no May, simulated, or synthetic rows"
STATE_AGE_GAP,current_state+age_bucket+recent_send_gap_bucket,Form filled-Rejected,14D_21D,,LT_1D,,639,active_application_day,189,0.2957746478873239,376,263,0.26861702127659576,0.33460076045627374,0.06598373917967798,PASS,proven PL active application-days within observed lifecycle,"P(SEND | active daily decision opportunity, conditioning keys)",STATE_AGE_PRIOR_GAP -> STATE_AGE_GAP -> STATE_PRIOR_GAP -> STATE_GAP -> AGE_PRIOR_GAP -> AGE_GAP -> ORIGIN_GAP -> GAP -> STATE_AGE_PRIOR -> STATE_AGE -> STATE_PRIOR -> STATE -> AGE_PRIOR -> AGE -> ORIGIN -> GLOBAL,"2026-03-01 through 2026-04-30; no May, simulated, or synthetic rows"
STATE_AGE_GAP,current_state+age_bucket+recent_send_gap_bucket,Form filled-Rejected,21D_30D,,1D_3D,,949,active_application_day,305,0.321390937829294,193,756,0.29533678756476683,0.328042328042328,0.03270554047756119,PASS,proven PL active application-days within observed lifecycle,"P(SEND | active daily decision opportunity, conditioning keys)",STATE_AGE_PRIOR_GAP -> STATE_AGE_GAP -> STATE_PRIOR_GAP -> STATE_GAP -> AGE_PRIOR_GAP -> AGE_GAP -> ORIGIN_GAP -> GAP -> STATE_AGE_PRIOR -> STATE_AGE -> STATE_PRIOR -> STATE -> AGE_PRIOR -> AGE -> ORIGIN -> GLOBAL,"2026-03-01 through 2026-04-30; no May, simulated, or synthetic rows"
STATE_AGE_GAP,current_state+age_bucket+recent_send_gap_bucket,Form filled-Rejected,21D_30D,,3D_7D,,685,active_application_day,173,0.2525547445255474,270,415,0.3,0.2216867469879518,0.0783132530120482,PASS,proven PL active application-days within observed lifecycle,"P(SEND | active daily decision opportunity, conditioning keys)",STATE_AGE_PRIOR_GAP -> STATE_AGE_GAP -> STATE_PRIOR_GAP -> STATE_GAP -> AGE_PRIOR_GAP -> AGE_GAP -> ORIGIN_GAP -> GAP -> STATE_AGE_PRIOR -> STATE_AGE -> STATE_PRIOR -> STATE -> AGE_PRIOR -> AGE -> ORIGIN -> GLOBAL,"2026-03-01 through 2026-04-30; no May, simulated, or synthetic rows"
STATE_AGE_GAP,current_state+age_bucket+recent_send_gap_bucket,Form filled-Rejected,21D_30D,,7D_PLUS,,672,active_application_day,97,0.144345238095238,278,394,0.1510791366906475,0.13959390862944163,0.01148522806120586,PASS,proven PL active application-days within observed lifecycle,"P(SEND | active daily decision opportunity, conditioning keys)",STATE_AGE_PRIOR_GAP -> STATE_AGE_GAP -> STATE_PRIOR_GAP -> STATE_GAP -> AGE_PRIOR_GAP -> AGE_GAP -> ORIGIN_GAP -> GAP -> STATE_AGE_PRIOR -> STATE_AGE -> STATE_PRIOR -> STATE -> AGE_PRIOR -> AGE -> ORIGIN -> GLOBAL,"2026-03-01 through 2026-04-30; no May, simulated, or synthetic rows"
STATE_AGE_GAP,current_state+age_bucket+recent_send_gap_bucket,Form filled-Rejected,7D_14D,,1D_3D,,930,active_application_day,254,0.2731182795698925,540,390,0.28888888888888886,0.2512820512820513,0.037606837606837584,PASS,proven PL active application-days within observed lifecycle,"P(SEND | active daily decision opportunity, conditioning keys)",STATE_AGE_PRIOR_GAP -> STATE_AGE_GAP -> STATE_PRIOR_GAP -> STATE_GAP -> AGE_PRIOR_GAP -> AGE_GAP -> ORIGIN_GAP -> GAP -> STATE_AGE_PRIOR -> STATE_AGE -> STATE_PRIOR -> STATE -> AGE_PRIOR -> AGE -> ORIGIN -> GLOBAL,"2026-03-01 through 2026-04-30; no May, simulated, or synthetic rows"
STATE_AGE_GAP,current_state+age_bucket+recent_send_gap_bucket,Form filled-Rejected,7D_14D,,3D_7D,,765,active_application_day,188,0.2457516339869281,436,329,0.25688073394495414,0.23100303951367782,0.025877694431276327,PASS,proven PL active application-days within observed lifecycle,"P(SEND | active daily decision opportunity, conditioning keys)",STATE_AGE_PRIOR_GAP -> STATE_AGE_GAP -> STATE_PRIOR_GAP -> STATE_GAP -> AGE_PRIOR_GAP -> AGE_GAP -> ORIGIN_GAP -> GAP -> STATE_AGE_PRIOR -> STATE_AGE -> STATE_PRIOR -> STATE -> AGE_PRIOR -> AGE -> ORIGIN -> GLOBAL,"2026-03-01 through 2026-04-30; no May, simulated, or synthetic rows"
STATE_AGE_GAP,current_state+age_bucket+recent_send_gap_bucket,Form filled-Rejected,7D_14D,,LT_1D,,829,active_application_day,274,0.330518697225573,473,356,0.3023255813953488,0.36797752808988765,0.06565194669453883,PASS,proven PL active application-days within observed lifecycle,"P(SEND | active daily decision opportunity, conditioning keys)",STATE_AGE_PRIOR_GAP -> STATE_AGE_GAP -> STATE_PRIOR_GAP -> STATE_GAP -> AGE_PRIOR_GAP -> AGE_GAP -> ORIGIN_GAP -> GAP -> STATE_AGE_PRIOR -> STATE_AGE -> STATE_PRIOR -> STATE -> AGE_PRIOR -> AGE -> ORIGIN -> GLOBAL,"2026-03-01 through 2026-04-30; no May, simulated, or synthetic rows"
STATE_AGE_GAP,current_state+age_bucket+recent_send_gap_bucket,Professional details,14D_21D,,1D_3D,,6762,active_application_day,1149,0.1699201419698314,2872,3890,0.2012534818941504,0.1467866323907455,0.05446684950340491,PASS,proven PL active application-days within observed lifecycle,"P(SEND | active daily decision opportunity, conditioning keys)",STATE_AGE_PRIOR_GAP -> STATE_AGE_GAP -> STATE_PRIOR_GAP -> STATE_GAP -> AGE_PRIOR_GAP -> AGE_GAP -> ORIGIN_GAP -> GAP -> STATE_AGE_PRIOR -> STATE_AGE -> STATE_PRIOR -> STATE -> AGE_PRIOR -> AGE -> ORIGIN -> GLOBAL,"2026-03-01 through 2026-04-30; no May, simulated, or synthetic rows"
STATE_AGE_GAP,current_state+age_bucket+recent_send_gap_bucket,Professional details,14D_21D,,3D_7D,,8009,active_application_day,1300,0.1623173929329504,3852,4157,0.14537902388369678,0.1780129901371181,0.032633966253421326,PASS,proven PL active application-days within observed lifecycle,"P(SEND | active daily decision opportunity, conditioning keys)",STATE_AGE_PRIOR_GAP -> STATE_AGE_GAP -> STATE_PRIOR_GAP -> STATE_GAP -> AGE_PRIOR_GAP -> AGE_GAP -> ORIGIN_GAP -> GAP -> STATE_AGE_PRIOR -> STATE_AGE -> STATE_PRIOR -> STATE -> AGE_PRIOR -> AGE -> ORIGIN -> GLOBAL,"2026-03-01 through 2026-04-30; no May, simulated, or synthetic rows"
STATE_AGE_GAP,current_state+age_bucket+recent_send_gap_bucket,Professional details,14D_21D,,7D_PLUS,,8471,active_application_day,957,0.1129736748908039,6065,2406,0.09579554822753504,0.15627597672485452,0.06048042849731948,PASS,proven PL active application-days within observed lifecycle,"P(SEND | active daily decision opportunity, conditioning keys)",STATE_AGE_PRIOR_GAP -> STATE_AGE_GAP -> STATE_PRIOR_GAP -> STATE_GAP -> AGE_PRIOR_GAP -> AGE_GAP -> ORIGIN_GAP -> GAP -> STATE_AGE_PRIOR -> STATE_AGE -> STATE_PRIOR -> STATE -> AGE_PRIOR -> AGE -> ORIGIN -> GLOBAL,"2026-03-01 through 2026-04-30; no May, simulated, or synthetic rows"
STATE_AGE_GAP,current_state+age_bucket+recent_send_gap_bucket,Professional details,14D_21D,,LT_1D,,4487,active_application_day,815,0.1816358368620459,1843,2644,0.18990775908844276,0.1758698940998487,0.014037864988594051,PASS,proven PL active application-days within observed lifecycle,"P(SEND | active daily decision opportunity, conditioning keys)",STATE_AGE_PRIOR_GAP -> STATE_AGE_GAP -> STATE_PRIOR_GAP -> STATE_GAP -> AGE_PRIOR_GAP -> AGE_GAP -> ORIGIN_GAP -> GAP -> STATE_AGE_PRIOR -> STATE_AGE -> STATE_PRIOR -> STATE -> AGE_PRIOR -> AGE -> ORIGIN -> GLOBAL,"2026-03-01 through 2026-04-30; no May, simulated, or synthetic rows"
STATE_AGE_GAP,current_state+age_bucket+recent_send_gap_bucket,Professional details,14D_21D,,NO_PRIOR_SEND,,1621,active_application_day,114,0.0703269586674892,1007,614,0.05660377358490566,0.09283387622149837,0.03623010263659271,PASS,proven PL active application-days within observed lifecycle,"P(SEND | active daily decision opportunity, conditioning keys)",STATE_AGE_PRIOR_GAP -> STATE_AGE_GAP -> STATE_PRIOR_GAP -> STATE_GAP -> AGE_PRIOR_GAP -> AGE_GAP -> ORIGIN_GAP -> GAP -> STATE_AGE_PRIOR -> STATE_AGE -> STATE_PRIOR -> STATE -> AGE_PRIOR -> AGE -> ORIGIN -> GLOBAL,"2026-03-01 through 2026-04-30; no May, simulated, or synthetic rows"
STATE_AGE_GAP,current_state+age_bucket+recent_send_gap_bucket,Professional details,1D_3D,,1D_3D,,3154,active_application_day,664,0.2105263157894736,1783,1371,0.2327537857543466,0.18161925601750548,0.05113452973684113,PASS,proven PL active application-days within observed lifecycle,"P(SEND | active daily decision opportunity, conditioning keys)",STATE_AGE_PRIOR_GAP -> STATE_AGE_GAP -> STATE_PRIOR_GAP -> STATE_GAP -> AGE_PRIOR_GAP -> AGE_GAP -> ORIGIN_GAP -> GAP -> STATE_AGE_PRIOR -> STATE_AGE -> STATE_PRIOR -> STATE -> AGE_PRIOR -> AGE -> ORIGIN -> GLOBAL,"2026-03-01 through 2026-04-30; no May, simulated, or synthetic rows"
STATE_AGE_GAP,current_state+age_bucket+recent_send_gap_bucket,Professional details,1D_3D,,LT_1D,,1973,active_application_day,418,0.2118601115053218,1089,884,0.20202020202020202,0.2239819004524887,0.02196169843228668,PASS,proven PL active application-days within observed lifecycle,"P(SEND | active daily decision opportunity, conditioning keys)",STATE_AGE_PRIOR_GAP -> STATE_AGE_GAP -> STATE_PRIOR_GAP -> STATE_GAP -> AGE_PRIOR_GAP -> AGE_GAP -> ORIGIN_GAP -> GAP -> STATE_AGE_PRIOR -> STATE_AGE -> STATE_PRIOR -> STATE -> AGE_PRIOR -> AGE -> ORIGIN -> GLOBAL,"2026-03-01 through 2026-04-30; no May, simulated, or synthetic rows"
STATE_AGE_GAP,current_state+age_bucket+recent_send_gap_bucket,Professional details,1D_3D,,NO_PRIOR_SEND,,3618,active_application_day,626,0.1730237700386954,1953,1665,0.20993343573988735,0.12972972972972974,0.08020370601015761,PASS,proven PL active application-days within observed lifecycle,"P(SEND | active daily decision opportunity, conditioning keys)",STATE_AGE_PRIOR_GAP -> STATE_AGE_GAP -> STATE_PRIOR_GAP -> STATE_GAP -> AGE_PRIOR_GAP -> AGE_GAP -> ORIGIN_GAP -> GAP -> STATE_AGE_PRIOR -> STATE_AGE -> STATE_PRIOR -> STATE -> AGE_PRIOR -> AGE -> ORIGIN -> GLOBAL,"2026-03-01 through 2026-04-30; no May, simulated, or synthetic rows"
STATE_AGE_GAP,current_state+age_bucket+recent_send_gap_bucket,Professional details,21D_30D,,1D_3D,,6282,active_application_day,1224,0.1948424068767908,948,5334,0.2109704641350211,0.19197600299962506,0.018994461135396046,PASS,proven PL active application-days within observed lifecycle,"P(SEND | active daily decision opportunity, conditioning keys)",STATE_AGE_PRIOR_GAP -> STATE_AGE_GAP -> STATE_PRIOR_GAP -> STATE_GAP -> AGE_PRIOR_GAP -> AGE_GAP -> ORIGIN_GAP -> GAP -> STATE_AGE_PRIOR -> STATE_AGE -> STATE_PRIOR -> STATE -> AGE_PRIOR -> AGE -> ORIGIN -> GLOBAL,"2026-03-01 through 2026-04-30; no May, simulated, or synthetic rows"
STATE_AGE_GAP,current_state+age_bucket+recent_send_gap_bucket,Professional details,21D_30D,,3D_7D,,7217,active_application_day,1089,0.1508937231536649,2017,5200,0.20376797223599405,0.13038461538461538,0.07338335685137867,PASS,proven PL active application-days within observed lifecycle,"P(SEND | active daily decision opportunity, conditioning keys)",STATE_AGE_PRIOR_GAP -> STATE_AGE_GAP -> STATE_PRIOR_GAP -> STATE_GAP -> AGE_PRIOR_GAP -> AGE_GAP -> ORIGIN_GAP -> GAP -> STATE_AGE_PRIOR -> STATE_AGE -> STATE_PRIOR -> STATE -> AGE_PRIOR -> AGE -> ORIGIN -> GLOBAL,"2026-03-01 through 2026-04-30; no May, simulated, or synthetic rows"
STATE_AGE_GAP,current_state+age_bucket+recent_send_gap_bucket,Professional details,21D_30D,,7D_PLUS,,12327,active_application_day,1111,0.0901273626997647,4115,8212,0.13948967193195624,0.06539210910862153,0.07409756282333471,PASS,proven PL active application-days within observed lifecycle,"P(SEND | active daily decision opportunity, conditioning keys)",STATE_AGE_PRIOR_GAP -> STATE_AGE_GAP -> STATE_PRIOR_GAP -> STATE_GAP -> AGE_PRIOR_GAP -> AGE_GAP -> ORIGIN_GAP -> GAP -> STATE_AGE_PRIOR -> STATE_AGE -> STATE_PRIOR -> STATE -> AGE_PRIOR -> AGE -> ORIGIN -> GLOBAL,"2026-03-01 through 2026-04-30; no May, simulated, or synthetic rows"
STATE_AGE_GAP,current_state+age_bucket+recent_send_gap_bucket,Professional details,21D_30D,,NO_PRIOR_SEND,,1076,active_application_day,48,0.0446096654275092,222,854,0.05405405405405406,0.04215456674473068,0.01189948730932338,PASS,proven PL active application-days within observed lifecycle,"P(SEND | active daily decision opportunity, conditioning keys)",STATE_AGE_PRIOR_GAP -> STATE_AGE_GAP -> STATE_PRIOR_GAP -> STATE_GAP -> AGE_PRIOR_GAP -> AGE_GAP -> ORIGIN_GAP -> GAP -> STATE_AGE_PRIOR -> STATE_AGE -> STATE_PRIOR -> STATE -> AGE_PRIOR -> AGE -> ORIGIN -> GLOBAL,"2026-03-01 through 2026-04-30; no May, simulated, or synthetic rows"
STATE_AGE_GAP,current_state+age_bucket+recent_send_gap_bucket,Professional details,3D_7D,,1D_3D,,4734,active_application_day,1212,0.256020278833967,2561,2173,0.2471690745802421,0.2664519098021169,0.019282835221874822,PASS,proven PL active application-days within observed lifecycle,"P(SEND | active daily decision opportunity, conditioning keys)",STATE_AGE_PRIOR_GAP -> STATE_AGE_GAP -> STATE_PRIOR_GAP -> STATE_GAP -> AGE_PRIOR_GAP -> AGE_GAP -> ORIGIN_GAP -> GAP -> STATE_AGE_PRIOR -> STATE_AGE -> STATE_PRIOR -> STATE -> AGE_PRIOR -> AGE -> ORIGIN -> GLOBAL,"2026-03-01 through 2026-04-30; no May, simulated, or synthetic rows"
STATE_AGE_GAP,current_state+age_bucket+recent_send_gap_bucket,Professional details,3D_7D,,3D_7D,,4954,active_application_day,1211,0.2444489301574485,2989,1965,0.25627300100368017,0.22646310432569974,0.029809896677980424,PASS,proven PL active application-days within observed lifecycle,"P(SEND | active daily decision opportunity, conditioning keys)",STATE_AGE_PRIOR_GAP -> STATE_AGE_GAP -> STATE_PRIOR_GAP -> STATE_GAP -> AGE_PRIOR_GAP -> AGE_GAP -> ORIGIN_GAP -> GAP -> STATE_AGE_PRIOR -> STATE_AGE -> STATE_PRIOR -> STATE -> AGE_PRIOR -> AGE -> ORIGIN -> GLOBAL,"2026-03-01 through 2026-04-30; no May, simulated, or synthetic rows"
STATE_AGE_GAP,current_state+age_bucket+recent_send_gap_bucket,Professional details,3D_7D,,LT_1D,,3207,active_application_day,780,0.2432179607109448,1690,1517,0.24497041420118343,0.24126565589980223,0.0037047583013812,PASS,proven PL active application-days within observed lifecycle,"P(SEND | active daily decision opportunity, conditioning keys)",STATE_AGE_PRIOR_GAP -> STATE_AGE_GAP -> STATE_PRIOR_GAP -> STATE_GAP -> AGE_PRIOR_GAP -> AGE_GAP -> ORIGIN_GAP -> GAP -> STATE_AGE_PRIOR -> STATE_AGE -> STATE_PRIOR -> STATE -> AGE_PRIOR -> AGE -> ORIGIN -> GLOBAL,"2026-03-01 through 2026-04-30; no May, simulated, or synthetic rows"
STATE_AGE_GAP,current_state+age_bucket+recent_send_gap_bucket,Professional details,3D_7D,,NO_PRIOR_SEND,,4510,active_application_day,680,0.1507760532150776,2350,2160,0.17063829787234042,0.12916666666666668,0.04147163120567374,PASS,proven PL active application-days within observed lifecycle,"P(SEND | active daily decision opportunity, conditioning keys)",STATE_AGE_PRIOR_GAP -> STATE_AGE_GAP -> STATE_PRIOR_GAP -> STATE_GAP -> AGE_PRIOR_GAP -> AGE_GAP -> ORIGIN_GAP -> GAP -> STATE_AGE_PRIOR -> STATE_AGE -> STATE_PRIOR -> STATE -> AGE_PRIOR -> AGE -> ORIGIN -> GLOBAL,"2026-03-01 through 2026-04-30; no May, simulated, or synthetic rows"
STATE_AGE_GAP,current_state+age_bucket+recent_send_gap_bucket,Professional details,7D_14D,,1D_3D,,8451,active_application_day,1752,0.2073127440539581,5054,3397,0.21646220815195885,0.193700323815131,0.022761884336827853,PASS,proven PL active application-days within observed lifecycle,"P(SEND | active daily decision opportunity, conditioning keys)",STATE_AGE_PRIOR_GAP -> STATE_AGE_GAP -> STATE_PRIOR_GAP -> STATE_GAP -> AGE_PRIOR_GAP -> AGE_GAP -> ORIGIN_GAP -> GAP -> STATE_AGE_PRIOR -> STATE_AGE -> STATE_PRIOR -> STATE -> AGE_PRIOR -> AGE -> ORIGIN -> GLOBAL,"2026-03-01 through 2026-04-30; no May, simulated, or synthetic rows"
STATE_AGE_GAP,current_state+age_bucket+recent_send_gap_bucket,Professional details,7D_14D,,3D_7D,,8980,active_application_day,1160,0.1291759465478842,4736,4244,0.13872466216216217,0.11852026390197927,0.0202043982601829,PASS,proven PL active application-days within observed lifecycle,"P(SEND | active daily decision opportunity, conditioning keys)",STATE_AGE_PRIOR_GAP -> STATE_AGE_GAP -> STATE_PRIOR_GAP -> STATE_GAP -> AGE_PRIOR_GAP -> AGE_GAP -> ORIGIN_GAP -> GAP -> STATE_AGE_PRIOR -> STATE_AGE -> STATE_PRIOR -> STATE -> AGE_PRIOR -> AGE -> ORIGIN -> GLOBAL,"2026-03-01 through 2026-04-30; no May, simulated, or synthetic rows"
STATE_AGE_GAP,current_state+age_bucket+recent_send_gap_bucket,Professional details,7D_14D,,7D_PLUS,,3697,active_application_day,530,0.1433594806599946,1803,1894,0.12922906267332224,0.15681098204857444,0.0275819193752522,PASS,proven PL active application-days within observed lifecycle,"P(SEND | active daily decision opportunity, conditioning keys)",STATE_AGE_PRIOR_GAP -> STATE_AGE_GAP -> STATE_PRIOR_GAP -> STATE_GAP -> AGE_PRIOR_GAP -> AGE_GAP -> ORIGIN_GAP -> GAP -> STATE_AGE_PRIOR -> STATE_AGE -> STATE_PRIOR -> STATE -> AGE_PRIOR -> AGE -> ORIGIN -> GLOBAL,"2026-03-01 through 2026-04-30; no May, simulated, or synthetic rows"
STATE_AGE_GAP,current_state+age_bucket+recent_send_gap_bucket,Professional details,7D_14D,,LT_1D,,5918,active_application_day,1442,0.2436633997972287,3504,2414,0.24286529680365296,0.2448218724109362,0.0019565756072832396,PASS,proven PL active application-days within observed lifecycle,"P(SEND | active daily decision opportunity, conditioning keys)",STATE_AGE_PRIOR_GAP -> STATE_AGE_GAP -> STATE_PRIOR_GAP -> STATE_GAP -> AGE_PRIOR_GAP -> AGE_GAP -> ORIGIN_GAP -> GAP -> STATE_AGE_PRIOR -> STATE_AGE -> STATE_PRIOR -> STATE -> AGE_PRIOR -> AGE -> ORIGIN -> GLOBAL,"2026-03-01 through 2026-04-30; no May, simulated, or synthetic rows"
STATE_AGE_GAP,current_state+age_bucket+recent_send_gap_bucket,Professional details,7D_14D,,NO_PRIOR_SEND,,3120,active_application_day,369,0.1182692307692307,1554,1566,0.07207207207207207,0.1641123882503193,0.09204031617824722,PASS,proven PL active application-days within observed lifecycle,"P(SEND | active daily decision opportunity, conditioning keys)",STATE_AGE_PRIOR_GAP -> STATE_AGE_GAP -> STATE_PRIOR_GAP -> STATE_GAP -> AGE_PRIOR_GAP -> AGE_GAP -> ORIGIN_GAP -> GAP -> STATE_AGE_PRIOR -> STATE_AGE -> STATE_PRIOR -> STATE -> AGE_PRIOR -> AGE -> ORIGIN -> GLOBAL,"2026-03-01 through 2026-04-30; no May, simulated, or synthetic rows"
STATE_AGE_GAP,current_state+age_bucket+recent_send_gap_bucket,listing,14D_21D,,1D_3D,,31355,active_application_day,6208,0.1979907510763833,18575,12780,0.214535666218035,0.17394366197183098,0.040592004246204016,PASS,proven PL active application-days within observed lifecycle,"P(SEND | active daily decision opportunity, conditioning keys)",STATE_AGE_PRIOR_GAP -> STATE_AGE_GAP -> STATE_PRIOR_GAP -> STATE_GAP -> AGE_PRIOR_GAP -> AGE_GAP -> ORIGIN_GAP -> GAP -> STATE_AGE_PRIOR -> STATE_AGE -> STATE_PRIOR -> STATE -> AGE_PRIOR -> AGE -> ORIGIN -> GLOBAL,"2026-03-01 through 2026-04-30; no May, simulated, or synthetic rows"
STATE_AGE_GAP,current_state+age_bucket+recent_send_gap_bucket,listing,14D_21D,,3D_7D,,30817,active_application_day,6649,0.2157575364247006,18330,12487,0.17992362247681395,0.2683590934571955,0.08843547098038154,PASS,proven PL active application-days within observed lifecycle,"P(SEND | active daily decision opportunity, conditioning keys)",STATE_AGE_PRIOR_GAP -> STATE_AGE_GAP -> STATE_PRIOR_GAP -> STATE_GAP -> AGE_PRIOR_GAP -> AGE_GAP -> ORIGIN_GAP -> GAP -> STATE_AGE_PRIOR -> STATE_AGE -> STATE_PRIOR -> STATE -> AGE_PRIOR -> AGE -> ORIGIN -> GLOBAL,"2026-03-01 through 2026-04-30; no May, simulated, or synthetic rows"
STATE_AGE_GAP,current_state+age_bucket+recent_send_gap_bucket,listing,14D_21D,,7D_PLUS,,32633,active_application_day,2895,0.0887138785891582,18155,14478,0.09859542825667861,0.07632269650504213,0.02227273175163648,PASS,proven PL active application-days within observed lifecycle,"P(SEND | active daily decision opportunity, conditioning keys)",STATE_AGE_PRIOR_GAP -> STATE_AGE_GAP -> STATE_PRIOR_GAP -> STATE_GAP -> AGE_PRIOR_GAP -> AGE_GAP -> ORIGIN_GAP -> GAP -> STATE_AGE_PRIOR -> STATE_AGE -> STATE_PRIOR -> STATE -> AGE_PRIOR -> AGE -> ORIGIN -> GLOBAL,"2026-03-01 through 2026-04-30; no May, simulated, or synthetic rows"
STATE_AGE_GAP,current_state+age_bucket+recent_send_gap_bucket,listing,14D_21D,,NO_PRIOR_SEND,,7647,active_application_day,287,0.0375310579312148,4766,2881,0.03923625681913554,0.03471017007983339,0.004526086739302153,PASS,proven PL active application-days within observed lifecycle,"P(SEND | active daily decision opportunity, conditioning keys)",STATE_AGE_PRIOR_GAP -> STATE_AGE_GAP -> STATE_PRIOR_GAP -> STATE_GAP -> AGE_PRIOR_GAP -> AGE_GAP -> ORIGIN_GAP -> GAP -> STATE_AGE_PRIOR -> STATE_AGE -> STATE_PRIOR -> STATE -> AGE_PRIOR -> AGE -> ORIGIN -> GLOBAL,"2026-03-01 through 2026-04-30; no May, simulated, or synthetic rows"
STATE_AGE_GAP,current_state+age_bucket+recent_send_gap_bucket,listing,1D_3D,,LT_1D,,10200,active_application_day,2702,0.2649019607843137,5512,4688,0.23530478955007256,0.2997013651877133,0.06439657563764073,PASS,proven PL active application-days within observed lifecycle,"P(SEND | active daily decision opportunity, conditioning keys)",STATE_AGE_PRIOR_GAP -> STATE_AGE_GAP -> STATE_PRIOR_GAP -> STATE_GAP -> AGE_PRIOR_GAP -> AGE_GAP -> ORIGIN_GAP -> GAP -> STATE_AGE_PRIOR -> STATE_AGE -> STATE_PRIOR -> STATE -> AGE_PRIOR -> AGE -> ORIGIN -> GLOBAL,"2026-03-01 through 2026-04-30; no May, simulated, or synthetic rows"
STATE_AGE_GAP,current_state+age_bucket+recent_send_gap_bucket,listing,1D_3D,,NO_PRIOR_SEND,,12189,active_application_day,2531,0.2076462384116826,6691,5498,0.17441339112240323,0.24809021462349945,0.07367682350109622,PASS,proven PL active application-days within observed lifecycle,"P(SEND | active daily decision opportunity, conditioning keys)",STATE_AGE_PRIOR_GAP -> STATE_AGE_GAP -> STATE_PRIOR_GAP -> STATE_GAP -> AGE_PRIOR_GAP -> AGE_GAP -> ORIGIN_GAP -> GAP -> STATE_AGE_PRIOR -> STATE_AGE -> STATE_PRIOR -> STATE -> AGE_PRIOR -> AGE -> ORIGIN -> GLOBAL,"2026-03-01 through 2026-04-30; no May, simulated, or synthetic rows"
STATE_AGE_GAP,current_state+age_bucket+recent_send_gap_bucket,listing,21D_30D,,1D_3D,,34272,active_application_day,8148,0.2377450980392156,7080,27192,0.25324858757062146,0.23370844365989998,0.01954014391072148,PASS,proven PL active application-days within observed lifecycle,"P(SEND | active daily decision opportunity, conditioning keys)",STATE_AGE_PRIOR_GAP -> STATE_AGE_GAP -> STATE_PRIOR_GAP -> STATE_GAP -> AGE_PRIOR_GAP -> AGE_GAP -> ORIGIN_GAP -> GAP -> STATE_AGE_PRIOR -> STATE_AGE -> STATE_PRIOR -> STATE -> AGE_PRIOR -> AGE -> ORIGIN -> GLOBAL,"2026-03-01 through 2026-04-30; no May, simulated, or synthetic rows"
STATE_AGE_GAP,current_state+age_bucket+recent_send_gap_bucket,listing,21D_30D,,3D_7D,,30099,active_application_day,6673,0.2217017176650387,12896,17203,0.1861817617866005,0.24832877986397722,0.062147018077376714,PASS,proven PL active application-days within observed lifecycle,"P(SEND | active daily decision opportunity, conditioning keys)",STATE_AGE_PRIOR_GAP -> STATE_AGE_GAP -> STATE_PRIOR_GAP -> STATE_GAP -> AGE_PRIOR_GAP -> AGE_GAP -> ORIGIN_GAP -> GAP -> STATE_AGE_PRIOR -> STATE_AGE -> STATE_PRIOR -> STATE -> AGE_PRIOR -> AGE -> ORIGIN -> GLOBAL,"2026-03-01 through 2026-04-30; no May, simulated, or synthetic rows"
STATE_AGE_GAP,current_state+age_bucket+recent_send_gap_bucket,listing,21D_30D,,7D_PLUS,,39284,active_application_day,5154,0.1311984522961002,18070,21214,0.1346983951300498,0.1282172150466673,0.006481180083382498,PASS,proven PL active application-days within observed lifecycle,"P(SEND | active daily decision opportunity, conditioning keys)",STATE_AGE_PRIOR_GAP -> STATE_AGE_GAP -> STATE_PRIOR_GAP -> STATE_GAP -> AGE_PRIOR_GAP -> AGE_GAP -> ORIGIN_GAP -> GAP -> STATE_AGE_PRIOR -> STATE_AGE -> STATE_PRIOR -> STATE -> AGE_PRIOR -> AGE -> ORIGIN -> GLOBAL,"2026-03-01 through 2026-04-30; no May, simulated, or synthetic rows"
STATE_AGE_GAP,current_state+age_bucket+recent_send_gap_bucket,listing,21D_30D,,LT_1D,,24640,active_application_day,4571,0.1855113636363636,7612,17028,0.2207041513399895,0.16977918722104768,0.05092496411894182,PASS,proven PL active application-days within observed lifecycle,"P(SEND | active daily decision opportunity, conditioning keys)",STATE_AGE_PRIOR_GAP -> STATE_AGE_GAP -> STATE_PRIOR_GAP -> STATE_GAP -> AGE_PRIOR_GAP -> AGE_GAP -> ORIGIN_GAP -> GAP -> STATE_AGE_PRIOR -> STATE_AGE -> STATE_PRIOR -> STATE -> AGE_PRIOR -> AGE -> ORIGIN -> GLOBAL,"2026-03-01 through 2026-04-30; no May, simulated, or synthetic rows"
STATE_AGE_GAP,current_state+age_bucket+recent_send_gap_bucket,listing,21D_30D,,NO_PRIOR_SEND,,6048,active_application_day,309,0.0510912698412698,2275,3773,0.04527472527472527,0.05459846276172807,0.009323737487002798,PASS,proven PL active application-days within observed lifecycle,"P(SEND | active daily decision opportunity, conditioning keys)",STATE_AGE_PRIOR_GAP -> STATE_AGE_GAP -> STATE_PRIOR_GAP -> STATE_GAP -> AGE_PRIOR_GAP -> AGE_GAP -> ORIGIN_GAP -> GAP -> STATE_AGE_PRIOR -> STATE_AGE -> STATE_PRIOR -> STATE -> AGE_PRIOR -> AGE -> ORIGIN -> GLOBAL,"2026-03-01 through 2026-04-30; no May, simulated, or synthetic rows"
STATE_AGE_GAP,current_state+age_bucket+recent_send_gap_bucket,listing,3D_7D,,LT_1D,,17747,active_application_day,4825,0.2718769369470896,7413,10334,0.2792391744233104,0.2665957035029998,0.012643470920310595,PASS,proven PL active application-days within observed lifecycle,"P(SEND | active daily decision opportunity, conditioning keys)",STATE_AGE_PRIOR_GAP -> STATE_AGE_GAP -> STATE_PRIOR_GAP -> STATE_GAP -> AGE_PRIOR_GAP -> AGE_GAP -> ORIGIN_GAP -> GAP -> STATE_AGE_PRIOR -> STATE_AGE -> STATE_PRIOR -> STATE -> AGE_PRIOR -> AGE -> ORIGIN -> GLOBAL,"2026-03-01 through 2026-04-30; no May, simulated, or synthetic rows"
STATE_AGE_GAP,current_state+age_bucket+recent_send_gap_bucket,listing,3D_7D,,NO_PRIOR_SEND,,12860,active_application_day,1875,0.145800933125972,8268,4592,0.1262699564586357,0.18096689895470383,0.05469694249606813,PASS,proven PL active application-days within observed lifecycle,"P(SEND | active daily decision opportunity, conditioning keys)",STATE_AGE_PRIOR_GAP -> STATE_AGE_GAP -> STATE_PRIOR_GAP -> STATE_GAP -> AGE_PRIOR_GAP -> AGE_GAP -> ORIGIN_GAP -> GAP -> STATE_AGE_PRIOR -> STATE_AGE -> STATE_PRIOR -> STATE -> AGE_PRIOR -> AGE -> ORIGIN -> GLOBAL,"2026-03-01 through 2026-04-30; no May, simulated, or synthetic rows"
STATE_AGE_GAP,current_state+age_bucket+recent_send_gap_bucket,listing,7D_14D,,1D_3D,,35908,active_application_day,8380,0.2333741784560543,18899,17009,0.21434996560664585,0.25451231700864246,0.040162351401996615,PASS,proven PL active application-days within observed lifecycle,"P(SEND | active daily decision opportunity, conditioning keys)",STATE_AGE_PRIOR_GAP -> STATE_AGE_GAP -> STATE_PRIOR_GAP -> STATE_GAP -> AGE_PRIOR_GAP -> AGE_GAP -> ORIGIN_GAP -> GAP -> STATE_AGE_PRIOR -> STATE_AGE -> STATE_PRIOR -> STATE -> AGE_PRIOR -> AGE -> ORIGIN -> GLOBAL,"2026-03-01 through 2026-04-30; no May, simulated, or synthetic rows"
STATE_AGE_GAP,current_state+age_bucket+recent_send_gap_bucket,listing,7D_14D,,3D_7D,,34117,active_application_day,6787,0.1989330832136471,18534,15583,0.2036797237509442,0.1932875569530899,0.010392166797854291,PASS,proven PL active application-days within observed lifecycle,"P(SEND | active daily decision opportunity, conditioning keys)",STATE_AGE_PRIOR_GAP -> STATE_AGE_GAP -> STATE_PRIOR_GAP -> STATE_GAP -> AGE_PRIOR_GAP -> AGE_GAP -> ORIGIN_GAP -> GAP -> STATE_AGE_PRIOR -> STATE_AGE -> STATE_PRIOR -> STATE -> AGE_PRIOR -> AGE -> ORIGIN -> GLOBAL,"2026-03-01 through 2026-04-30; no May, simulated, or synthetic rows"
STATE_AGE_GAP,current_state+age_bucket+recent_send_gap_bucket,listing,7D_14D,,7D_PLUS,,20708,active_application_day,2516,0.1214989376086536,13348,7360,0.13927180101887923,0.08926630434782609,0.05000549667105314,PASS,proven PL active application-days within observed lifecycle,"P(SEND | active daily decision opportunity, conditioning keys)",STATE_AGE_PRIOR_GAP -> STATE_AGE_GAP -> STATE_PRIOR_GAP -> STATE_GAP -> AGE_PRIOR_GAP -> AGE_GAP -> ORIGIN_GAP -> GAP -> STATE_AGE_PRIOR -> STATE_AGE -> STATE_PRIOR -> STATE -> AGE_PRIOR -> AGE -> ORIGIN -> GLOBAL,"2026-03-01 through 2026-04-30; no May, simulated, or synthetic rows"
STATE_AGE_GAP,current_state+age_bucket+recent_send_gap_bucket,listing,7D_14D,,LT_1D,,29119,active_application_day,8744,0.3002850372608949,14465,14654,0.27362599377808505,0.32660024566671214,0.05297425188862709,PASS,proven PL active application-days within observed lifecycle,"P(SEND | active daily decision opportunity, conditioning keys)",STATE_AGE_PRIOR_GAP -> STATE_AGE_GAP -> STATE_PRIOR_GAP -> STATE_GAP -> AGE_PRIOR_GAP -> AGE_GAP -> ORIGIN_GAP -> GAP -> STATE_AGE_PRIOR -> STATE_AGE -> STATE_PRIOR -> STATE -> AGE_PRIOR -> AGE -> ORIGIN -> GLOBAL,"2026-03-01 through 2026-04-30; no May, simulated, or synthetic rows"
STATE_AGE_GAP,current_state+age_bucket+recent_send_gap_bucket,listing,7D_14D,,NO_PRIOR_SEND,,12096,active_application_day,831,0.0687003968253968,7956,4140,0.07415786827551533,0.05821256038647343,0.0159453078890419,PASS,proven PL active application-days within observed lifecycle,"P(SEND | active daily decision opportunity, conditioning keys)",STATE_AGE_PRIOR_GAP -> STATE_AGE_GAP -> STATE_PRIOR_GAP -> STATE_GAP -> AGE_PRIOR_GAP -> AGE_GAP -> ORIGIN_GAP -> GAP -> STATE_AGE_PRIOR -> STATE_AGE -> STATE_PRIOR -> STATE -> AGE_PRIOR -> AGE -> ORIGIN -> GLOBAL,"2026-03-01 through 2026-04-30; no May, simulated, or synthetic rows"
STATE_AGE_GAP,current_state+age_bucket+recent_send_gap_bucket,listing,LT_1D,,NO_PRIOR_SEND,,8906,active_application_day,2292,0.2573545924096115,4857,4049,0.2363598929380276,0.28253889849345515,0.04617900555542756,PASS,proven PL active application-days within observed lifecycle,"P(SEND | active daily decision opportunity, conditioning keys)",STATE_AGE_PRIOR_GAP -> STATE_AGE_GAP -> STATE_PRIOR_GAP -> STATE_GAP -> AGE_PRIOR_GAP -> AGE_GAP -> ORIGIN_GAP -> GAP -> STATE_AGE_PRIOR -> STATE_AGE -> STATE_PRIOR -> STATE -> AGE_PRIOR -> AGE -> ORIGIN -> GLOBAL,"2026-03-01 through 2026-04-30; no May, simulated, or synthetic rows"
STATE_AGE_PRIOR,current_state+age_bucket+prior_send_bucket,AIP Approved,14D_21D,4_PLUS,,,1897,active_application_day,506,0.2667369530838165,877,1020,0.2611174458380844,0.27156862745098037,0.010451181612895988,PASS,proven PL active application-days within observed lifecycle,"P(SEND | active daily decision opportunity, conditioning keys)",STATE_AGE_PRIOR_GAP -> STATE_AGE_GAP -> STATE_PRIOR_GAP -> STATE_GAP -> AGE_PRIOR_GAP -> AGE_GAP -> ORIGIN_GAP -> GAP -> STATE_AGE_PRIOR -> STATE_AGE -> STATE_PRIOR -> STATE -> AGE_PRIOR -> AGE -> ORIGIN -> GLOBAL,"2026-03-01 through 2026-04-30; no May, simulated, or synthetic rows"
STATE_AGE_PRIOR,current_state+age_bucket+prior_send_bucket,AIP Approved,21D_30D,4_PLUS,,,2256,active_application_day,545,0.2415780141843971,612,1644,0.20588235294117646,0.2548661800486618,0.048983827107485334,PASS,proven PL active application-days within observed lifecycle,"P(SEND | active daily decision opportunity, conditioning keys)",STATE_AGE_PRIOR_GAP -> STATE_AGE_GAP -> STATE_PRIOR_GAP -> STATE_GAP -> AGE_PRIOR_GAP -> AGE_GAP -> ORIGIN_GAP -> GAP -> STATE_AGE_PRIOR -> STATE_AGE -> STATE_PRIOR -> STATE -> AGE_PRIOR -> AGE -> ORIGIN -> GLOBAL,"2026-03-01 through 2026-04-30; no May, simulated, or synthetic rows"
STATE_AGE_PRIOR,current_state+age_bucket+prior_send_bucket,AIP Approved,7D_14D,4_PLUS,,,1562,active_application_day,453,0.2900128040973111,611,951,0.3191489361702128,0.27129337539432175,0.04785556077589104,PASS,proven PL active application-days within observed lifecycle,"P(SEND | active daily decision opportunity, conditioning keys)",STATE_AGE_PRIOR_GAP -> STATE_AGE_GAP -> STATE_PRIOR_GAP -> STATE_GAP -> AGE_PRIOR_GAP -> AGE_GAP -> ORIGIN_GAP -> GAP -> STATE_AGE_PRIOR -> STATE_AGE -> STATE_PRIOR -> STATE -> AGE_PRIOR -> AGE -> ORIGIN -> GLOBAL,"2026-03-01 through 2026-04-30; no May, simulated, or synthetic rows"
STATE_AGE_PRIOR,current_state+age_bucket+prior_send_bucket,Application Created,LT_1D,0,,,81434,active_application_day,19305,0.2370631431588771,44132,37302,0.22022568657663374,0.2569835397565814,0.03675785317994765,PASS,proven PL active application-days within observed lifecycle,"P(SEND | active daily decision opportunity, conditioning keys)",STATE_AGE_PRIOR_GAP -> STATE_AGE_GAP -> STATE_PRIOR_GAP -> STATE_GAP -> AGE_PRIOR_GAP -> AGE_GAP -> ORIGIN_GAP -> GAP -> STATE_AGE_PRIOR -> STATE_AGE -> STATE_PRIOR -> STATE -> AGE_PRIOR -> AGE -> ORIGIN -> GLOBAL,"2026-03-01 through 2026-04-30; no May, simulated, or synthetic rows"
STATE_AGE_PRIOR,current_state+age_bucket+prior_send_bucket,Application OTP Verification,14D_21D,4_PLUS,,,538,active_application_day,177,0.328996282527881,193,345,0.34196891191709844,0.3217391304347826,0.020229781482315856,PASS,proven PL active application-days within observed lifecycle,"P(SEND | active daily decision opportunity, conditioning keys)",STATE_AGE_PRIOR_GAP -> STATE_AGE_GAP -> STATE_PRIOR_GAP -> STATE_GAP -> AGE_PRIOR_GAP -> AGE_GAP -> ORIGIN_GAP -> GAP -> STATE_AGE_PRIOR -> STATE_AGE -> STATE_PRIOR -> STATE -> AGE_PRIOR -> AGE -> ORIGIN -> GLOBAL,"2026-03-01 through 2026-04-30; no May, simulated, or synthetic rows"
STATE_AGE_PRIOR,current_state+age_bucket+prior_send_bucket,Application OTP Verification,21D_30D,4_PLUS,,,601,active_application_day,165,0.2745424292845257,118,483,0.3135593220338983,0.2650103519668737,0.04854897006702458,PASS,proven PL active application-days within observed lifecycle,"P(SEND | active daily decision opportunity, conditioning keys)",STATE_AGE_PRIOR_GAP -> STATE_AGE_GAP -> STATE_PRIOR_GAP -> STATE_GAP -> AGE_PRIOR_GAP -> AGE_GAP -> ORIGIN_GAP -> GAP -> STATE_AGE_PRIOR -> STATE_AGE -> STATE_PRIOR -> STATE -> AGE_PRIOR -> AGE -> ORIGIN -> GLOBAL,"2026-03-01 through 2026-04-30; no May, simulated, or synthetic rows"
STATE_AGE_PRIOR,current_state+age_bucket+prior_send_bucket,Application OTP Verification,7D_14D,4_PLUS,,,524,active_application_day,134,0.2557251908396946,137,387,0.30656934306569344,0.23772609819121446,0.06884324487447899,PASS,proven PL active application-days within observed lifecycle,"P(SEND | active daily decision opportunity, conditioning keys)",STATE_AGE_PRIOR_GAP -> STATE_AGE_GAP -> STATE_PRIOR_GAP -> STATE_GAP -> AGE_PRIOR_GAP -> AGE_GAP -> ORIGIN_GAP -> GAP -> STATE_AGE_PRIOR -> STATE_AGE -> STATE_PRIOR -> STATE -> AGE_PRIOR -> AGE -> ORIGIN -> GLOBAL,"2026-03-01 through 2026-04-30; no May, simulated, or synthetic rows"
STATE_AGE_PRIOR,current_state+age_bucket+prior_send_bucket,Application Resume,14D_21D,4_PLUS,,,870,active_application_day,221,0.2540229885057471,371,499,0.2668463611859838,0.24448897795591182,0.022357383230071998,PASS,proven PL active application-days within observed lifecycle,"P(SEND | active daily decision opportunity, conditioning keys)",STATE_AGE_PRIOR_GAP -> STATE_AGE_GAP -> STATE_PRIOR_GAP -> STATE_GAP -> AGE_PRIOR_GAP -> AGE_GAP -> ORIGIN_GAP -> GAP -> STATE_AGE_PRIOR -> STATE_AGE -> STATE_PRIOR -> STATE -> AGE_PRIOR -> AGE -> ORIGIN -> GLOBAL,"2026-03-01 through 2026-04-30; no May, simulated, or synthetic rows"
STATE_AGE_PRIOR,current_state+age_bucket+prior_send_bucket,Application Resume,21D_30D,4_PLUS,,,1046,active_application_day,247,0.2361376673040153,203,843,0.23645320197044334,0.23606168446026096,0.00039151751018237646,PASS,proven PL active application-days within observed lifecycle,"P(SEND | active daily decision opportunity, conditioning keys)",STATE_AGE_PRIOR_GAP -> STATE_AGE_GAP -> STATE_PRIOR_GAP -> STATE_GAP -> AGE_PRIOR_GAP -> AGE_GAP -> ORIGIN_GAP -> GAP -> STATE_AGE_PRIOR -> STATE_AGE -> STATE_PRIOR -> STATE -> AGE_PRIOR -> AGE -> ORIGIN -> GLOBAL,"2026-03-01 through 2026-04-30; no May, simulated, or synthetic rows"
STATE_AGE_PRIOR,current_state+age_bucket+prior_send_bucket,Application Resume,7D_14D,4_PLUS,,,703,active_application_day,202,0.2873399715504978,304,399,0.2631578947368421,0.3057644110275689,0.042606516290726815,PASS,proven PL active application-days within observed lifecycle,"P(SEND | active daily decision opportunity, conditioning keys)",STATE_AGE_PRIOR_GAP -> STATE_AGE_GAP -> STATE_PRIOR_GAP -> STATE_GAP -> AGE_PRIOR_GAP -> AGE_GAP -> ORIGIN_GAP -> GAP -> STATE_AGE_PRIOR -> STATE_AGE -> STATE_PRIOR -> STATE -> AGE_PRIOR -> AGE -> ORIGIN -> GLOBAL,"2026-03-01 through 2026-04-30; no May, simulated, or synthetic rows"
STATE_AGE_PRIOR,current_state+age_bucket+prior_send_bucket,Application created/Login,14D_21D,0,,,1114,active_application_day,62,0.0556552962298025,543,571,0.06261510128913444,0.04903677758318739,0.013578323705947054,PASS,proven PL active application-days within observed lifecycle,"P(SEND | active daily decision opportunity, conditioning keys)",STATE_AGE_PRIOR_GAP -> STATE_AGE_GAP -> STATE_PRIOR_GAP -> STATE_GAP -> AGE_PRIOR_GAP -> AGE_GAP -> ORIGIN_GAP -> GAP -> STATE_AGE_PRIOR -> STATE_AGE -> STATE_PRIOR -> STATE -> AGE_PRIOR -> AGE -> ORIGIN -> GLOBAL,"2026-03-01 through 2026-04-30; no May, simulated, or synthetic rows"
STATE_AGE_PRIOR,current_state+age_bucket+prior_send_bucket,Application created/Login,14D_21D,1,,,1882,active_application_day,151,0.0802337938363443,1033,849,0.06292352371732816,0.10129564193168433,0.03837211821435617,PASS,proven PL active application-days within observed lifecycle,"P(SEND | active daily decision opportunity, conditioning keys)",STATE_AGE_PRIOR_GAP -> STATE_AGE_GAP -> STATE_PRIOR_GAP -> STATE_GAP -> AGE_PRIOR_GAP -> AGE_GAP -> ORIGIN_GAP -> GAP -> STATE_AGE_PRIOR -> STATE_AGE -> STATE_PRIOR -> STATE -> AGE_PRIOR -> AGE -> ORIGIN -> GLOBAL,"2026-03-01 through 2026-04-30; no May, simulated, or synthetic rows"
STATE_AGE_PRIOR,current_state+age_bucket+prior_send_bucket,Application created/Login,14D_21D,2_3,,,5242,active_application_day,577,0.1100724914154902,2680,2562,0.1167910447761194,0.10304449648711944,0.01374654828899996,PASS,proven PL active application-days within observed lifecycle,"P(SEND | active daily decision opportunity, conditioning keys)",STATE_AGE_PRIOR_GAP -> STATE_AGE_GAP -> STATE_PRIOR_GAP -> STATE_GAP -> AGE_PRIOR_GAP -> AGE_GAP -> ORIGIN_GAP -> GAP -> STATE_AGE_PRIOR -> STATE_AGE -> STATE_PRIOR -> STATE -> AGE_PRIOR -> AGE -> ORIGIN -> GLOBAL,"2026-03-01 through 2026-04-30; no May, simulated, or synthetic rows"
STATE_AGE_PRIOR,current_state+age_bucket+prior_send_bucket,Application created/Login,14D_21D,4_PLUS,,,13858,active_application_day,3368,0.2430365132053687,6640,7218,0.2049698795180723,0.27805486284289277,0.07308498332482047,PASS,proven PL active application-days within observed lifecycle,"P(SEND | active daily decision opportunity, conditioning keys)",STATE_AGE_PRIOR_GAP -> STATE_AGE_GAP -> STATE_PRIOR_GAP -> STATE_GAP -> AGE_PRIOR_GAP -> AGE_GAP -> ORIGIN_GAP -> GAP -> STATE_AGE_PRIOR -> STATE_AGE -> STATE_PRIOR -> STATE -> AGE_PRIOR -> AGE -> ORIGIN -> GLOBAL,"2026-03-01 through 2026-04-30; no May, simulated, or synthetic rows"
STATE_AGE_PRIOR,current_state+age_bucket+prior_send_bucket,Application created/Login,1D_3D,0,,,2430,active_application_day,467,0.1921810699588477,1233,1197,0.19708029197080293,0.1871345029239766,0.009945789046826331,PASS,proven PL active application-days within observed lifecycle,"P(SEND | active daily decision opportunity, conditioning keys)",STATE_AGE_PRIOR_GAP -> STATE_AGE_GAP -> STATE_PRIOR_GAP -> STATE_GAP -> AGE_PRIOR_GAP -> AGE_GAP -> ORIGIN_GAP -> GAP -> STATE_AGE_PRIOR -> STATE_AGE -> STATE_PRIOR -> STATE -> AGE_PRIOR -> AGE -> ORIGIN -> GLOBAL,"2026-03-01 through 2026-04-30; no May, simulated, or synthetic rows"
STATE_AGE_PRIOR,current_state+age_bucket+prior_send_bucket,Application created/Login,1D_3D,1,,,1884,active_application_day,412,0.2186836518046709,1024,860,0.2373046875,0.19651162790697674,0.04079305959302326,PASS,proven PL active application-days within observed lifecycle,"P(SEND | active daily decision opportunity, conditioning keys)",STATE_AGE_PRIOR_GAP -> STATE_AGE_GAP -> STATE_PRIOR_GAP -> STATE_GAP -> AGE_PRIOR_GAP -> AGE_GAP -> ORIGIN_GAP -> GAP -> STATE_AGE_PRIOR -> STATE_AGE -> STATE_PRIOR -> STATE -> AGE_PRIOR -> AGE -> ORIGIN -> GLOBAL,"2026-03-01 through 2026-04-30; no May, simulated, or synthetic rows"
STATE_AGE_PRIOR,current_state+age_bucket+prior_send_bucket,Application created/Login,1D_3D,2_3,,,1535,active_application_day,409,0.2664495114006515,727,808,0.265474552957359,0.26732673267326734,0.001852179715908342,PASS,proven PL active application-days within observed lifecycle,"P(SEND | active daily decision opportunity, conditioning keys)",STATE_AGE_PRIOR_GAP -> STATE_AGE_GAP -> STATE_PRIOR_GAP -> STATE_GAP -> AGE_PRIOR_GAP -> AGE_GAP -> ORIGIN_GAP -> GAP -> STATE_AGE_PRIOR -> STATE_AGE -> STATE_PRIOR -> STATE -> AGE_PRIOR -> AGE -> ORIGIN -> GLOBAL,"2026-03-01 through 2026-04-30; no May, simulated, or synthetic rows"
STATE_AGE_PRIOR,current_state+age_bucket+prior_send_bucket,Application created/Login,1D_3D,4_PLUS,,,751,active_application_day,225,0.2996005326231691,331,420,0.2719033232628399,0.32142857142857145,0.04952524816573156,PASS,proven PL active application-days within observed lifecycle,"P(SEND | active daily decision opportunity, conditioning keys)",STATE_AGE_PRIOR_GAP -> STATE_AGE_GAP -> STATE_PRIOR_GAP -> STATE_GAP -> AGE_PRIOR_GAP -> AGE_GAP -> ORIGIN_GAP -> GAP -> STATE_AGE_PRIOR -> STATE_AGE -> STATE_PRIOR -> STATE -> AGE_PRIOR -> AGE -> ORIGIN -> GLOBAL,"2026-03-01 through 2026-04-30; no May, simulated, or synthetic rows"
STATE_AGE_PRIOR,current_state+age_bucket+prior_send_bucket,Application created/Login,21D_30D,1,,,1385,active_application_day,77,0.0555956678700361,357,1028,0.0700280112044818,0.05058365758754864,0.019444353616933155,PASS,proven PL active application-days within observed lifecycle,"P(SEND | active daily decision opportunity, conditioning keys)",STATE_AGE_PRIOR_GAP -> STATE_AGE_GAP -> STATE_PRIOR_GAP -> STATE_GAP -> AGE_PRIOR_GAP -> AGE_GAP -> ORIGIN_GAP -> GAP -> STATE_AGE_PRIOR -> STATE_AGE -> STATE_PRIOR -> STATE -> AGE_PRIOR -> AGE -> ORIGIN -> GLOBAL,"2026-03-01 through 2026-04-30; no May, simulated, or synthetic rows"
STATE_AGE_PRIOR,current_state+age_bucket+prior_send_bucket,Application created/Login,21D_30D,2_3,,,4004,active_application_day,358,0.0894105894105894,1051,2953,0.13225499524262607,0.0741618692854724,0.05809312595715367,PASS,proven PL active application-days within observed lifecycle,"P(SEND | active daily decision opportunity, conditioning keys)",STATE_AGE_PRIOR_GAP -> STATE_AGE_GAP -> STATE_PRIOR_GAP -> STATE_GAP -> AGE_PRIOR_GAP -> AGE_GAP -> ORIGIN_GAP -> GAP -> STATE_AGE_PRIOR -> STATE_AGE -> STATE_PRIOR -> STATE -> AGE_PRIOR -> AGE -> ORIGIN -> GLOBAL,"2026-03-01 through 2026-04-30; no May, simulated, or synthetic rows"
STATE_AGE_PRIOR,current_state+age_bucket+prior_send_bucket,Application created/Login,21D_30D,4_PLUS,,,15970,active_application_day,3164,0.1981214777708203,3833,12137,0.2288025045656144,0.18843206723242975,0.040370437333184656,PASS,proven PL active application-days within observed lifecycle,"P(SEND | active daily decision opportunity, conditioning keys)",STATE_AGE_PRIOR_GAP -> STATE_AGE_GAP -> STATE_PRIOR_GAP -> STATE_GAP -> AGE_PRIOR_GAP -> AGE_GAP -> ORIGIN_GAP -> GAP -> STATE_AGE_PRIOR -> STATE_AGE -> STATE_PRIOR -> STATE -> AGE_PRIOR -> AGE -> ORIGIN -> GLOBAL,"2026-03-01 through 2026-04-30; no May, simulated, or synthetic rows"
STATE_AGE_PRIOR,current_state+age_bucket+prior_send_bucket,Application created/Login,3D_7D,0,,,2727,active_application_day,475,0.1741840850751742,1413,1314,0.17480537862703469,0.1735159817351598,0.0012893968918748777,PASS,proven PL active application-days within observed lifecycle,"P(SEND | active daily decision opportunity, conditioning keys)",STATE_AGE_PRIOR_GAP -> STATE_AGE_GAP -> STATE_PRIOR_GAP -> STATE_GAP -> AGE_PRIOR_GAP -> AGE_GAP -> ORIGIN_GAP -> GAP -> STATE_AGE_PRIOR -> STATE_AGE -> STATE_PRIOR -> STATE -> AGE_PRIOR -> AGE -> ORIGIN -> GLOBAL,"2026-03-01 through 2026-04-30; no May, simulated, or synthetic rows"
STATE_AGE_PRIOR,current_state+age_bucket+prior_send_bucket,Application created/Login,3D_7D,1,,,3338,active_application_day,734,0.2198921509886159,1782,1556,0.20426487093153758,0.2377892030848329,0.03352433215329531,PASS,proven PL active application-days within observed lifecycle,"P(SEND | active daily decision opportunity, conditioning keys)",STATE_AGE_PRIOR_GAP -> STATE_AGE_GAP -> STATE_PRIOR_GAP -> STATE_GAP -> AGE_PRIOR_GAP -> AGE_GAP -> ORIGIN_GAP -> GAP -> STATE_AGE_PRIOR -> STATE_AGE -> STATE_PRIOR -> STATE -> AGE_PRIOR -> AGE -> ORIGIN -> GLOBAL,"2026-03-01 through 2026-04-30; no May, simulated, or synthetic rows"
STATE_AGE_PRIOR,current_state+age_bucket+prior_send_bucket,Application created/Login,3D_7D,2_3,,,4200,active_application_day,1125,0.2678571428571428,2143,2057,0.24265048996733551,0.29411764705882354,0.051467157091488025,PASS,proven PL active application-days within observed lifecycle,"P(SEND | active daily decision opportunity, conditioning keys)",STATE_AGE_PRIOR_GAP -> STATE_AGE_GAP -> STATE_PRIOR_GAP -> STATE_GAP -> AGE_PRIOR_GAP -> AGE_GAP -> ORIGIN_GAP -> GAP -> STATE_AGE_PRIOR -> STATE_AGE -> STATE_PRIOR -> STATE -> AGE_PRIOR -> AGE -> ORIGIN -> GLOBAL,"2026-03-01 through 2026-04-30; no May, simulated, or synthetic rows"
STATE_AGE_PRIOR,current_state+age_bucket+prior_send_bucket,Application created/Login,3D_7D,4_PLUS,,,2935,active_application_day,977,0.3328790459965928,1261,1674,0.30927835051546393,0.35065710872162487,0.04137875820616094,PASS,proven PL active application-days within observed lifecycle,"P(SEND | active daily decision opportunity, conditioning keys)",STATE_AGE_PRIOR_GAP -> STATE_AGE_GAP -> STATE_PRIOR_GAP -> STATE_GAP -> AGE_PRIOR_GAP -> AGE_GAP -> ORIGIN_GAP -> GAP -> STATE_AGE_PRIOR -> STATE_AGE -> STATE_PRIOR -> STATE -> AGE_PRIOR -> AGE -> ORIGIN -> GLOBAL,"2026-03-01 through 2026-04-30; no May, simulated, or synthetic rows"
STATE_AGE_PRIOR,current_state+age_bucket+prior_send_bucket,Application created/Login,7D_14D,0,,,2009,active_application_day,207,0.1030363364858138,928,1081,0.09590517241379311,0.1091581868640148,0.013253014450221687,PASS,proven PL active application-days within observed lifecycle,"P(SEND | active daily decision opportunity, conditioning keys)",STATE_AGE_PRIOR_GAP -> STATE_AGE_GAP -> STATE_PRIOR_GAP -> STATE_GAP -> AGE_PRIOR_GAP -> AGE_GAP -> ORIGIN_GAP -> GAP -> STATE_AGE_PRIOR -> STATE_AGE -> STATE_PRIOR -> STATE -> AGE_PRIOR -> AGE -> ORIGIN -> GLOBAL,"2026-03-01 through 2026-04-30; no May, simulated, or synthetic rows"
STATE_AGE_PRIOR,current_state+age_bucket+prior_send_bucket,Application created/Login,7D_14D,1,,,3127,active_application_day,456,0.1458266709306044,1628,1499,0.14557739557739557,0.14609739826551035,0.000520002688114779,PASS,proven PL active application-days within observed lifecycle,"P(SEND | active daily decision opportunity, conditioning keys)",STATE_AGE_PRIOR_GAP -> STATE_AGE_GAP -> STATE_PRIOR_GAP -> STATE_GAP -> AGE_PRIOR_GAP -> AGE_GAP -> ORIGIN_GAP -> GAP -> STATE_AGE_PRIOR -> STATE_AGE -> STATE_PRIOR -> STATE -> AGE_PRIOR -> AGE -> ORIGIN -> GLOBAL,"2026-03-01 through 2026-04-30; no May, simulated, or synthetic rows"
STATE_AGE_PRIOR,current_state+age_bucket+prior_send_bucket,Application created/Login,7D_14D,2_3,,,7167,active_application_day,1328,0.1852937072694293,3919,3248,0.1811686654758867,0.19027093596059114,0.009102270484704439,PASS,proven PL active application-days within observed lifecycle,"P(SEND | active daily decision opportunity, conditioning keys)",STATE_AGE_PRIOR_GAP -> STATE_AGE_GAP -> STATE_PRIOR_GAP -> STATE_GAP -> AGE_PRIOR_GAP -> AGE_GAP -> ORIGIN_GAP -> GAP -> STATE_AGE_PRIOR -> STATE_AGE -> STATE_PRIOR -> STATE -> AGE_PRIOR -> AGE -> ORIGIN -> GLOBAL,"2026-03-01 through 2026-04-30; no May, simulated, or synthetic rows"
STATE_AGE_PRIOR,current_state+age_bucket+prior_send_bucket,Application created/Login,7D_14D,4_PLUS,,,10613,active_application_day,3236,0.3049090737774427,5033,5580,0.28412477647526324,0.32365591397849464,0.039531137503231395,PASS,proven PL active application-days within observed lifecycle,"P(SEND | active daily decision opportunity, conditioning keys)",STATE_AGE_PRIOR_GAP -> STATE_AGE_GAP -> STATE_PRIOR_GAP -> STATE_GAP -> AGE_PRIOR_GAP -> AGE_GAP -> ORIGIN_GAP -> GAP -> STATE_AGE_PRIOR -> STATE_AGE -> STATE_PRIOR -> STATE -> AGE_PRIOR -> AGE -> ORIGIN -> GLOBAL,"2026-03-01 through 2026-04-30; no May, simulated, or synthetic rows"
STATE_AGE_PRIOR,current_state+age_bucket+prior_send_bucket,Application created/Login,LT_1D,0,,,1748,active_application_day,407,0.232837528604119,860,888,0.19651162790697674,0.268018018018018,0.07150639011104126,PASS,proven PL active application-days within observed lifecycle,"P(SEND | active daily decision opportunity, conditioning keys)",STATE_AGE_PRIOR_GAP -> STATE_AGE_GAP -> STATE_PRIOR_GAP -> STATE_GAP -> AGE_PRIOR_GAP -> AGE_GAP -> ORIGIN_GAP -> GAP -> STATE_AGE_PRIOR -> STATE_AGE -> STATE_PRIOR -> STATE -> AGE_PRIOR -> AGE -> ORIGIN -> GLOBAL,"2026-03-01 through 2026-04-30; no May, simulated, or synthetic rows"
STATE_AGE_PRIOR,current_state+age_bucket+prior_send_bucket,Application created/Login,LT_1D,2_3,,,578,active_application_day,252,0.4359861591695502,306,272,0.4084967320261438,0.46691176470588236,0.05841503267973858,PASS,proven PL active application-days within observed lifecycle,"P(SEND | active daily decision opportunity, conditioning keys)",STATE_AGE_PRIOR_GAP -> STATE_AGE_GAP -> STATE_PRIOR_GAP -> STATE_GAP -> AGE_PRIOR_GAP -> AGE_GAP -> ORIGIN_GAP -> GAP -> STATE_AGE_PRIOR -> STATE_AGE -> STATE_PRIOR -> STATE -> AGE_PRIOR -> AGE -> ORIGIN -> GLOBAL,"2026-03-01 through 2026-04-30; no May, simulated, or synthetic rows"
STATE_AGE_PRIOR,current_state+age_bucket+prior_send_bucket,Bank Approved,14D_21D,4_PLUS,,,565,active_application_day,165,0.2920353982300885,178,387,0.25842696629213485,0.30749354005167956,0.04906657375954471,PASS,proven PL active application-days within observed lifecycle,"P(SEND | active daily decision opportunity, conditioning keys)",STATE_AGE_PRIOR_GAP -> STATE_AGE_GAP -> STATE_PRIOR_GAP -> STATE_GAP -> AGE_PRIOR_GAP -> AGE_GAP -> ORIGIN_GAP -> GAP -> STATE_AGE_PRIOR -> STATE_AGE -> STATE_PRIOR -> STATE -> AGE_PRIOR -> AGE -> ORIGIN -> GLOBAL,"2026-03-01 through 2026-04-30; no May, simulated, or synthetic rows"
STATE_AGE_PRIOR,current_state+age_bucket+prior_send_bucket,Bank Approved,21D_30D,4_PLUS,,,569,active_application_day,160,0.281195079086116,126,443,0.30158730158730157,0.27539503386004516,0.026192267727256413,PASS,proven PL active application-days within observed lifecycle,"P(SEND | active daily decision opportunity, conditioning keys)",STATE_AGE_PRIOR_GAP -> STATE_AGE_GAP -> STATE_PRIOR_GAP -> STATE_GAP -> AGE_PRIOR_GAP -> AGE_GAP -> ORIGIN_GAP -> GAP -> STATE_AGE_PRIOR -> STATE_AGE -> STATE_PRIOR -> STATE -> AGE_PRIOR -> AGE -> ORIGIN -> GLOBAL,"2026-03-01 through 2026-04-30; no May, simulated, or synthetic rows"
STATE_AGE_PRIOR,current_state+age_bucket+prior_send_bucket,Bank Approved,7D_14D,4_PLUS,,,673,active_application_day,175,0.2600297176820208,187,486,0.31016042780748665,0.24074074074074073,0.06941968706674592,PASS,proven PL active application-days within observed lifecycle,"P(SEND | active daily decision opportunity, conditioning keys)",STATE_AGE_PRIOR_GAP -> STATE_AGE_GAP -> STATE_PRIOR_GAP -> STATE_GAP -> AGE_PRIOR_GAP -> AGE_GAP -> ORIGIN_GAP -> GAP -> STATE_AGE_PRIOR -> STATE_AGE -> STATE_PRIOR -> STATE -> AGE_PRIOR -> AGE -> ORIGIN -> GLOBAL,"2026-03-01 through 2026-04-30; no May, simulated, or synthetic rows"
STATE_AGE_PRIOR,current_state+age_bucket+prior_send_bucket,Disb,14D_21D,2_3,,,559,active_application_day,67,0.1198568872987477,253,306,0.12648221343873517,0.11437908496732026,0.012103128471414912,PASS,proven PL active application-days within observed lifecycle,"P(SEND | active daily decision opportunity, conditioning keys)",STATE_AGE_PRIOR_GAP -> STATE_AGE_GAP -> STATE_PRIOR_GAP -> STATE_GAP -> AGE_PRIOR_GAP -> AGE_GAP -> ORIGIN_GAP -> GAP -> STATE_AGE_PRIOR -> STATE_AGE -> STATE_PRIOR -> STATE -> AGE_PRIOR -> AGE -> ORIGIN -> GLOBAL,"2026-03-01 through 2026-04-30; no May, simulated, or synthetic rows"
STATE_AGE_PRIOR,current_state+age_bucket+prior_send_bucket,Disb,14D_21D,4_PLUS,,,2906,active_application_day,672,0.2312456985547143,886,2020,0.2325056433408578,0.2306930693069307,0.0018125740339270946,PASS,proven PL active application-days within observed lifecycle,"P(SEND | active daily decision opportunity, conditioning keys)",STATE_AGE_PRIOR_GAP -> STATE_AGE_GAP -> STATE_PRIOR_GAP -> STATE_GAP -> AGE_PRIOR_GAP -> AGE_GAP -> ORIGIN_GAP -> GAP -> STATE_AGE_PRIOR -> STATE_AGE -> STATE_PRIOR -> STATE -> AGE_PRIOR -> AGE -> ORIGIN -> GLOBAL,"2026-03-01 through 2026-04-30; no May, simulated, or synthetic rows"
STATE_AGE_PRIOR,current_state+age_bucket+prior_send_bucket,Disb,21D_30D,4_PLUS,,,3219,active_application_day,646,0.2006834420627524,455,2764,0.2681318681318681,0.18958031837916064,0.07855154975270748,PASS,proven PL active application-days within observed lifecycle,"P(SEND | active daily decision opportunity, conditioning keys)",STATE_AGE_PRIOR_GAP -> STATE_AGE_GAP -> STATE_PRIOR_GAP -> STATE_GAP -> AGE_PRIOR_GAP -> AGE_GAP -> ORIGIN_GAP -> GAP -> STATE_AGE_PRIOR -> STATE_AGE -> STATE_PRIOR -> STATE -> AGE_PRIOR -> AGE -> ORIGIN -> GLOBAL,"2026-03-01 through 2026-04-30; no May, simulated, or synthetic rows"
STATE_AGE_PRIOR,current_state+age_bucket+prior_send_bucket,Disb,3D_7D,2_3,,,869,active_application_day,257,0.2957422324510932,500,369,0.304,0.2845528455284553,0.019447154471544714,PASS,proven PL active application-days within observed lifecycle,"P(SEND | active daily decision opportunity, conditioning keys)",STATE_AGE_PRIOR_GAP -> STATE_AGE_GAP -> STATE_PRIOR_GAP -> STATE_GAP -> AGE_PRIOR_GAP -> AGE_GAP -> ORIGIN_GAP -> GAP -> STATE_AGE_PRIOR -> STATE_AGE -> STATE_PRIOR -> STATE -> AGE_PRIOR -> AGE -> ORIGIN -> GLOBAL,"2026-03-01 through 2026-04-30; no May, simulated, or synthetic rows"
STATE_AGE_PRIOR,current_state+age_bucket+prior_send_bucket,Disb,3D_7D,4_PLUS,,,1193,active_application_day,402,0.3369656328583403,550,643,0.3381818181818182,0.3359253499222395,0.0022564682595787033,PASS,proven PL active application-days within observed lifecycle,"P(SEND | active daily decision opportunity, conditioning keys)",STATE_AGE_PRIOR_GAP -> STATE_AGE_GAP -> STATE_PRIOR_GAP -> STATE_GAP -> AGE_PRIOR_GAP -> AGE_GAP -> ORIGIN_GAP -> GAP -> STATE_AGE_PRIOR -> STATE_AGE -> STATE_PRIOR -> STATE -> AGE_PRIOR -> AGE -> ORIGIN -> GLOBAL,"2026-03-01 through 2026-04-30; no May, simulated, or synthetic rows"
STATE_AGE_PRIOR,current_state+age_bucket+prior_send_bucket,Disb,7D_14D,2_3,,,939,active_application_day,160,0.1703940362087327,490,449,0.17142857142857143,0.16926503340757237,0.0021635380209990562,PASS,proven PL active application-days within observed lifecycle,"P(SEND | active daily decision opportunity, conditioning keys)",STATE_AGE_PRIOR_GAP -> STATE_AGE_GAP -> STATE_PRIOR_GAP -> STATE_GAP -> AGE_PRIOR_GAP -> AGE_GAP -> ORIGIN_GAP -> GAP -> STATE_AGE_PRIOR -> STATE_AGE -> STATE_PRIOR -> STATE -> AGE_PRIOR -> AGE -> ORIGIN -> GLOBAL,"2026-03-01 through 2026-04-30; no May, simulated, or synthetic rows"
STATE_AGE_PRIOR,current_state+age_bucket+prior_send_bucket,Disb,7D_14D,4_PLUS,,,3040,active_application_day,807,0.2654605263157895,1213,1827,0.2761747732893652,0.2583470169677066,0.01782775632165856,PASS,proven PL active application-days within observed lifecycle,"P(SEND | active daily decision opportunity, conditioning keys)",STATE_AGE_PRIOR_GAP -> STATE_AGE_GAP -> STATE_PRIOR_GAP -> STATE_GAP -> AGE_PRIOR_GAP -> AGE_GAP -> ORIGIN_GAP -> GAP -> STATE_AGE_PRIOR -> STATE_AGE -> STATE_PRIOR -> STATE -> AGE_PRIOR -> AGE -> ORIGIN -> GLOBAL,"2026-03-01 through 2026-04-30; no May, simulated, or synthetic rows"
STATE_AGE_PRIOR,current_state+age_bucket+prior_send_bucket,Form filled-Rejected,14D_21D,4_PLUS,,,2138,active_application_day,553,0.2586529466791394,1202,936,0.2687188019966722,0.24572649572649571,0.022992306270176482,PASS,proven PL active application-days within observed lifecycle,"P(SEND | active daily decision opportunity, conditioning keys)",STATE_AGE_PRIOR_GAP -> STATE_AGE_GAP -> STATE_PRIOR_GAP -> STATE_GAP -> AGE_PRIOR_GAP -> AGE_GAP -> ORIGIN_GAP -> GAP -> STATE_AGE_PRIOR -> STATE_AGE -> STATE_PRIOR -> STATE -> AGE_PRIOR -> AGE -> ORIGIN -> GLOBAL,"2026-03-01 through 2026-04-30; no May, simulated, or synthetic rows"
STATE_AGE_PRIOR,current_state+age_bucket+prior_send_bucket,Form filled-Rejected,21D_30D,4_PLUS,,,2499,active_application_day,676,0.2705082032813125,717,1782,0.3068340306834031,0.2558922558922559,0.0509417747911472,PASS,proven PL active application-days within observed lifecycle,"P(SEND | active daily decision opportunity, conditioning keys)",STATE_AGE_PRIOR_GAP -> STATE_AGE_GAP -> STATE_PRIOR_GAP -> STATE_GAP -> AGE_PRIOR_GAP -> AGE_GAP -> ORIGIN_GAP -> GAP -> STATE_AGE_PRIOR -> STATE_AGE -> STATE_PRIOR -> STATE -> AGE_PRIOR -> AGE -> ORIGIN -> GLOBAL,"2026-03-01 through 2026-04-30; no May, simulated, or synthetic rows"
STATE_AGE_PRIOR,current_state+age_bucket+prior_send_bucket,Form filled-Rejected,3D_7D,2_3,,,596,active_application_day,168,0.2818791946308724,378,218,0.25132275132275134,0.3348623853211009,0.08353963399834957,PASS,proven PL active application-days within observed lifecycle,"P(SEND | active daily decision opportunity, conditioning keys)",STATE_AGE_PRIOR_GAP -> STATE_AGE_GAP -> STATE_PRIOR_GAP -> STATE_GAP -> AGE_PRIOR_GAP -> AGE_GAP -> ORIGIN_GAP -> GAP -> STATE_AGE_PRIOR -> STATE_AGE -> STATE_PRIOR -> STATE -> AGE_PRIOR -> AGE -> ORIGIN -> GLOBAL,"2026-03-01 through 2026-04-30; no May, simulated, or synthetic rows"
STATE_AGE_PRIOR,current_state+age_bucket+prior_send_bucket,Form filled-Rejected,3D_7D,4_PLUS,,,614,active_application_day,217,0.3534201954397394,288,326,0.3298611111111111,0.37423312883435583,0.04437201772324473,PASS,proven PL active application-days within observed lifecycle,"P(SEND | active daily decision opportunity, conditioning keys)",STATE_AGE_PRIOR_GAP -> STATE_AGE_GAP -> STATE_PRIOR_GAP -> STATE_GAP -> AGE_PRIOR_GAP -> AGE_GAP -> ORIGIN_GAP -> GAP -> STATE_AGE_PRIOR -> STATE_AGE -> STATE_PRIOR -> STATE -> AGE_PRIOR -> AGE -> ORIGIN -> GLOBAL,"2026-03-01 through 2026-04-30; no May, simulated, or synthetic rows"
STATE_AGE_PRIOR,current_state+age_bucket+prior_send_bucket,Form filled-Rejected,7D_14D,2_3,,,754,active_application_day,153,0.2029177718832891,500,254,0.204,0.20078740157480315,0.003212598425196833,PASS,proven PL active application-days within observed lifecycle,"P(SEND | active daily decision opportunity, conditioning keys)",STATE_AGE_PRIOR_GAP -> STATE_AGE_GAP -> STATE_PRIOR_GAP -> STATE_GAP -> AGE_PRIOR_GAP -> AGE_GAP -> ORIGIN_GAP -> GAP -> STATE_AGE_PRIOR -> STATE_AGE -> STATE_PRIOR -> STATE -> AGE_PRIOR -> AGE -> ORIGIN -> GLOBAL,"2026-03-01 through 2026-04-30; no May, simulated, or synthetic rows"
STATE_AGE_PRIOR,current_state+age_bucket+prior_send_bucket,Form filled-Rejected,7D_14D,4_PLUS,,,1807,active_application_day,565,0.3126729385722192,968,839,0.32541322314049587,0.29797377830750893,0.027439444832986937,PASS,proven PL active application-days within observed lifecycle,"P(SEND | active daily decision opportunity, conditioning keys)",STATE_AGE_PRIOR_GAP -> STATE_AGE_GAP -> STATE_PRIOR_GAP -> STATE_GAP -> AGE_PRIOR_GAP -> AGE_GAP -> ORIGIN_GAP -> GAP -> STATE_AGE_PRIOR -> STATE_AGE -> STATE_PRIOR -> STATE -> AGE_PRIOR -> AGE -> ORIGIN -> GLOBAL,"2026-03-01 through 2026-04-30; no May, simulated, or synthetic rows"
STATE_AGE_PRIOR,current_state+age_bucket+prior_send_bucket,Journey Close,14D_21D,4_PLUS,,,1098,active_application_day,294,0.2677595628415301,474,624,0.29957805907172996,0.24358974358974358,0.05598831548198638,PASS,proven PL active application-days within observed lifecycle,"P(SEND | active daily decision opportunity, conditioning keys)",STATE_AGE_PRIOR_GAP -> STATE_AGE_GAP -> STATE_PRIOR_GAP -> STATE_GAP -> AGE_PRIOR_GAP -> AGE_GAP -> ORIGIN_GAP -> GAP -> STATE_AGE_PRIOR -> STATE_AGE -> STATE_PRIOR -> STATE -> AGE_PRIOR -> AGE -> ORIGIN -> GLOBAL,"2026-03-01 through 2026-04-30; no May, simulated, or synthetic rows"
STATE_AGE_PRIOR,current_state+age_bucket+prior_send_bucket,Journey Close,21D_30D,4_PLUS,,,1245,active_application_day,320,0.2570281124497992,377,868,0.2625994694960212,0.25460829493087556,0.007991174565145642,PASS,proven PL active application-days within observed lifecycle,"P(SEND | active daily decision opportunity, conditioning keys)",STATE_AGE_PRIOR_GAP -> STATE_AGE_GAP -> STATE_PRIOR_GAP -> STATE_GAP -> AGE_PRIOR_GAP -> AGE_GAP -> ORIGIN_GAP -> GAP -> STATE_AGE_PRIOR -> STATE_AGE -> STATE_PRIOR -> STATE -> AGE_PRIOR -> AGE -> ORIGIN -> GLOBAL,"2026-03-01 through 2026-04-30; no May, simulated, or synthetic rows"
STATE_AGE_PRIOR,current_state+age_bucket+prior_send_bucket,Journey Close,7D_14D,4_PLUS,,,842,active_application_day,257,0.3052256532066508,340,502,0.3235294117647059,0.29282868525896416,0.030700726505741738,PASS,proven PL active application-days within observed lifecycle,"P(SEND | active daily decision opportunity, conditioning keys)",STATE_AGE_PRIOR_GAP -> STATE_AGE_GAP -> STATE_PRIOR_GAP -> STATE_GAP -> AGE_PRIOR_GAP -> AGE_GAP -> ORIGIN_GAP -> GAP -> STATE_AGE_PRIOR -> STATE_AGE -> STATE_PRIOR -> STATE -> AGE_PRIOR -> AGE -> ORIGIN -> GLOBAL,"2026-03-01 through 2026-04-30; no May, simulated, or synthetic rows"
STATE_AGE_PRIOR,current_state+age_bucket+prior_send_bucket,Professional details,14D_21D,0,,,1621,active_application_day,114,0.0703269586674892,1007,614,0.05660377358490566,0.09283387622149837,0.03623010263659271,PASS,proven PL active application-days within observed lifecycle,"P(SEND | active daily decision opportunity, conditioning keys)",STATE_AGE_PRIOR_GAP -> STATE_AGE_GAP -> STATE_PRIOR_GAP -> STATE_GAP -> AGE_PRIOR_GAP -> AGE_GAP -> ORIGIN_GAP -> GAP -> STATE_AGE_PRIOR -> STATE_AGE -> STATE_PRIOR -> STATE -> AGE_PRIOR -> AGE -> ORIGIN -> GLOBAL,"2026-03-01 through 2026-04-30; no May, simulated, or synthetic rows"
STATE_AGE_PRIOR,current_state+age_bucket+prior_send_bucket,Professional details,14D_21D,1,,,3582,active_application_day,357,0.0996649916247906,1953,1629,0.06041986687147977,0.14671577655003068,0.08629590967855091,PASS,proven PL active application-days within observed lifecycle,"P(SEND | active daily decision opportunity, conditioning keys)",STATE_AGE_PRIOR_GAP -> STATE_AGE_GAP -> STATE_PRIOR_GAP -> STATE_GAP -> AGE_PRIOR_GAP -> AGE_GAP -> ORIGIN_GAP -> GAP -> STATE_AGE_PRIOR -> STATE_AGE -> STATE_PRIOR -> STATE -> AGE_PRIOR -> AGE -> ORIGIN -> GLOBAL,"2026-03-01 through 2026-04-30; no May, simulated, or synthetic rows"
STATE_AGE_PRIOR,current_state+age_bucket+prior_send_bucket,Professional details,14D_21D,2_3,,,9078,active_application_day,868,0.0956157743996475,4608,4470,0.08897569444444445,0.10246085011185682,0.013485155667412374,PASS,proven PL active application-days within observed lifecycle,"P(SEND | active daily decision opportunity, conditioning keys)",STATE_AGE_PRIOR_GAP -> STATE_AGE_GAP -> STATE_PRIOR_GAP -> STATE_GAP -> AGE_PRIOR_GAP -> AGE_GAP -> ORIGIN_GAP -> GAP -> STATE_AGE_PRIOR -> STATE_AGE -> STATE_PRIOR -> STATE -> AGE_PRIOR -> AGE -> ORIGIN -> GLOBAL,"2026-03-01 through 2026-04-30; no May, simulated, or synthetic rows"
STATE_AGE_PRIOR,current_state+age_bucket+prior_send_bucket,Professional details,14D_21D,4_PLUS,,,15069,active_application_day,2996,0.1988187670051098,8071,6998,0.19093049188452485,0.2079165475850243,0.016986055700499436,PASS,proven PL active application-days within observed lifecycle,"P(SEND | active daily decision opportunity, conditioning keys)",STATE_AGE_PRIOR_GAP -> STATE_AGE_GAP -> STATE_PRIOR_GAP -> STATE_GAP -> AGE_PRIOR_GAP -> AGE_GAP -> ORIGIN_GAP -> GAP -> STATE_AGE_PRIOR -> STATE_AGE -> STATE_PRIOR -> STATE -> AGE_PRIOR -> AGE -> ORIGIN -> GLOBAL,"2026-03-01 through 2026-04-30; no May, simulated, or synthetic rows"
STATE_AGE_PRIOR,current_state+age_bucket+prior_send_bucket,Professional details,1D_3D,0,,,3618,active_application_day,626,0.1730237700386954,1953,1665,0.20993343573988735,0.12972972972972974,0.08020370601015761,PASS,proven PL active application-days within observed lifecycle,"P(SEND | active daily decision opportunity, conditioning keys)",STATE_AGE_PRIOR_GAP -> STATE_AGE_GAP -> STATE_PRIOR_GAP -> STATE_GAP -> AGE_PRIOR_GAP -> AGE_GAP -> ORIGIN_GAP -> GAP -> STATE_AGE_PRIOR -> STATE_AGE -> STATE_PRIOR -> STATE -> AGE_PRIOR -> AGE -> ORIGIN -> GLOBAL,"2026-03-01 through 2026-04-30; no May, simulated, or synthetic rows"
STATE_AGE_PRIOR,current_state+age_bucket+prior_send_bucket,Professional details,1D_3D,1,,,2464,active_application_day,454,0.1842532467532467,1542,922,0.1867704280155642,0.18004338394793926,0.006727044067624949,PASS,proven PL active application-days within observed lifecycle,"P(SEND | active daily decision opportunity, conditioning keys)",STATE_AGE_PRIOR_GAP -> STATE_AGE_GAP -> STATE_PRIOR_GAP -> STATE_GAP -> AGE_PRIOR_GAP -> AGE_GAP -> ORIGIN_GAP -> GAP -> STATE_AGE_PRIOR -> STATE_AGE -> STATE_PRIOR -> STATE -> AGE_PRIOR -> AGE -> ORIGIN -> GLOBAL,"2026-03-01 through 2026-04-30; no May, simulated, or synthetic rows"
STATE_AGE_PRIOR,current_state+age_bucket+prior_send_bucket,Professional details,1D_3D,2_3,,,1748,active_application_day,374,0.2139588100686499,881,867,0.24063564131668558,0.18685121107266436,0.053784430244021214,PASS,proven PL active application-days within observed lifecycle,"P(SEND | active daily decision opportunity, conditioning keys)",STATE_AGE_PRIOR_GAP -> STATE_AGE_GAP -> STATE_PRIOR_GAP -> STATE_GAP -> AGE_PRIOR_GAP -> AGE_GAP -> ORIGIN_GAP -> GAP -> STATE_AGE_PRIOR -> STATE_AGE -> STATE_PRIOR -> STATE -> AGE_PRIOR -> AGE -> ORIGIN -> GLOBAL,"2026-03-01 through 2026-04-30; no May, simulated, or synthetic rows"
STATE_AGE_PRIOR,current_state+age_bucket+prior_send_bucket,Professional details,1D_3D,4_PLUS,,,915,active_application_day,254,0.2775956284153005,449,466,0.30066815144766146,0.2553648068669528,0.04530334458070867,PASS,proven PL active application-days within observed lifecycle,"P(SEND | active daily decision opportunity, conditioning keys)",STATE_AGE_PRIOR_GAP -> STATE_AGE_GAP -> STATE_PRIOR_GAP -> STATE_GAP -> AGE_PRIOR_GAP -> AGE_GAP -> ORIGIN_GAP -> GAP -> STATE_AGE_PRIOR -> STATE_AGE -> STATE_PRIOR -> STATE -> AGE_PRIOR -> AGE -> ORIGIN -> GLOBAL,"2026-03-01 through 2026-04-30; no May, simulated, or synthetic rows"
STATE_AGE_PRIOR,current_state+age_bucket+prior_send_bucket,Professional details,21D_30D,0,,,1076,active_application_day,48,0.0446096654275092,222,854,0.05405405405405406,0.04215456674473068,0.01189948730932338,PASS,proven PL active application-days within observed lifecycle,"P(SEND | active daily decision opportunity, conditioning keys)",STATE_AGE_PRIOR_GAP -> STATE_AGE_GAP -> STATE_PRIOR_GAP -> STATE_GAP -> AGE_PRIOR_GAP -> AGE_GAP -> ORIGIN_GAP -> GAP -> STATE_AGE_PRIOR -> STATE_AGE -> STATE_PRIOR -> STATE -> AGE_PRIOR -> AGE -> ORIGIN -> GLOBAL,"2026-03-01 through 2026-04-30; no May, simulated, or synthetic rows"
STATE_AGE_PRIOR,current_state+age_bucket+prior_send_bucket,Professional details,21D_30D,1,,,2627,active_application_day,160,0.0609059763989341,732,1895,0.09289617486338798,0.04854881266490765,0.04434736219848033,PASS,proven PL active application-days within observed lifecycle,"P(SEND | active daily decision opportunity, conditioning keys)",STATE_AGE_PRIOR_GAP -> STATE_AGE_GAP -> STATE_PRIOR_GAP -> STATE_GAP -> AGE_PRIOR_GAP -> AGE_GAP -> ORIGIN_GAP -> GAP -> STATE_AGE_PRIOR -> STATE_AGE -> STATE_PRIOR -> STATE -> AGE_PRIOR -> AGE -> ORIGIN -> GLOBAL,"2026-03-01 through 2026-04-30; no May, simulated, or synthetic rows"
STATE_AGE_PRIOR,current_state+age_bucket+prior_send_bucket,Professional details,21D_30D,2_3,,,8413,active_application_day,664,0.0789254724830619,2197,6216,0.11515703231679562,0.06611969111969113,0.0490373411971045,PASS,proven PL active application-days within observed lifecycle,"P(SEND | active daily decision opportunity, conditioning keys)",STATE_AGE_PRIOR_GAP -> STATE_AGE_GAP -> STATE_PRIOR_GAP -> STATE_GAP -> AGE_PRIOR_GAP -> AGE_GAP -> ORIGIN_GAP -> GAP -> STATE_AGE_PRIOR -> STATE_AGE -> STATE_PRIOR -> STATE -> AGE_PRIOR -> AGE -> ORIGIN -> GLOBAL,"2026-03-01 through 2026-04-30; no May, simulated, or synthetic rows"
STATE_AGE_PRIOR,current_state+age_bucket+prior_send_bucket,Professional details,21D_30D,4_PLUS,,,19243,active_application_day,3349,0.1740373122693966,5054,14189,0.22180451127819548,0.157023046021566,0.06478146525662948,PASS,proven PL active application-days within observed lifecycle,"P(SEND | active daily decision opportunity, conditioning keys)",STATE_AGE_PRIOR_GAP -> STATE_AGE_GAP -> STATE_PRIOR_GAP -> STATE_GAP -> AGE_PRIOR_GAP -> AGE_GAP -> ORIGIN_GAP -> GAP -> STATE_AGE_PRIOR -> STATE_AGE -> STATE_PRIOR -> STATE -> AGE_PRIOR -> AGE -> ORIGIN -> GLOBAL,"2026-03-01 through 2026-04-30; no May, simulated, or synthetic rows"
STATE_AGE_PRIOR,current_state+age_bucket+prior_send_bucket,Professional details,3D_7D,0,,,4510,active_application_day,680,0.1507760532150776,2350,2160,0.17063829787234042,0.12916666666666668,0.04147163120567374,PASS,proven PL active application-days within observed lifecycle,"P(SEND | active daily decision opportunity, conditioning keys)",STATE_AGE_PRIOR_GAP -> STATE_AGE_GAP -> STATE_PRIOR_GAP -> STATE_GAP -> AGE_PRIOR_GAP -> AGE_GAP -> ORIGIN_GAP -> GAP -> STATE_AGE_PRIOR -> STATE_AGE -> STATE_PRIOR -> STATE -> AGE_PRIOR -> AGE -> ORIGIN -> GLOBAL,"2026-03-01 through 2026-04-30; no May, simulated, or synthetic rows"
STATE_AGE_PRIOR,current_state+age_bucket+prior_send_bucket,Professional details,3D_7D,1,,,4731,active_application_day,934,0.1974212640033819,2968,1763,0.20788409703504043,0.17980714690867838,0.02807695012636205,PASS,proven PL active application-days within observed lifecycle,"P(SEND | active daily decision opportunity, conditioning keys)",STATE_AGE_PRIOR_GAP -> STATE_AGE_GAP -> STATE_PRIOR_GAP -> STATE_GAP -> AGE_PRIOR_GAP -> AGE_GAP -> ORIGIN_GAP -> GAP -> STATE_AGE_PRIOR -> STATE_AGE -> STATE_PRIOR -> STATE -> AGE_PRIOR -> AGE -> ORIGIN -> GLOBAL,"2026-03-01 through 2026-04-30; no May, simulated, or synthetic rows"
STATE_AGE_PRIOR,current_state+age_bucket+prior_send_bucket,Professional details,3D_7D,2_3,,,4897,active_application_day,1216,0.2483152950786195,2668,2229,0.25412293853073464,0.24136384028712426,0.012759098243610378,PASS,proven PL active application-days within observed lifecycle,"P(SEND | active daily decision opportunity, conditioning keys)",STATE_AGE_PRIOR_GAP -> STATE_AGE_GAP -> STATE_PRIOR_GAP -> STATE_GAP -> AGE_PRIOR_GAP -> AGE_GAP -> ORIGIN_GAP -> GAP -> STATE_AGE_PRIOR -> STATE_AGE -> STATE_PRIOR -> STATE -> AGE_PRIOR -> AGE -> ORIGIN -> GLOBAL,"2026-03-01 through 2026-04-30; no May, simulated, or synthetic rows"
STATE_AGE_PRIOR,current_state+age_bucket+prior_send_bucket,Professional details,3D_7D,4_PLUS,,,3267,active_application_day,1053,0.3223140495867768,1604,1663,0.3229426433915212,0.3217077570655442,0.0012348863259769582,PASS,proven PL active application-days within observed lifecycle,"P(SEND | active daily decision opportunity, conditioning keys)",STATE_AGE_PRIOR_GAP -> STATE_AGE_GAP -> STATE_PRIOR_GAP -> STATE_GAP -> AGE_PRIOR_GAP -> AGE_GAP -> ORIGIN_GAP -> GAP -> STATE_AGE_PRIOR -> STATE_AGE -> STATE_PRIOR -> STATE -> AGE_PRIOR -> AGE -> ORIGIN -> GLOBAL,"2026-03-01 through 2026-04-30; no May, simulated, or synthetic rows"
STATE_AGE_PRIOR,current_state+age_bucket+prior_send_bucket,Professional details,7D_14D,0,,,3120,active_application_day,369,0.1182692307692307,1554,1566,0.07207207207207207,0.1641123882503193,0.09204031617824722,PASS,proven PL active application-days within observed lifecycle,"P(SEND | active daily decision opportunity, conditioning keys)",STATE_AGE_PRIOR_GAP -> STATE_AGE_GAP -> STATE_PRIOR_GAP -> STATE_GAP -> AGE_PRIOR_GAP -> AGE_GAP -> ORIGIN_GAP -> GAP -> STATE_AGE_PRIOR -> STATE_AGE -> STATE_PRIOR -> STATE -> AGE_PRIOR -> AGE -> ORIGIN -> GLOBAL,"2026-03-01 through 2026-04-30; no May, simulated, or synthetic rows"
STATE_AGE_PRIOR,current_state+age_bucket+prior_send_bucket,Professional details,7D_14D,1,,,5797,active_application_day,609,0.1050543384509229,2851,2946,0.1080322693791652,0.1021724372029871,0.005859832176178095,PASS,proven PL active application-days within observed lifecycle,"P(SEND | active daily decision opportunity, conditioning keys)",STATE_AGE_PRIOR_GAP -> STATE_AGE_GAP -> STATE_PRIOR_GAP -> STATE_GAP -> AGE_PRIOR_GAP -> AGE_GAP -> ORIGIN_GAP -> GAP -> STATE_AGE_PRIOR -> STATE_AGE -> STATE_PRIOR -> STATE -> AGE_PRIOR -> AGE -> ORIGIN -> GLOBAL,"2026-03-01 through 2026-04-30; no May, simulated, or synthetic rows"
STATE_AGE_PRIOR,current_state+age_bucket+prior_send_bucket,Professional details,7D_14D,2_3,,,10021,active_application_day,1405,0.1402055683065562,5964,4057,0.14805499664654595,0.12866650234163174,0.01938849430491421,PASS,proven PL active application-days within observed lifecycle,"P(SEND | active daily decision opportunity, conditioning keys)",STATE_AGE_PRIOR_GAP -> STATE_AGE_GAP -> STATE_PRIOR_GAP -> STATE_GAP -> AGE_PRIOR_GAP -> AGE_GAP -> ORIGIN_GAP -> GAP -> STATE_AGE_PRIOR -> STATE_AGE -> STATE_PRIOR -> STATE -> AGE_PRIOR -> AGE -> ORIGIN -> GLOBAL,"2026-03-01 through 2026-04-30; no May, simulated, or synthetic rows"
STATE_AGE_PRIOR,current_state+age_bucket+prior_send_bucket,Professional details,7D_14D,4_PLUS,,,11228,active_application_day,2870,0.2556109725685785,6282,4946,0.2617000955109838,0.2478770723817226,0.013823023129261175,PASS,proven PL active application-days within observed lifecycle,"P(SEND | active daily decision opportunity, conditioning keys)",STATE_AGE_PRIOR_GAP -> STATE_AGE_GAP -> STATE_PRIOR_GAP -> STATE_GAP -> AGE_PRIOR_GAP -> AGE_GAP -> ORIGIN_GAP -> GAP -> STATE_AGE_PRIOR -> STATE_AGE -> STATE_PRIOR -> STATE -> AGE_PRIOR -> AGE -> ORIGIN -> GLOBAL,"2026-03-01 through 2026-04-30; no May, simulated, or synthetic rows"
STATE_AGE_PRIOR,current_state+age_bucket+prior_send_bucket,Professional details,LT_1D,2_3,,,680,active_application_day,316,0.4647058823529412,369,311,0.4796747967479675,0.44694533762057875,0.03272945912738873,PASS,proven PL active application-days within observed lifecycle,"P(SEND | active daily decision opportunity, conditioning keys)",STATE_AGE_PRIOR_GAP -> STATE_AGE_GAP -> STATE_PRIOR_GAP -> STATE_GAP -> AGE_PRIOR_GAP -> AGE_GAP -> ORIGIN_GAP -> GAP -> STATE_AGE_PRIOR -> STATE_AGE -> STATE_PRIOR -> STATE -> AGE_PRIOR -> AGE -> ORIGIN -> GLOBAL,"2026-03-01 through 2026-04-30; no May, simulated, or synthetic rows"
STATE_AGE_PRIOR,current_state+age_bucket+prior_send_bucket,listing,14D_21D,0,,,7647,active_application_day,287,0.0375310579312148,4766,2881,0.03923625681913554,0.03471017007983339,0.004526086739302153,PASS,proven PL active application-days within observed lifecycle,"P(SEND | active daily decision opportunity, conditioning keys)",STATE_AGE_PRIOR_GAP -> STATE_AGE_GAP -> STATE_PRIOR_GAP -> STATE_GAP -> AGE_PRIOR_GAP -> AGE_GAP -> ORIGIN_GAP -> GAP -> STATE_AGE_PRIOR -> STATE_AGE -> STATE_PRIOR -> STATE -> AGE_PRIOR -> AGE -> ORIGIN -> GLOBAL,"2026-03-01 through 2026-04-30; no May, simulated, or synthetic rows"
STATE_AGE_PRIOR,current_state+age_bucket+prior_send_bucket,listing,14D_21D,1,,,11591,active_application_day,746,0.0643602795272194,7674,3917,0.0673703414125619,0.05846310952259382,0.00890723188996808,PASS,proven PL active application-days within observed lifecycle,"P(SEND | active daily decision opportunity, conditioning keys)",STATE_AGE_PRIOR_GAP -> STATE_AGE_GAP -> STATE_PRIOR_GAP -> STATE_GAP -> AGE_PRIOR_GAP -> AGE_GAP -> ORIGIN_GAP -> GAP -> STATE_AGE_PRIOR -> STATE_AGE -> STATE_PRIOR -> STATE -> AGE_PRIOR -> AGE -> ORIGIN -> GLOBAL,"2026-03-01 through 2026-04-30; no May, simulated, or synthetic rows"
STATE_AGE_PRIOR,current_state+age_bucket+prior_send_bucket,listing,14D_21D,2_3,,,26563,active_application_day,2765,0.1040921582652561,17058,9505,0.1127330284910306,0.08858495528669122,0.024148073204339385,PASS,proven PL active application-days within observed lifecycle,"P(SEND | active daily decision opportunity, conditioning keys)",STATE_AGE_PRIOR_GAP -> STATE_AGE_GAP -> STATE_PRIOR_GAP -> STATE_GAP -> AGE_PRIOR_GAP -> AGE_GAP -> ORIGIN_GAP -> GAP -> STATE_AGE_PRIOR -> STATE_AGE -> STATE_PRIOR -> STATE -> AGE_PRIOR -> AGE -> ORIGIN -> GLOBAL,"2026-03-01 through 2026-04-30; no May, simulated, or synthetic rows"
STATE_AGE_PRIOR,current_state+age_bucket+prior_send_bucket,listing,14D_21D,4_PLUS,,,79113,active_application_day,17881,0.2260184798958451,42695,36418,0.2138892141936995,0.24023834367620409,0.02634912948250459,PASS,proven PL active application-days within observed lifecycle,"P(SEND | active daily decision opportunity, conditioning keys)",STATE_AGE_PRIOR_GAP -> STATE_AGE_GAP -> STATE_PRIOR_GAP -> STATE_GAP -> AGE_PRIOR_GAP -> AGE_GAP -> ORIGIN_GAP -> GAP -> STATE_AGE_PRIOR -> STATE_AGE -> STATE_PRIOR -> STATE -> AGE_PRIOR -> AGE -> ORIGIN -> GLOBAL,"2026-03-01 through 2026-04-30; no May, simulated, or synthetic rows"
STATE_AGE_PRIOR,current_state+age_bucket+prior_send_bucket,listing,1D_3D,0,,,12189,active_application_day,2531,0.2076462384116826,6691,5498,0.17441339112240323,0.24809021462349945,0.07367682350109622,PASS,proven PL active application-days within observed lifecycle,"P(SEND | active daily decision opportunity, conditioning keys)",STATE_AGE_PRIOR_GAP -> STATE_AGE_GAP -> STATE_PRIOR_GAP -> STATE_GAP -> AGE_PRIOR_GAP -> AGE_GAP -> ORIGIN_GAP -> GAP -> STATE_AGE_PRIOR -> STATE_AGE -> STATE_PRIOR -> STATE -> AGE_PRIOR -> AGE -> ORIGIN -> GLOBAL,"2026-03-01 through 2026-04-30; no May, simulated, or synthetic rows"
STATE_AGE_PRIOR,current_state+age_bucket+prior_send_bucket,listing,1D_3D,1,,,10649,active_application_day,2468,0.2317588505963001,6442,4207,0.19372865569698852,0.2899928690278108,0.09626421333082227,PASS,proven PL active application-days within observed lifecycle,"P(SEND | active daily decision opportunity, conditioning keys)",STATE_AGE_PRIOR_GAP -> STATE_AGE_GAP -> STATE_PRIOR_GAP -> STATE_GAP -> AGE_PRIOR_GAP -> AGE_GAP -> ORIGIN_GAP -> GAP -> STATE_AGE_PRIOR -> STATE_AGE -> STATE_PRIOR -> STATE -> AGE_PRIOR -> AGE -> ORIGIN -> GLOBAL,"2026-03-01 through 2026-04-30; no May, simulated, or synthetic rows"
STATE_AGE_PRIOR,current_state+age_bucket+prior_send_bucket,listing,1D_3D,2_3,,,9909,active_application_day,2579,0.2602684428297507,5385,4524,0.22079851439182915,0.3072502210433245,0.08645170665149535,PASS,proven PL active application-days within observed lifecycle,"P(SEND | active daily decision opportunity, conditioning keys)",STATE_AGE_PRIOR_GAP -> STATE_AGE_GAP -> STATE_PRIOR_GAP -> STATE_GAP -> AGE_PRIOR_GAP -> AGE_GAP -> ORIGIN_GAP -> GAP -> STATE_AGE_PRIOR -> STATE_AGE -> STATE_PRIOR -> STATE -> AGE_PRIOR -> AGE -> ORIGIN -> GLOBAL,"2026-03-01 through 2026-04-30; no May, simulated, or synthetic rows"
STATE_AGE_PRIOR,current_state+age_bucket+prior_send_bucket,listing,21D_30D,0,,,6048,active_application_day,309,0.0510912698412698,2275,3773,0.04527472527472527,0.05459846276172807,0.009323737487002798,PASS,proven PL active application-days within observed lifecycle,"P(SEND | active daily decision opportunity, conditioning keys)",STATE_AGE_PRIOR_GAP -> STATE_AGE_GAP -> STATE_PRIOR_GAP -> STATE_GAP -> AGE_PRIOR_GAP -> AGE_GAP -> ORIGIN_GAP -> GAP -> STATE_AGE_PRIOR -> STATE_AGE -> STATE_PRIOR -> STATE -> AGE_PRIOR -> AGE -> ORIGIN -> GLOBAL,"2026-03-01 through 2026-04-30; no May, simulated, or synthetic rows"
STATE_AGE_PRIOR,current_state+age_bucket+prior_send_bucket,listing,21D_30D,1,,,9392,active_application_day,732,0.07793867120954,4084,5308,0.07174338883447601,0.08270535041446872,0.010961961579992713,PASS,proven PL active application-days within observed lifecycle,"P(SEND | active daily decision opportunity, conditioning keys)",STATE_AGE_PRIOR_GAP -> STATE_AGE_GAP -> STATE_PRIOR_GAP -> STATE_GAP -> AGE_PRIOR_GAP -> AGE_GAP -> ORIGIN_GAP -> GAP -> STATE_AGE_PRIOR -> STATE_AGE -> STATE_PRIOR -> STATE -> AGE_PRIOR -> AGE -> ORIGIN -> GLOBAL,"2026-03-01 through 2026-04-30; no May, simulated, or synthetic rows"
STATE_AGE_PRIOR,current_state+age_bucket+prior_send_bucket,listing,21D_30D,2_3,,,22594,active_application_day,2414,0.1068425245640435,9090,13504,0.11386138613861387,0.10211789099526067,0.011743495143353197,PASS,proven PL active application-days within observed lifecycle,"P(SEND | active daily decision opportunity, conditioning keys)",STATE_AGE_PRIOR_GAP -> STATE_AGE_GAP -> STATE_PRIOR_GAP -> STATE_GAP -> AGE_PRIOR_GAP -> AGE_GAP -> ORIGIN_GAP -> GAP -> STATE_AGE_PRIOR -> STATE_AGE -> STATE_PRIOR -> STATE -> AGE_PRIOR -> AGE -> ORIGIN -> GLOBAL,"2026-03-01 through 2026-04-30; no May, simulated, or synthetic rows"
STATE_AGE_PRIOR,current_state+age_bucket+prior_send_bucket,listing,21D_30D,4_PLUS,,,96309,active_application_day,21400,0.2222014557310324,32484,63825,0.21487501539219309,0.22593027810419114,0.011055262711998054,PASS,proven PL active application-days within observed lifecycle,"P(SEND | active daily decision opportunity, conditioning keys)",STATE_AGE_PRIOR_GAP -> STATE_AGE_GAP -> STATE_PRIOR_GAP -> STATE_GAP -> AGE_PRIOR_GAP -> AGE_GAP -> ORIGIN_GAP -> GAP -> STATE_AGE_PRIOR -> STATE_AGE -> STATE_PRIOR -> STATE -> AGE_PRIOR -> AGE -> ORIGIN -> GLOBAL,"2026-03-01 through 2026-04-30; no May, simulated, or synthetic rows"
STATE_AGE_PRIOR,current_state+age_bucket+prior_send_bucket,listing,3D_7D,0,,,12860,active_application_day,1875,0.145800933125972,8268,4592,0.1262699564586357,0.18096689895470383,0.05469694249606813,PASS,proven PL active application-days within observed lifecycle,"P(SEND | active daily decision opportunity, conditioning keys)",STATE_AGE_PRIOR_GAP -> STATE_AGE_GAP -> STATE_PRIOR_GAP -> STATE_GAP -> AGE_PRIOR_GAP -> AGE_GAP -> ORIGIN_GAP -> GAP -> STATE_AGE_PRIOR -> STATE_AGE -> STATE_PRIOR -> STATE -> AGE_PRIOR -> AGE -> ORIGIN -> GLOBAL,"2026-03-01 through 2026-04-30; no May, simulated, or synthetic rows"
STATE_AGE_PRIOR,current_state+age_bucket+prior_send_bucket,listing,3D_7D,2_3,,,24995,active_application_day,6425,0.2570514102820564,13493,11502,0.2134440080041503,0.308207268301165,0.0947632602970147,PASS,proven PL active application-days within observed lifecycle,"P(SEND | active daily decision opportunity, conditioning keys)",STATE_AGE_PRIOR_GAP -> STATE_AGE_GAP -> STATE_PRIOR_GAP -> STATE_GAP -> AGE_PRIOR_GAP -> AGE_GAP -> ORIGIN_GAP -> GAP -> STATE_AGE_PRIOR -> STATE_AGE -> STATE_PRIOR -> STATE -> AGE_PRIOR -> AGE -> ORIGIN -> GLOBAL,"2026-03-01 through 2026-04-30; no May, simulated, or synthetic rows"
STATE_AGE_PRIOR,current_state+age_bucket+prior_send_bucket,listing,3D_7D,4_PLUS,,,22009,active_application_day,6993,0.3177336544141033,9940,12069,0.2852112676056338,0.34451901565995524,0.05930774805432143,PASS,proven PL active application-days within observed lifecycle,"P(SEND | active daily decision opportunity, conditioning keys)",STATE_AGE_PRIOR_GAP -> STATE_AGE_GAP -> STATE_PRIOR_GAP -> STATE_GAP -> AGE_PRIOR_GAP -> AGE_GAP -> ORIGIN_GAP -> GAP -> STATE_AGE_PRIOR -> STATE_AGE -> STATE_PRIOR -> STATE -> AGE_PRIOR -> AGE -> ORIGIN -> GLOBAL,"2026-03-01 through 2026-04-30; no May, simulated, or synthetic rows"
STATE_AGE_PRIOR,current_state+age_bucket+prior_send_bucket,listing,7D_14D,0,,,12096,active_application_day,831,0.0687003968253968,7956,4140,0.07415786827551533,0.05821256038647343,0.0159453078890419,PASS,proven PL active application-days within observed lifecycle,"P(SEND | active daily decision opportunity, conditioning keys)",STATE_AGE_PRIOR_GAP -> STATE_AGE_GAP -> STATE_PRIOR_GAP -> STATE_GAP -> AGE_PRIOR_GAP -> AGE_GAP -> ORIGIN_GAP -> GAP -> STATE_AGE_PRIOR -> STATE_AGE -> STATE_PRIOR -> STATE -> AGE_PRIOR -> AGE -> ORIGIN -> GLOBAL,"2026-03-01 through 2026-04-30; no May, simulated, or synthetic rows"
STATE_AGE_PRIOR,current_state+age_bucket+prior_send_bucket,listing,7D_14D,1,,,17909,active_application_day,1950,0.1088838014406164,12169,5740,0.11397814117840414,0.09808362369337979,0.01589451748502435,PASS,proven PL active application-days within observed lifecycle,"P(SEND | active daily decision opportunity, conditioning keys)",STATE_AGE_PRIOR_GAP -> STATE_AGE_GAP -> STATE_PRIOR_GAP -> STATE_GAP -> AGE_PRIOR_GAP -> AGE_GAP -> ORIGIN_GAP -> GAP -> STATE_AGE_PRIOR -> STATE_AGE -> STATE_PRIOR -> STATE -> AGE_PRIOR -> AGE -> ORIGIN -> GLOBAL,"2026-03-01 through 2026-04-30; no May, simulated, or synthetic rows"
STATE_AGE_PRIOR,current_state+age_bucket+prior_send_bucket,listing,7D_14D,2_3,,,36510,active_application_day,6009,0.1645850451930977,21978,14532,0.1673946673946674,0.16033581062482796,0.0070588567698394444,PASS,proven PL active application-days within observed lifecycle,"P(SEND | active daily decision opportunity, conditioning keys)",STATE_AGE_PRIOR_GAP -> STATE_AGE_GAP -> STATE_PRIOR_GAP -> STATE_GAP -> AGE_PRIOR_GAP -> AGE_GAP -> ORIGIN_GAP -> GAP -> STATE_AGE_PRIOR -> STATE_AGE -> STATE_PRIOR -> STATE -> AGE_PRIOR -> AGE -> ORIGIN -> GLOBAL,"2026-03-01 through 2026-04-30; no May, simulated, or synthetic rows"
STATE_AGE_PRIOR,current_state+age_bucket+prior_send_bucket,listing,7D_14D,4_PLUS,,,65433,active_application_day,18468,0.2822429049562147,31099,34334,0.27579664940994886,0.28808178481971225,0.012285135409763392,PASS,proven PL active application-days within observed lifecycle,"P(SEND | active daily decision opportunity, conditioning keys)",STATE_AGE_PRIOR_GAP -> STATE_AGE_GAP -> STATE_PRIOR_GAP -> STATE_GAP -> AGE_PRIOR_GAP -> AGE_GAP -> ORIGIN_GAP -> GAP -> STATE_AGE_PRIOR -> STATE_AGE -> STATE_PRIOR -> STATE -> AGE_PRIOR -> AGE -> ORIGIN -> GLOBAL,"2026-03-01 through 2026-04-30; no May, simulated, or synthetic rows"
STATE_AGE_PRIOR,current_state+age_bucket+prior_send_bucket,listing,LT_1D,0,,,8906,active_application_day,2292,0.2573545924096115,4857,4049,0.2363598929380276,0.28253889849345515,0.04617900555542756,PASS,proven PL active application-days within observed lifecycle,"P(SEND | active daily decision opportunity, conditioning keys)",STATE_AGE_PRIOR_GAP -> STATE_AGE_GAP -> STATE_PRIOR_GAP -> STATE_GAP -> AGE_PRIOR_GAP -> AGE_GAP -> ORIGIN_GAP -> GAP -> STATE_AGE_PRIOR -> STATE_AGE -> STATE_PRIOR -> STATE -> AGE_PRIOR -> AGE -> ORIGIN -> GLOBAL,"2026-03-01 through 2026-04-30; no May, simulated, or synthetic rows"
STATE_AGE_PRIOR,current_state+age_bucket+prior_send_bucket,listing,LT_1D,2_3,,,4121,active_application_day,2020,0.4901722882795438,2251,1870,0.46823633940470905,0.5165775401069519,0.04834120070224285,PASS,proven PL active application-days within observed lifecycle,"P(SEND | active daily decision opportunity, conditioning keys)",STATE_AGE_PRIOR_GAP -> STATE_AGE_GAP -> STATE_PRIOR_GAP -> STATE_GAP -> AGE_PRIOR_GAP -> AGE_GAP -> ORIGIN_GAP -> GAP -> STATE_AGE_PRIOR -> STATE_AGE -> STATE_PRIOR -> STATE -> AGE_PRIOR -> AGE -> ORIGIN -> GLOBAL,"2026-03-01 through 2026-04-30; no May, simulated, or synthetic rows"
STATE_AGE_PRIOR,current_state+age_bucket+prior_send_bucket,listing,LT_1D,4_PLUS,,,1039,active_application_day,634,0.6102021174205967,422,617,0.580568720379147,0.6304700162074555,0.04990129582830849,PASS,proven PL active application-days within observed lifecycle,"P(SEND | active daily decision opportunity, conditioning keys)",STATE_AGE_PRIOR_GAP -> STATE_AGE_GAP -> STATE_PRIOR_GAP -> STATE_GAP -> AGE_PRIOR_GAP -> AGE_GAP -> ORIGIN_GAP -> GAP -> STATE_AGE_PRIOR -> STATE_AGE -> STATE_PRIOR -> STATE -> AGE_PRIOR -> AGE -> ORIGIN -> GLOBAL,"2026-03-01 through 2026-04-30; no May, simulated, or synthetic rows"
STATE_AGE_PRIOR_GAP,current_state+age_bucket+prior_send_bucket+recent_send_gap_bucket,AIP Approved,14D_21D,4_PLUS,1D_3D,,637,active_application_day,184,0.2888540031397174,314,323,0.31528662420382164,0.2631578947368421,0.05212872946697955,PASS,proven PL active application-days within observed lifecycle,"P(SEND | active daily decision opportunity, conditioning keys)",STATE_AGE_PRIOR_GAP -> STATE_AGE_GAP -> STATE_PRIOR_GAP -> STATE_GAP -> AGE_PRIOR_GAP -> AGE_GAP -> ORIGIN_GAP -> GAP -> STATE_AGE_PRIOR -> STATE_AGE -> STATE_PRIOR -> STATE -> AGE_PRIOR -> AGE -> ORIGIN -> GLOBAL,"2026-03-01 through 2026-04-30; no May, simulated, or synthetic rows"
STATE_AGE_PRIOR_GAP,current_state+age_bucket+prior_send_bucket+recent_send_gap_bucket,AIP Approved,14D_21D,4_PLUS,LT_1D,,554,active_application_day,184,0.3321299638989169,258,296,0.3023255813953488,0.3581081081081081,0.055782526712759295,PASS,proven PL active application-days within observed lifecycle,"P(SEND | active daily decision opportunity, conditioning keys)",STATE_AGE_PRIOR_GAP -> STATE_AGE_GAP -> STATE_PRIOR_GAP -> STATE_GAP -> AGE_PRIOR_GAP -> AGE_GAP -> ORIGIN_GAP -> GAP -> STATE_AGE_PRIOR -> STATE_AGE -> STATE_PRIOR -> STATE -> AGE_PRIOR -> AGE -> ORIGIN -> GLOBAL,"2026-03-01 through 2026-04-30; no May, simulated, or synthetic rows"
STATE_AGE_PRIOR_GAP,current_state+age_bucket+prior_send_bucket+recent_send_gap_bucket,AIP Approved,21D_30D,4_PLUS,1D_3D,,733,active_application_day,222,0.3028649386084583,121,612,0.36363636363636365,0.2908496732026144,0.07278669043374925,PASS,proven PL active application-days within observed lifecycle,"P(SEND | active daily decision opportunity, conditioning keys)",STATE_AGE_PRIOR_GAP -> STATE_AGE_GAP -> STATE_PRIOR_GAP -> STATE_GAP -> AGE_PRIOR_GAP -> AGE_GAP -> ORIGIN_GAP -> GAP -> STATE_AGE_PRIOR -> STATE_AGE -> STATE_PRIOR -> STATE -> AGE_PRIOR -> AGE -> ORIGIN -> GLOBAL,"2026-03-01 through 2026-04-30; no May, simulated, or synthetic rows"
STATE_AGE_PRIOR_GAP,current_state+age_bucket+prior_send_bucket+recent_send_gap_bucket,AIP Approved,21D_30D,4_PLUS,LT_1D,,564,active_application_day,126,0.2234042553191489,143,421,0.18181818181818182,0.2375296912114014,0.05571150939321959,PASS,proven PL active application-days within observed lifecycle,"P(SEND | active daily decision opportunity, conditioning keys)",STATE_AGE_PRIOR_GAP -> STATE_AGE_GAP -> STATE_PRIOR_GAP -> STATE_GAP -> AGE_PRIOR_GAP -> AGE_GAP -> ORIGIN_GAP -> GAP -> STATE_AGE_PRIOR -> STATE_AGE -> STATE_PRIOR -> STATE -> AGE_PRIOR -> AGE -> ORIGIN -> GLOBAL,"2026-03-01 through 2026-04-30; no May, simulated, or synthetic rows"
STATE_AGE_PRIOR_GAP,current_state+age_bucket+prior_send_bucket+recent_send_gap_bucket,AIP Approved,7D_14D,4_PLUS,1D_3D,,548,active_application_day,170,0.3102189781021898,200,348,0.355,0.28448275862068967,0.07051724137931031,PASS,proven PL active application-days within observed lifecycle,"P(SEND | active daily decision opportunity, conditioning keys)",STATE_AGE_PRIOR_GAP -> STATE_AGE_GAP -> STATE_PRIOR_GAP -> STATE_GAP -> AGE_PRIOR_GAP -> AGE_GAP -> ORIGIN_GAP -> GAP -> STATE_AGE_PRIOR -> STATE_AGE -> STATE_PRIOR -> STATE -> AGE_PRIOR -> AGE -> ORIGIN -> GLOBAL,"2026-03-01 through 2026-04-30; no May, simulated, or synthetic rows"
STATE_AGE_PRIOR_GAP,current_state+age_bucket+prior_send_bucket+recent_send_gap_bucket,AIP Approved,7D_14D,4_PLUS,LT_1D,,509,active_application_day,182,0.3575638506876228,219,290,0.3835616438356164,0.33793103448275863,0.04563060935285779,PASS,proven PL active application-days within observed lifecycle,"P(SEND | active daily decision opportunity, conditioning keys)",STATE_AGE_PRIOR_GAP -> STATE_AGE_GAP -> STATE_PRIOR_GAP -> STATE_GAP -> AGE_PRIOR_GAP -> AGE_GAP -> ORIGIN_GAP -> GAP -> STATE_AGE_PRIOR -> STATE_AGE -> STATE_PRIOR -> STATE -> AGE_PRIOR -> AGE -> ORIGIN -> GLOBAL,"2026-03-01 through 2026-04-30; no May, simulated, or synthetic rows"
STATE_AGE_PRIOR_GAP,current_state+age_bucket+prior_send_bucket+recent_send_gap_bucket,Application Created,LT_1D,0,NO_PRIOR_SEND,,81434,active_application_day,19305,0.2370631431588771,44132,37302,0.22022568657663374,0.2569835397565814,0.03675785317994765,PASS,proven PL active application-days within observed lifecycle,"P(SEND | active daily decision opportunity, conditioning keys)",STATE_AGE_PRIOR_GAP -> STATE_AGE_GAP -> STATE_PRIOR_GAP -> STATE_GAP -> AGE_PRIOR_GAP -> AGE_GAP -> ORIGIN_GAP -> GAP -> STATE_AGE_PRIOR -> STATE_AGE -> STATE_PRIOR -> STATE -> AGE_PRIOR -> AGE -> ORIGIN -> GLOBAL,"2026-03-01 through 2026-04-30; no May, simulated, or synthetic rows"
STATE_AGE_PRIOR_GAP,current_state+age_bucket+prior_send_bucket+recent_send_gap_bucket,Application created/Login,14D_21D,0,NO_PRIOR_SEND,,1114,active_application_day,62,0.0556552962298025,543,571,0.06261510128913444,0.04903677758318739,0.013578323705947054,PASS,proven PL active application-days within observed lifecycle,"P(SEND | active daily decision opportunity, conditioning keys)",STATE_AGE_PRIOR_GAP -> STATE_AGE_GAP -> STATE_PRIOR_GAP -> STATE_GAP -> AGE_PRIOR_GAP -> AGE_GAP -> ORIGIN_GAP -> GAP -> STATE_AGE_PRIOR -> STATE_AGE -> STATE_PRIOR -> STATE -> AGE_PRIOR -> AGE -> ORIGIN -> GLOBAL,"2026-03-01 through 2026-04-30; no May, simulated, or synthetic rows"
STATE_AGE_PRIOR_GAP,current_state+age_bucket+prior_send_bucket+recent_send_gap_bucket,Application created/Login,14D_21D,1,7D_PLUS,,1350,active_application_day,100,0.074074074074074,850,500,0.06705882352941177,0.086,0.018941176470588225,PASS,proven PL active application-days within observed lifecycle,"P(SEND | active daily decision opportunity, conditioning keys)",STATE_AGE_PRIOR_GAP -> STATE_AGE_GAP -> STATE_PRIOR_GAP -> STATE_GAP -> AGE_PRIOR_GAP -> AGE_GAP -> ORIGIN_GAP -> GAP -> STATE_AGE_PRIOR -> STATE_AGE -> STATE_PRIOR -> STATE -> AGE_PRIOR -> AGE -> ORIGIN -> GLOBAL,"2026-03-01 through 2026-04-30; no May, simulated, or synthetic rows"
STATE_AGE_PRIOR_GAP,current_state+age_bucket+prior_send_bucket+recent_send_gap_bucket,Application created/Login,14D_21D,2_3,1D_3D,,859,active_application_day,69,0.0803259604190919,275,584,0.13454545454545455,0.0547945205479452,0.07975093399750935,PASS,proven PL active application-days within observed lifecycle,"P(SEND | active daily decision opportunity, conditioning keys)",STATE_AGE_PRIOR_GAP -> STATE_AGE_GAP -> STATE_PRIOR_GAP -> STATE_GAP -> AGE_PRIOR_GAP -> AGE_GAP -> ORIGIN_GAP -> GAP -> STATE_AGE_PRIOR -> STATE_AGE -> STATE_PRIOR -> STATE -> AGE_PRIOR -> AGE -> ORIGIN -> GLOBAL,"2026-03-01 through 2026-04-30; no May, simulated, or synthetic rows"
STATE_AGE_PRIOR_GAP,current_state+age_bucket+prior_send_bucket+recent_send_gap_bucket,Application created/Login,14D_21D,2_3,3D_7D,,1688,active_application_day,176,0.1042654028436018,781,907,0.09475032010243278,0.11245865490628446,0.017708334803851672,PASS,proven PL active application-days within observed lifecycle,"P(SEND | active daily decision opportunity, conditioning keys)",STATE_AGE_PRIOR_GAP -> STATE_AGE_GAP -> STATE_PRIOR_GAP -> STATE_GAP -> AGE_PRIOR_GAP -> AGE_GAP -> ORIGIN_GAP -> GAP -> STATE_AGE_PRIOR -> STATE_AGE -> STATE_PRIOR -> STATE -> AGE_PRIOR -> AGE -> ORIGIN -> GLOBAL,"2026-03-01 through 2026-04-30; no May, simulated, or synthetic rows"
STATE_AGE_PRIOR_GAP,current_state+age_bucket+prior_send_bucket+recent_send_gap_bucket,Application created/Login,14D_21D,2_3,7D_PLUS,,2252,active_application_day,287,0.1274422735346358,1470,782,0.11972789115646258,0.14194373401534527,0.022215842858882687,PASS,proven PL active application-days within observed lifecycle,"P(SEND | active daily decision opportunity, conditioning keys)",STATE_AGE_PRIOR_GAP -> STATE_AGE_GAP -> STATE_PRIOR_GAP -> STATE_GAP -> AGE_PRIOR_GAP -> AGE_GAP -> ORIGIN_GAP -> GAP -> STATE_AGE_PRIOR -> STATE_AGE -> STATE_PRIOR -> STATE -> AGE_PRIOR -> AGE -> ORIGIN -> GLOBAL,"2026-03-01 through 2026-04-30; no May, simulated, or synthetic rows"
STATE_AGE_PRIOR_GAP,current_state+age_bucket+prior_send_bucket+recent_send_gap_bucket,Application created/Login,14D_21D,4_PLUS,1D_3D,,5016,active_application_day,1230,0.2452153110047847,2050,2966,0.20585365853658535,0.2724207687120701,0.06656711017548475,PASS,proven PL active application-days within observed lifecycle,"P(SEND | active daily decision opportunity, conditioning keys)",STATE_AGE_PRIOR_GAP -> STATE_AGE_GAP -> STATE_PRIOR_GAP -> STATE_GAP -> AGE_PRIOR_GAP -> AGE_GAP -> ORIGIN_GAP -> GAP -> STATE_AGE_PRIOR -> STATE_AGE -> STATE_PRIOR -> STATE -> AGE_PRIOR -> AGE -> ORIGIN -> GLOBAL,"2026-03-01 through 2026-04-30; no May, simulated, or synthetic rows"
STATE_AGE_PRIOR_GAP,current_state+age_bucket+prior_send_bucket+recent_send_gap_bucket,Application created/Login,14D_21D,4_PLUS,3D_7D,,3669,active_application_day,837,0.2281275551921504,2237,1432,0.1904336164506035,0.28701117318435754,0.09657755673375404,PASS,proven PL active application-days within observed lifecycle,"P(SEND | active daily decision opportunity, conditioning keys)",STATE_AGE_PRIOR_GAP -> STATE_AGE_GAP -> STATE_PRIOR_GAP -> STATE_GAP -> AGE_PRIOR_GAP -> AGE_GAP -> ORIGIN_GAP -> GAP -> STATE_AGE_PRIOR -> STATE_AGE -> STATE_PRIOR -> STATE -> AGE_PRIOR -> AGE -> ORIGIN -> GLOBAL,"2026-03-01 through 2026-04-30; no May, simulated, or synthetic rows"
STATE_AGE_PRIOR_GAP,current_state+age_bucket+prior_send_bucket+recent_send_gap_bucket,Application created/Login,14D_21D,4_PLUS,7D_PLUS,,1309,active_application_day,265,0.20244461420932,887,422,0.20067643742953778,0.20616113744075829,0.005484700011220506,PASS,proven PL active application-days within observed lifecycle,"P(SEND | active daily decision opportunity, conditioning keys)",STATE_AGE_PRIOR_GAP -> STATE_AGE_GAP -> STATE_PRIOR_GAP -> STATE_GAP -> AGE_PRIOR_GAP -> AGE_GAP -> ORIGIN_GAP -> GAP -> STATE_AGE_PRIOR -> STATE_AGE -> STATE_PRIOR -> STATE -> AGE_PRIOR -> AGE -> ORIGIN -> GLOBAL,"2026-03-01 through 2026-04-30; no May, simulated, or synthetic rows"
STATE_AGE_PRIOR_GAP,current_state+age_bucket+prior_send_bucket+recent_send_gap_bucket,Application created/Login,14D_21D,4_PLUS,LT_1D,,3864,active_application_day,1036,0.2681159420289855,1466,2398,0.22851296043656208,0.29232693911592994,0.06381397867936786,PASS,proven PL active application-days within observed lifecycle,"P(SEND | active daily decision opportunity, conditioning keys)",STATE_AGE_PRIOR_GAP -> STATE_AGE_GAP -> STATE_PRIOR_GAP -> STATE_GAP -> AGE_PRIOR_GAP -> AGE_GAP -> ORIGIN_GAP -> GAP -> STATE_AGE_PRIOR -> STATE_AGE -> STATE_PRIOR -> STATE -> AGE_PRIOR -> AGE -> ORIGIN -> GLOBAL,"2026-03-01 through 2026-04-30; no May, simulated, or synthetic rows"
STATE_AGE_PRIOR_GAP,current_state+age_bucket+prior_send_bucket+recent_send_gap_bucket,Application created/Login,1D_3D,0,NO_PRIOR_SEND,,2430,active_application_day,467,0.1921810699588477,1233,1197,0.19708029197080293,0.1871345029239766,0.009945789046826331,PASS,proven PL active application-days within observed lifecycle,"P(SEND | active daily decision opportunity, conditioning keys)",STATE_AGE_PRIOR_GAP -> STATE_AGE_GAP -> STATE_PRIOR_GAP -> STATE_GAP -> AGE_PRIOR_GAP -> AGE_GAP -> ORIGIN_GAP -> GAP -> STATE_AGE_PRIOR -> STATE_AGE -> STATE_PRIOR -> STATE -> AGE_PRIOR -> AGE -> ORIGIN -> GLOBAL,"2026-03-01 through 2026-04-30; no May, simulated, or synthetic rows"
STATE_AGE_PRIOR_GAP,current_state+age_bucket+prior_send_bucket+recent_send_gap_bucket,Application created/Login,1D_3D,1,1D_3D,,1346,active_application_day,303,0.225111441307578,755,591,0.23178807947019867,0.21658206429780033,0.015206015172398335,PASS,proven PL active application-days within observed lifecycle,"P(SEND | active daily decision opportunity, conditioning keys)",STATE_AGE_PRIOR_GAP -> STATE_AGE_GAP -> STATE_PRIOR_GAP -> STATE_GAP -> AGE_PRIOR_GAP -> AGE_GAP -> ORIGIN_GAP -> GAP -> STATE_AGE_PRIOR -> STATE_AGE -> STATE_PRIOR -> STATE -> AGE_PRIOR -> AGE -> ORIGIN -> GLOBAL,"2026-03-01 through 2026-04-30; no May, simulated, or synthetic rows"
STATE_AGE_PRIOR_GAP,current_state+age_bucket+prior_send_bucket+recent_send_gap_bucket,Application created/Login,1D_3D,2_3,1D_3D,,829,active_application_day,222,0.2677925211097708,398,431,0.271356783919598,0.26450116009280744,0.006855623826790558,PASS,proven PL active application-days within observed lifecycle,"P(SEND | active daily decision opportunity, conditioning keys)",STATE_AGE_PRIOR_GAP -> STATE_AGE_GAP -> STATE_PRIOR_GAP -> STATE_GAP -> AGE_PRIOR_GAP -> AGE_GAP -> ORIGIN_GAP -> GAP -> STATE_AGE_PRIOR -> STATE_AGE -> STATE_PRIOR -> STATE -> AGE_PRIOR -> AGE -> ORIGIN -> GLOBAL,"2026-03-01 through 2026-04-30; no May, simulated, or synthetic rows"
STATE_AGE_PRIOR_GAP,current_state+age_bucket+prior_send_bucket+recent_send_gap_bucket,Application created/Login,1D_3D,2_3,LT_1D,,706,active_application_day,187,0.2648725212464589,329,377,0.25835866261398177,0.27055702917771884,0.012198366563737073,PASS,proven PL active application-days within observed lifecycle,"P(SEND | active daily decision opportunity, conditioning keys)",STATE_AGE_PRIOR_GAP -> STATE_AGE_GAP -> STATE_PRIOR_GAP -> STATE_GAP -> AGE_PRIOR_GAP -> AGE_GAP -> ORIGIN_GAP -> GAP -> STATE_AGE_PRIOR -> STATE_AGE -> STATE_PRIOR -> STATE -> AGE_PRIOR -> AGE -> ORIGIN -> GLOBAL,"2026-03-01 through 2026-04-30; no May, simulated, or synthetic rows"
STATE_AGE_PRIOR_GAP,current_state+age_bucket+prior_send_bucket+recent_send_gap_bucket,Application created/Login,21D_30D,1,7D_PLUS,,1139,active_application_day,56,0.0491659350307287,340,799,0.06764705882352941,0.04130162703379224,0.026345431789737167,PASS,proven PL active application-days within observed lifecycle,"P(SEND | active daily decision opportunity, conditioning keys)",STATE_AGE_PRIOR_GAP -> STATE_AGE_GAP -> STATE_PRIOR_GAP -> STATE_GAP -> AGE_PRIOR_GAP -> AGE_GAP -> ORIGIN_GAP -> GAP -> STATE_AGE_PRIOR -> STATE_AGE -> STATE_PRIOR -> STATE -> AGE_PRIOR -> AGE -> ORIGIN -> GLOBAL,"2026-03-01 through 2026-04-30; no May, simulated, or synthetic rows"
STATE_AGE_PRIOR_GAP,current_state+age_bucket+prior_send_bucket+recent_send_gap_bucket,Application created/Login,21D_30D,2_3,3D_7D,,855,active_application_day,56,0.0654970760233918,173,682,0.06358381502890173,0.06598240469208211,0.0023985896631803783,PASS,proven PL active application-days within observed lifecycle,"P(SEND | active daily decision opportunity, conditioning keys)",STATE_AGE_PRIOR_GAP -> STATE_AGE_GAP -> STATE_PRIOR_GAP -> STATE_GAP -> AGE_PRIOR_GAP -> AGE_GAP -> ORIGIN_GAP -> GAP -> STATE_AGE_PRIOR -> STATE_AGE -> STATE_PRIOR -> STATE -> AGE_PRIOR -> AGE -> ORIGIN -> GLOBAL,"2026-03-01 through 2026-04-30; no May, simulated, or synthetic rows"
STATE_AGE_PRIOR_GAP,current_state+age_bucket+prior_send_bucket+recent_send_gap_bucket,Application created/Login,21D_30D,2_3,7D_PLUS,,2500,active_application_day,233,0.0932,819,1681,0.13186813186813187,0.074360499702558,0.05750763216557388,PASS,proven PL active application-days within observed lifecycle,"P(SEND | active daily decision opportunity, conditioning keys)",STATE_AGE_PRIOR_GAP -> STATE_AGE_GAP -> STATE_PRIOR_GAP -> STATE_GAP -> AGE_PRIOR_GAP -> AGE_GAP -> ORIGIN_GAP -> GAP -> STATE_AGE_PRIOR -> STATE_AGE -> STATE_PRIOR -> STATE -> AGE_PRIOR -> AGE -> ORIGIN -> GLOBAL,"2026-03-01 through 2026-04-30; no May, simulated, or synthetic rows"
STATE_AGE_PRIOR_GAP,current_state+age_bucket+prior_send_bucket+recent_send_gap_bucket,Application created/Login,21D_30D,4_PLUS,1D_3D,,5032,active_application_day,1071,0.2128378378378378,634,4398,0.20662460567823343,0.21373351523419737,0.007108909555963938,PASS,proven PL active application-days within observed lifecycle,"P(SEND | active daily decision opportunity, conditioning keys)",STATE_AGE_PRIOR_GAP -> STATE_AGE_GAP -> STATE_PRIOR_GAP -> STATE_GAP -> AGE_PRIOR_GAP -> AGE_GAP -> ORIGIN_GAP -> GAP -> STATE_AGE_PRIOR -> STATE_AGE -> STATE_PRIOR -> STATE -> AGE_PRIOR -> AGE -> ORIGIN -> GLOBAL,"2026-03-01 through 2026-04-30; no May, simulated, or synthetic rows"
STATE_AGE_PRIOR_GAP,current_state+age_bucket+prior_send_bucket+recent_send_gap_bucket,Application created/Login,21D_30D,4_PLUS,3D_7D,,4750,active_application_day,1039,0.2187368421052631,1408,3342,0.21732954545454544,0.21932974266906044,0.002000197214514998,PASS,proven PL active application-days within observed lifecycle,"P(SEND | active daily decision opportunity, conditioning keys)",STATE_AGE_PRIOR_GAP -> STATE_AGE_GAP -> STATE_PRIOR_GAP -> STATE_GAP -> AGE_PRIOR_GAP -> AGE_GAP -> ORIGIN_GAP -> GAP -> STATE_AGE_PRIOR -> STATE_AGE -> STATE_PRIOR -> STATE -> AGE_PRIOR -> AGE -> ORIGIN -> GLOBAL,"2026-03-01 through 2026-04-30; no May, simulated, or synthetic rows"
STATE_AGE_PRIOR_GAP,current_state+age_bucket+prior_send_bucket+recent_send_gap_bucket,Application created/Login,3D_7D,0,NO_PRIOR_SEND,,2727,active_application_day,475,0.1741840850751742,1413,1314,0.17480537862703469,0.1735159817351598,0.0012893968918748777,PASS,proven PL active application-days within observed lifecycle,"P(SEND | active daily decision opportunity, conditioning keys)",STATE_AGE_PRIOR_GAP -> STATE_AGE_GAP -> STATE_PRIOR_GAP -> STATE_GAP -> AGE_PRIOR_GAP -> AGE_GAP -> ORIGIN_GAP -> GAP -> STATE_AGE_PRIOR -> STATE_AGE -> STATE_PRIOR -> STATE -> AGE_PRIOR -> AGE -> ORIGIN -> GLOBAL,"2026-03-01 through 2026-04-30; no May, simulated, or synthetic rows"
STATE_AGE_PRIOR_GAP,current_state+age_bucket+prior_send_bucket+recent_send_gap_bucket,Application created/Login,3D_7D,1,3D_7D,,1817,active_application_day,409,0.225096312603192,1053,764,0.22981956315289648,0.21858638743455497,0.01123317571834151,PASS,proven PL active application-days within observed lifecycle,"P(SEND | active daily decision opportunity, conditioning keys)",STATE_AGE_PRIOR_GAP -> STATE_AGE_GAP -> STATE_PRIOR_GAP -> STATE_GAP -> AGE_PRIOR_GAP -> AGE_GAP -> ORIGIN_GAP -> GAP -> STATE_AGE_PRIOR -> STATE_AGE -> STATE_PRIOR -> STATE -> AGE_PRIOR -> AGE -> ORIGIN -> GLOBAL,"2026-03-01 through 2026-04-30; no May, simulated, or synthetic rows"
STATE_AGE_PRIOR_GAP,current_state+age_bucket+prior_send_bucket+recent_send_gap_bucket,Application created/Login,3D_7D,2_3,3D_7D,,1248,active_application_day,330,0.2644230769230769,693,555,0.26695526695526695,0.26126126126126126,0.005694005694005688,PASS,proven PL active application-days within observed lifecycle,"P(SEND | active daily decision opportunity, conditioning keys)",STATE_AGE_PRIOR_GAP -> STATE_AGE_GAP -> STATE_PRIOR_GAP -> STATE_GAP -> AGE_PRIOR_GAP -> AGE_GAP -> ORIGIN_GAP -> GAP -> STATE_AGE_PRIOR -> STATE_AGE -> STATE_PRIOR -> STATE -> AGE_PRIOR -> AGE -> ORIGIN -> GLOBAL,"2026-03-01 through 2026-04-30; no May, simulated, or synthetic rows"
STATE_AGE_PRIOR_GAP,current_state+age_bucket+prior_send_bucket+recent_send_gap_bucket,Application created/Login,3D_7D,2_3,LT_1D,,1201,active_application_day,303,0.2522897585345545,569,632,0.24428822495606328,0.25949367088607594,0.015205445930012662,PASS,proven PL active application-days within observed lifecycle,"P(SEND | active daily decision opportunity, conditioning keys)",STATE_AGE_PRIOR_GAP -> STATE_AGE_GAP -> STATE_PRIOR_GAP -> STATE_GAP -> AGE_PRIOR_GAP -> AGE_GAP -> ORIGIN_GAP -> GAP -> STATE_AGE_PRIOR -> STATE_AGE -> STATE_PRIOR -> STATE -> AGE_PRIOR -> AGE -> ORIGIN -> GLOBAL,"2026-03-01 through 2026-04-30; no May, simulated, or synthetic rows"
STATE_AGE_PRIOR_GAP,current_state+age_bucket+prior_send_bucket+recent_send_gap_bucket,Application created/Login,3D_7D,4_PLUS,3D_7D,,552,active_application_day,157,0.2844202898550724,284,268,0.3028169014084507,0.26492537313432835,0.037891528274122344,PASS,proven PL active application-days within observed lifecycle,"P(SEND | active daily decision opportunity, conditioning keys)",STATE_AGE_PRIOR_GAP -> STATE_AGE_GAP -> STATE_PRIOR_GAP -> STATE_GAP -> AGE_PRIOR_GAP -> AGE_GAP -> ORIGIN_GAP -> GAP -> STATE_AGE_PRIOR -> STATE_AGE -> STATE_PRIOR -> STATE -> AGE_PRIOR -> AGE -> ORIGIN -> GLOBAL,"2026-03-01 through 2026-04-30; no May, simulated, or synthetic rows"
STATE_AGE_PRIOR_GAP,current_state+age_bucket+prior_send_bucket+recent_send_gap_bucket,Application created/Login,3D_7D,4_PLUS,LT_1D,,1190,active_application_day,441,0.3705882352941176,481,709,0.3887733887733888,0.35825105782792666,0.03052233094546214,PASS,proven PL active application-days within observed lifecycle,"P(SEND | active daily decision opportunity, conditioning keys)",STATE_AGE_PRIOR_GAP -> STATE_AGE_GAP -> STATE_PRIOR_GAP -> STATE_GAP -> AGE_PRIOR_GAP -> AGE_GAP -> ORIGIN_GAP -> GAP -> STATE_AGE_PRIOR -> STATE_AGE -> STATE_PRIOR -> STATE -> AGE_PRIOR -> AGE -> ORIGIN -> GLOBAL,"2026-03-01 through 2026-04-30; no May, simulated, or synthetic rows"
STATE_AGE_PRIOR_GAP,current_state+age_bucket+prior_send_bucket+recent_send_gap_bucket,Application created/Login,7D_14D,0,NO_PRIOR_SEND,,2009,active_application_day,207,0.1030363364858138,928,1081,0.09590517241379311,0.1091581868640148,0.013253014450221687,PASS,proven PL active application-days within observed lifecycle,"P(SEND | active daily decision opportunity, conditioning keys)",STATE_AGE_PRIOR_GAP -> STATE_AGE_GAP -> STATE_PRIOR_GAP -> STATE_GAP -> AGE_PRIOR_GAP -> AGE_GAP -> ORIGIN_GAP -> GAP -> STATE_AGE_PRIOR -> STATE_AGE -> STATE_PRIOR -> STATE -> AGE_PRIOR -> AGE -> ORIGIN -> GLOBAL,"2026-03-01 through 2026-04-30; no May, simulated, or synthetic rows"
STATE_AGE_PRIOR_GAP,current_state+age_bucket+prior_send_bucket+recent_send_gap_bucket,Application created/Login,7D_14D,1,1D_3D,,552,active_application_day,89,0.161231884057971,317,235,0.167192429022082,0.15319148936170213,0.01400093966037988,PASS,proven PL active application-days within observed lifecycle,"P(SEND | active daily decision opportunity, conditioning keys)",STATE_AGE_PRIOR_GAP -> STATE_AGE_GAP -> STATE_PRIOR_GAP -> STATE_GAP -> AGE_PRIOR_GAP -> AGE_GAP -> ORIGIN_GAP -> GAP -> STATE_AGE_PRIOR -> STATE_AGE -> STATE_PRIOR -> STATE -> AGE_PRIOR -> AGE -> ORIGIN -> GLOBAL,"2026-03-01 through 2026-04-30; no May, simulated, or synthetic rows"
STATE_AGE_PRIOR_GAP,current_state+age_bucket+prior_send_bucket+recent_send_gap_bucket,Application created/Login,7D_14D,1,3D_7D,,1124,active_application_day,153,0.1361209964412811,603,521,0.12603648424543948,0.14779270633397312,0.021756222088533644,PASS,proven PL active application-days within observed lifecycle,"P(SEND | active daily decision opportunity, conditioning keys)",STATE_AGE_PRIOR_GAP -> STATE_AGE_GAP -> STATE_PRIOR_GAP -> STATE_GAP -> AGE_PRIOR_GAP -> AGE_GAP -> ORIGIN_GAP -> GAP -> STATE_AGE_PRIOR -> STATE_AGE -> STATE_PRIOR -> STATE -> AGE_PRIOR -> AGE -> ORIGIN -> GLOBAL,"2026-03-01 through 2026-04-30; no May, simulated, or synthetic rows"
STATE_AGE_PRIOR_GAP,current_state+age_bucket+prior_send_bucket+recent_send_gap_bucket,Application created/Login,7D_14D,1,7D_PLUS,,1181,active_application_day,169,0.1430990685859441,566,615,0.13957597173144876,0.14634146341463414,0.006765491683185382,PASS,proven PL active application-days within observed lifecycle,"P(SEND | active daily decision opportunity, conditioning keys)",STATE_AGE_PRIOR_GAP -> STATE_AGE_GAP -> STATE_PRIOR_GAP -> STATE_GAP -> AGE_PRIOR_GAP -> AGE_GAP -> ORIGIN_GAP -> GAP -> STATE_AGE_PRIOR -> STATE_AGE -> STATE_PRIOR -> STATE -> AGE_PRIOR -> AGE -> ORIGIN -> GLOBAL,"2026-03-01 through 2026-04-30; no May, simulated, or synthetic rows"
STATE_AGE_PRIOR_GAP,current_state+age_bucket+prior_send_bucket+recent_send_gap_bucket,Application created/Login,7D_14D,2_3,1D_3D,,2324,active_application_day,486,0.2091222030981067,1299,1025,0.2132409545804465,0.20390243902439023,0.009338515556056276,PASS,proven PL active application-days within observed lifecycle,"P(SEND | active daily decision opportunity, conditioning keys)",STATE_AGE_PRIOR_GAP -> STATE_AGE_GAP -> STATE_PRIOR_GAP -> STATE_GAP -> AGE_PRIOR_GAP -> AGE_GAP -> ORIGIN_GAP -> GAP -> STATE_AGE_PRIOR -> STATE_AGE -> STATE_PRIOR -> STATE -> AGE_PRIOR -> AGE -> ORIGIN -> GLOBAL,"2026-03-01 through 2026-04-30; no May, simulated, or synthetic rows"
STATE_AGE_PRIOR_GAP,current_state+age_bucket+prior_send_bucket+recent_send_gap_bucket,Application created/Login,7D_14D,2_3,3D_7D,,2553,active_application_day,406,0.1590285938112025,1397,1156,0.14960629921259844,0.1704152249134948,0.020808925700896375,PASS,proven PL active application-days within observed lifecycle,"P(SEND | active daily decision opportunity, conditioning keys)",STATE_AGE_PRIOR_GAP -> STATE_AGE_GAP -> STATE_PRIOR_GAP -> STATE_GAP -> AGE_PRIOR_GAP -> AGE_GAP -> ORIGIN_GAP -> GAP -> STATE_AGE_PRIOR -> STATE_AGE -> STATE_PRIOR -> STATE -> AGE_PRIOR -> AGE -> ORIGIN -> GLOBAL,"2026-03-01 through 2026-04-30; no May, simulated, or synthetic rows"
STATE_AGE_PRIOR_GAP,current_state+age_bucket+prior_send_bucket+recent_send_gap_bucket,Application created/Login,7D_14D,2_3,7D_PLUS,,898,active_application_day,166,0.1848552338530066,448,450,0.18080357142857142,0.18888888888888888,0.00808531746031746,PASS,proven PL active application-days within observed lifecycle,"P(SEND | active daily decision opportunity, conditioning keys)",STATE_AGE_PRIOR_GAP -> STATE_AGE_GAP -> STATE_PRIOR_GAP -> STATE_GAP -> AGE_PRIOR_GAP -> AGE_GAP -> ORIGIN_GAP -> GAP -> STATE_AGE_PRIOR -> STATE_AGE -> STATE_PRIOR -> STATE -> AGE_PRIOR -> AGE -> ORIGIN -> GLOBAL,"2026-03-01 through 2026-04-30; no May, simulated, or synthetic rows"
STATE_AGE_PRIOR_GAP,current_state+age_bucket+prior_send_bucket+recent_send_gap_bucket,Application created/Login,7D_14D,2_3,LT_1D,,1392,active_application_day,270,0.1939655172413793,775,617,0.18451612903225806,0.20583468395461912,0.021318554922361066,PASS,proven PL active application-days within observed lifecycle,"P(SEND | active daily decision opportunity, conditioning keys)",STATE_AGE_PRIOR_GAP -> STATE_AGE_GAP -> STATE_PRIOR_GAP -> STATE_GAP -> AGE_PRIOR_GAP -> AGE_GAP -> ORIGIN_GAP -> GAP -> STATE_AGE_PRIOR -> STATE_AGE -> STATE_PRIOR -> STATE -> AGE_PRIOR -> AGE -> ORIGIN -> GLOBAL,"2026-03-01 through 2026-04-30; no May, simulated, or synthetic rows"
STATE_AGE_PRIOR_GAP,current_state+age_bucket+prior_send_bucket+recent_send_gap_bucket,Application created/Login,7D_14D,4_PLUS,1D_3D,,4252,active_application_day,1338,0.3146754468485419,2062,2190,0.27449078564500484,0.35251141552511417,0.07802062988010933,PASS,proven PL active application-days within observed lifecycle,"P(SEND | active daily decision opportunity, conditioning keys)",STATE_AGE_PRIOR_GAP -> STATE_AGE_GAP -> STATE_PRIOR_GAP -> STATE_GAP -> AGE_PRIOR_GAP -> AGE_GAP -> ORIGIN_GAP -> GAP -> STATE_AGE_PRIOR -> STATE_AGE -> STATE_PRIOR -> STATE -> AGE_PRIOR -> AGE -> ORIGIN -> GLOBAL,"2026-03-01 through 2026-04-30; no May, simulated, or synthetic rows"
STATE_AGE_PRIOR_GAP,current_state+age_bucket+prior_send_bucket+recent_send_gap_bucket,Application created/Login,7D_14D,4_PLUS,3D_7D,,2041,active_application_day,576,0.2822146006859383,991,1050,0.29364278506559033,0.2714285714285714,0.02221421363701892,PASS,proven PL active application-days within observed lifecycle,"P(SEND | active daily decision opportunity, conditioning keys)",STATE_AGE_PRIOR_GAP -> STATE_AGE_GAP -> STATE_PRIOR_GAP -> STATE_GAP -> AGE_PRIOR_GAP -> AGE_GAP -> ORIGIN_GAP -> GAP -> STATE_AGE_PRIOR -> STATE_AGE -> STATE_PRIOR -> STATE -> AGE_PRIOR -> AGE -> ORIGIN -> GLOBAL,"2026-03-01 through 2026-04-30; no May, simulated, or synthetic rows"
STATE_AGE_PRIOR_GAP,current_state+age_bucket+prior_send_bucket+recent_send_gap_bucket,Application created/Login,7D_14D,4_PLUS,LT_1D,,3915,active_application_day,1245,0.318007662835249,1826,2089,0.29846659364731654,0.3350885591191958,0.036621965471879236,PASS,proven PL active application-days within observed lifecycle,"P(SEND | active daily decision opportunity, conditioning keys)",STATE_AGE_PRIOR_GAP -> STATE_AGE_GAP -> STATE_PRIOR_GAP -> STATE_GAP -> AGE_PRIOR_GAP -> AGE_GAP -> ORIGIN_GAP -> GAP -> STATE_AGE_PRIOR -> STATE_AGE -> STATE_PRIOR -> STATE -> AGE_PRIOR -> AGE -> ORIGIN -> GLOBAL,"2026-03-01 through 2026-04-30; no May, simulated, or synthetic rows"
STATE_AGE_PRIOR_GAP,current_state+age_bucket+prior_send_bucket+recent_send_gap_bucket,Application created/Login,LT_1D,0,NO_PRIOR_SEND,,1748,active_application_day,407,0.232837528604119,860,888,0.19651162790697674,0.268018018018018,0.07150639011104126,PASS,proven PL active application-days within observed lifecycle,"P(SEND | active daily decision opportunity, conditioning keys)",STATE_AGE_PRIOR_GAP -> STATE_AGE_GAP -> STATE_PRIOR_GAP -> STATE_GAP -> AGE_PRIOR_GAP -> AGE_GAP -> ORIGIN_GAP -> GAP -> STATE_AGE_PRIOR -> STATE_AGE -> STATE_PRIOR -> STATE -> AGE_PRIOR -> AGE -> ORIGIN -> GLOBAL,"2026-03-01 through 2026-04-30; no May, simulated, or synthetic rows"
STATE_AGE_PRIOR_GAP,current_state+age_bucket+prior_send_bucket+recent_send_gap_bucket,Application created/Login,LT_1D,2_3,LT_1D,,578,active_application_day,252,0.4359861591695502,306,272,0.4084967320261438,0.46691176470588236,0.05841503267973858,PASS,proven PL active application-days within observed lifecycle,"P(SEND | active daily decision opportunity, conditioning keys)",STATE_AGE_PRIOR_GAP -> STATE_AGE_GAP -> STATE_PRIOR_GAP -> STATE_GAP -> AGE_PRIOR_GAP -> AGE_GAP -> ORIGIN_GAP -> GAP -> STATE_AGE_PRIOR -> STATE_AGE -> STATE_PRIOR -> STATE -> AGE_PRIOR -> AGE -> ORIGIN -> GLOBAL,"2026-03-01 through 2026-04-30; no May, simulated, or synthetic rows"
STATE_AGE_PRIOR_GAP,current_state+age_bucket+prior_send_bucket+recent_send_gap_bucket,Disb,14D_21D,4_PLUS,1D_3D,,1034,active_application_day,253,0.2446808510638297,327,707,0.26299694189602446,0.2362093352192362,0.026787606676788256,PASS,proven PL active application-days within observed lifecycle,"P(SEND | active daily decision opportunity, conditioning keys)",STATE_AGE_PRIOR_GAP -> STATE_AGE_GAP -> STATE_PRIOR_GAP -> STATE_GAP -> AGE_PRIOR_GAP -> AGE_GAP -> ORIGIN_GAP -> GAP -> STATE_AGE_PRIOR -> STATE_AGE -> STATE_PRIOR -> STATE -> AGE_PRIOR -> AGE -> ORIGIN -> GLOBAL,"2026-03-01 through 2026-04-30; no May, simulated, or synthetic rows"
STATE_AGE_PRIOR_GAP,current_state+age_bucket+prior_send_bucket+recent_send_gap_bucket,Disb,14D_21D,4_PLUS,3D_7D,,875,active_application_day,214,0.2445714285714285,252,623,0.23015873015873015,0.2504012841091493,0.020242553950419157,PASS,proven PL active application-days within observed lifecycle,"P(SEND | active daily decision opportunity, conditioning keys)",STATE_AGE_PRIOR_GAP -> STATE_AGE_GAP -> STATE_PRIOR_GAP -> STATE_GAP -> AGE_PRIOR_GAP -> AGE_GAP -> ORIGIN_GAP -> GAP -> STATE_AGE_PRIOR -> STATE_AGE -> STATE_PRIOR -> STATE -> AGE_PRIOR -> AGE -> ORIGIN -> GLOBAL,"2026-03-01 through 2026-04-30; no May, simulated, or synthetic rows"
STATE_AGE_PRIOR_GAP,current_state+age_bucket+prior_send_bucket+recent_send_gap_bucket,Disb,14D_21D,4_PLUS,LT_1D,,712,active_application_day,155,0.2176966292134831,231,481,0.19047619047619047,0.23076923076923078,0.040293040293040316,PASS,proven PL active application-days within observed lifecycle,"P(SEND | active daily decision opportunity, conditioning keys)",STATE_AGE_PRIOR_GAP -> STATE_AGE_GAP -> STATE_PRIOR_GAP -> STATE_GAP -> AGE_PRIOR_GAP -> AGE_GAP -> ORIGIN_GAP -> GAP -> STATE_AGE_PRIOR -> STATE_AGE -> STATE_PRIOR -> STATE -> AGE_PRIOR -> AGE -> ORIGIN -> GLOBAL,"2026-03-01 through 2026-04-30; no May, simulated, or synthetic rows"
STATE_AGE_PRIOR_GAP,current_state+age_bucket+prior_send_bucket+recent_send_gap_bucket,Disb,21D_30D,4_PLUS,3D_7D,,956,active_application_day,213,0.2228033472803347,124,832,0.20967741935483872,0.2247596153846154,0.015082196029776673,PASS,proven PL active application-days within observed lifecycle,"P(SEND | active daily decision opportunity, conditioning keys)",STATE_AGE_PRIOR_GAP -> STATE_AGE_GAP -> STATE_PRIOR_GAP -> STATE_GAP -> AGE_PRIOR_GAP -> AGE_GAP -> ORIGIN_GAP -> GAP -> STATE_AGE_PRIOR -> STATE_AGE -> STATE_PRIOR -> STATE -> AGE_PRIOR -> AGE -> ORIGIN -> GLOBAL,"2026-03-01 through 2026-04-30; no May, simulated, or synthetic rows"
STATE_AGE_PRIOR_GAP,current_state+age_bucket+prior_send_bucket+recent_send_gap_bucket,Disb,21D_30D,4_PLUS,LT_1D,,681,active_application_day,146,0.2143906020558003,124,557,0.23387096774193547,0.21005385996409337,0.0238171077778421,PASS,proven PL active application-days within observed lifecycle,"P(SEND | active daily decision opportunity, conditioning keys)",STATE_AGE_PRIOR_GAP -> STATE_AGE_GAP -> STATE_PRIOR_GAP -> STATE_GAP -> AGE_PRIOR_GAP -> AGE_GAP -> ORIGIN_GAP -> GAP -> STATE_AGE_PRIOR -> STATE_AGE -> STATE_PRIOR -> STATE -> AGE_PRIOR -> AGE -> ORIGIN -> GLOBAL,"2026-03-01 through 2026-04-30; no May, simulated, or synthetic rows"
STATE_AGE_PRIOR_GAP,current_state+age_bucket+prior_send_bucket+recent_send_gap_bucket,Disb,3D_7D,4_PLUS,1D_3D,,505,active_application_day,184,0.3643564356435643,217,288,0.3686635944700461,0.3611111111111111,0.0075524833589349916,PASS,proven PL active application-days within observed lifecycle,"P(SEND | active daily decision opportunity, conditioning keys)",STATE_AGE_PRIOR_GAP -> STATE_AGE_GAP -> STATE_PRIOR_GAP -> STATE_GAP -> AGE_PRIOR_GAP -> AGE_GAP -> ORIGIN_GAP -> GAP -> STATE_AGE_PRIOR -> STATE_AGE -> STATE_PRIOR -> STATE -> AGE_PRIOR -> AGE -> ORIGIN -> GLOBAL,"2026-03-01 through 2026-04-30; no May, simulated, or synthetic rows"
STATE_AGE_PRIOR_GAP,current_state+age_bucket+prior_send_bucket+recent_send_gap_bucket,Disb,3D_7D,4_PLUS,LT_1D,,570,active_application_day,178,0.312280701754386,272,298,0.33455882352941174,0.29194630872483224,0.042612514804579504,PASS,proven PL active application-days within observed lifecycle,"P(SEND | active daily decision opportunity, conditioning keys)",STATE_AGE_PRIOR_GAP -> STATE_AGE_GAP -> STATE_PRIOR_GAP -> STATE_GAP -> AGE_PRIOR_GAP -> AGE_GAP -> ORIGIN_GAP -> GAP -> STATE_AGE_PRIOR -> STATE_AGE -> STATE_PRIOR -> STATE -> AGE_PRIOR -> AGE -> ORIGIN -> GLOBAL,"2026-03-01 through 2026-04-30; no May, simulated, or synthetic rows"
STATE_AGE_PRIOR_GAP,current_state+age_bucket+prior_send_bucket+recent_send_gap_bucket,Disb,7D_14D,4_PLUS,1D_3D,,1193,active_application_day,348,0.2917015926236379,461,732,0.3188720173535792,0.27459016393442626,0.04428185341915292,PASS,proven PL active application-days within observed lifecycle,"P(SEND | active daily decision opportunity, conditioning keys)",STATE_AGE_PRIOR_GAP -> STATE_AGE_GAP -> STATE_PRIOR_GAP -> STATE_GAP -> AGE_PRIOR_GAP -> AGE_GAP -> ORIGIN_GAP -> GAP -> STATE_AGE_PRIOR -> STATE_AGE -> STATE_PRIOR -> STATE -> AGE_PRIOR -> AGE -> ORIGIN -> GLOBAL,"2026-03-01 through 2026-04-30; no May, simulated, or synthetic rows"
STATE_AGE_PRIOR_GAP,current_state+age_bucket+prior_send_bucket+recent_send_gap_bucket,Disb,7D_14D,4_PLUS,3D_7D,,773,active_application_day,205,0.2652005174644243,299,474,0.27424749163879597,0.25949367088607594,0.014753820752720026,PASS,proven PL active application-days within observed lifecycle,"P(SEND | active daily decision opportunity, conditioning keys)",STATE_AGE_PRIOR_GAP -> STATE_AGE_GAP -> STATE_PRIOR_GAP -> STATE_GAP -> AGE_PRIOR_GAP -> AGE_GAP -> ORIGIN_GAP -> GAP -> STATE_AGE_PRIOR -> STATE_AGE -> STATE_PRIOR -> STATE -> AGE_PRIOR -> AGE -> ORIGIN -> GLOBAL,"2026-03-01 through 2026-04-30; no May, simulated, or synthetic rows"
STATE_AGE_PRIOR_GAP,current_state+age_bucket+prior_send_bucket+recent_send_gap_bucket,Disb,7D_14D,4_PLUS,LT_1D,,925,active_application_day,224,0.2421621621621621,383,542,0.2349869451697128,0.24723247232472326,0.012245527155010455,PASS,proven PL active application-days within observed lifecycle,"P(SEND | active daily decision opportunity, conditioning keys)",STATE_AGE_PRIOR_GAP -> STATE_AGE_GAP -> STATE_PRIOR_GAP -> STATE_GAP -> AGE_PRIOR_GAP -> AGE_GAP -> ORIGIN_GAP -> GAP -> STATE_AGE_PRIOR -> STATE_AGE -> STATE_PRIOR -> STATE -> AGE_PRIOR -> AGE -> ORIGIN -> GLOBAL,"2026-03-01 through 2026-04-30; no May, simulated, or synthetic rows"
STATE_AGE_PRIOR_GAP,current_state+age_bucket+prior_send_bucket+recent_send_gap_bucket,Form filled-Rejected,14D_21D,4_PLUS,1D_3D,,740,active_application_day,176,0.2378378378378378,439,301,0.2733485193621868,0.18604651162790697,0.08730200773427982,PASS,proven PL active application-days within observed lifecycle,"P(SEND | active daily decision opportunity, conditioning keys)",STATE_AGE_PRIOR_GAP -> STATE_AGE_GAP -> STATE_PRIOR_GAP -> STATE_GAP -> AGE_PRIOR_GAP -> AGE_GAP -> ORIGIN_GAP -> GAP -> STATE_AGE_PRIOR -> STATE_AGE -> STATE_PRIOR -> STATE -> AGE_PRIOR -> AGE -> ORIGIN -> GLOBAL,"2026-03-01 through 2026-04-30; no May, simulated, or synthetic rows"
STATE_AGE_PRIOR_GAP,current_state+age_bucket+prior_send_bucket+recent_send_gap_bucket,Form filled-Rejected,14D_21D,4_PLUS,3D_7D,,557,active_application_day,171,0.3070017953321364,325,232,0.27692307692307694,0.34913793103448276,0.07221485411140582,PASS,proven PL active application-days within observed lifecycle,"P(SEND | active daily decision opportunity, conditioning keys)",STATE_AGE_PRIOR_GAP -> STATE_AGE_GAP -> STATE_PRIOR_GAP -> STATE_GAP -> AGE_PRIOR_GAP -> AGE_GAP -> ORIGIN_GAP -> GAP -> STATE_AGE_PRIOR -> STATE_AGE -> STATE_PRIOR -> STATE -> AGE_PRIOR -> AGE -> ORIGIN -> GLOBAL,"2026-03-01 through 2026-04-30; no May, simulated, or synthetic rows"
STATE_AGE_PRIOR_GAP,current_state+age_bucket+prior_send_bucket+recent_send_gap_bucket,Form filled-Rejected,14D_21D,4_PLUS,LT_1D,,589,active_application_day,179,0.3039049235993208,333,256,0.27627627627627627,0.33984375,0.06356747372372373,PASS,proven PL active application-days within observed lifecycle,"P(SEND | active daily decision opportunity, conditioning keys)",STATE_AGE_PRIOR_GAP -> STATE_AGE_GAP -> STATE_PRIOR_GAP -> STATE_GAP -> AGE_PRIOR_GAP -> AGE_GAP -> ORIGIN_GAP -> GAP -> STATE_AGE_PRIOR -> STATE_AGE -> STATE_PRIOR -> STATE -> AGE_PRIOR -> AGE -> ORIGIN -> GLOBAL,"2026-03-01 through 2026-04-30; no May, simulated, or synthetic rows"
STATE_AGE_PRIOR_GAP,current_state+age_bucket+prior_send_bucket+recent_send_gap_bucket,Form filled-Rejected,21D_30D,4_PLUS,1D_3D,,881,active_application_day,294,0.3337116912599319,180,701,0.3,0.34236804564907275,0.04236804564907276,PASS,proven PL active application-days within observed lifecycle,"P(SEND | active daily decision opportunity, conditioning keys)",STATE_AGE_PRIOR_GAP -> STATE_AGE_GAP -> STATE_PRIOR_GAP -> STATE_GAP -> AGE_PRIOR_GAP -> AGE_GAP -> ORIGIN_GAP -> GAP -> STATE_AGE_PRIOR -> STATE_AGE -> STATE_PRIOR -> STATE -> AGE_PRIOR -> AGE -> ORIGIN -> GLOBAL,"2026-03-01 through 2026-04-30; no May, simulated, or synthetic rows"
STATE_AGE_PRIOR_GAP,current_state+age_bucket+prior_send_bucket+recent_send_gap_bucket,Form filled-Rejected,21D_30D,4_PLUS,3D_7D,,593,active_application_day,161,0.2715008431703204,232,361,0.3146551724137931,0.24376731301939059,0.07088785939440251,PASS,proven PL active application-days within observed lifecycle,"P(SEND | active daily decision opportunity, conditioning keys)",STATE_AGE_PRIOR_GAP -> STATE_AGE_GAP -> STATE_PRIOR_GAP -> STATE_GAP -> AGE_PRIOR_GAP -> AGE_GAP -> ORIGIN_GAP -> GAP -> STATE_AGE_PRIOR -> STATE_AGE -> STATE_PRIOR -> STATE -> AGE_PRIOR -> AGE -> ORIGIN -> GLOBAL,"2026-03-01 through 2026-04-30; no May, simulated, or synthetic rows"
STATE_AGE_PRIOR_GAP,current_state+age_bucket+prior_send_bucket+recent_send_gap_bucket,Form filled-Rejected,7D_14D,4_PLUS,1D_3D,,671,active_application_day,202,0.3010432190760059,376,295,0.32978723404255317,0.26440677966101694,0.06538045438153622,PASS,proven PL active application-days within observed lifecycle,"P(SEND | active daily decision opportunity, conditioning keys)",STATE_AGE_PRIOR_GAP -> STATE_AGE_GAP -> STATE_PRIOR_GAP -> STATE_GAP -> AGE_PRIOR_GAP -> AGE_GAP -> ORIGIN_GAP -> GAP -> STATE_AGE_PRIOR -> STATE_AGE -> STATE_PRIOR -> STATE -> AGE_PRIOR -> AGE -> ORIGIN -> GLOBAL,"2026-03-01 through 2026-04-30; no May, simulated, or synthetic rows"
STATE_AGE_PRIOR_GAP,current_state+age_bucket+prior_send_bucket+recent_send_gap_bucket,Form filled-Rejected,7D_14D,4_PLUS,LT_1D,,674,active_application_day,245,0.3635014836795252,374,300,0.3315508021390374,0.4033333333333333,0.0717825311942959,PASS,proven PL active application-days within observed lifecycle,"P(SEND | active daily decision opportunity, conditioning keys)",STATE_AGE_PRIOR_GAP -> STATE_AGE_GAP -> STATE_PRIOR_GAP -> STATE_GAP -> AGE_PRIOR_GAP -> AGE_GAP -> ORIGIN_GAP -> GAP -> STATE_AGE_PRIOR -> STATE_AGE -> STATE_PRIOR -> STATE -> AGE_PRIOR -> AGE -> ORIGIN -> GLOBAL,"2026-03-01 through 2026-04-30; no May, simulated, or synthetic rows"
STATE_AGE_PRIOR_GAP,current_state+age_bucket+prior_send_bucket+recent_send_gap_bucket,Professional details,14D_21D,0,NO_PRIOR_SEND,,1621,active_application_day,114,0.0703269586674892,1007,614,0.05660377358490566,0.09283387622149837,0.03623010263659271,PASS,proven PL active application-days within observed lifecycle,"P(SEND | active daily decision opportunity, conditioning keys)",STATE_AGE_PRIOR_GAP -> STATE_AGE_GAP -> STATE_PRIOR_GAP -> STATE_GAP -> AGE_PRIOR_GAP -> AGE_GAP -> ORIGIN_GAP -> GAP -> STATE_AGE_PRIOR -> STATE_AGE -> STATE_PRIOR -> STATE -> AGE_PRIOR -> AGE -> ORIGIN -> GLOBAL,"2026-03-01 through 2026-04-30; no May, simulated, or synthetic rows"
STATE_AGE_PRIOR_GAP,current_state+age_bucket+prior_send_bucket+recent_send_gap_bucket,Professional details,14D_21D,1,7D_PLUS,,2539,active_application_day,175,0.0689247735328869,1741,798,0.056289488799540495,0.09649122807017543,0.04020173927063494,PASS,proven PL active application-days within observed lifecycle,"P(SEND | active daily decision opportunity, conditioning keys)",STATE_AGE_PRIOR_GAP -> STATE_AGE_GAP -> STATE_PRIOR_GAP -> STATE_GAP -> AGE_PRIOR_GAP -> AGE_GAP -> ORIGIN_GAP -> GAP -> STATE_AGE_PRIOR -> STATE_AGE -> STATE_PRIOR -> STATE -> AGE_PRIOR -> AGE -> ORIGIN -> GLOBAL,"2026-03-01 through 2026-04-30; no May, simulated, or synthetic rows"
STATE_AGE_PRIOR_GAP,current_state+age_bucket+prior_send_bucket+recent_send_gap_bucket,Professional details,14D_21D,2_3,1D_3D,,1558,active_application_day,102,0.0654685494223363,416,1142,0.11298076923076923,0.04816112084063047,0.06481964839013876,PASS,proven PL active application-days within observed lifecycle,"P(SEND | active daily decision opportunity, conditioning keys)",STATE_AGE_PRIOR_GAP -> STATE_AGE_GAP -> STATE_PRIOR_GAP -> STATE_GAP -> AGE_PRIOR_GAP -> AGE_GAP -> ORIGIN_GAP -> GAP -> STATE_AGE_PRIOR -> STATE_AGE -> STATE_PRIOR -> STATE -> AGE_PRIOR -> AGE -> ORIGIN -> GLOBAL,"2026-03-01 through 2026-04-30; no May, simulated, or synthetic rows"
STATE_AGE_PRIOR_GAP,current_state+age_bucket+prior_send_bucket+recent_send_gap_bucket,Professional details,14D_21D,2_3,3D_7D,,2764,active_application_day,300,0.1085383502170767,1055,1709,0.0909952606635071,0.11936805149210064,0.028372790828593536,PASS,proven PL active application-days within observed lifecycle,"P(SEND | active daily decision opportunity, conditioning keys)",STATE_AGE_PRIOR_GAP -> STATE_AGE_GAP -> STATE_PRIOR_GAP -> STATE_GAP -> AGE_PRIOR_GAP -> AGE_GAP -> ORIGIN_GAP -> GAP -> STATE_AGE_PRIOR -> STATE_AGE -> STATE_PRIOR -> STATE -> AGE_PRIOR -> AGE -> ORIGIN -> GLOBAL,"2026-03-01 through 2026-04-30; no May, simulated, or synthetic rows"
STATE_AGE_PRIOR_GAP,current_state+age_bucket+prior_send_bucket+recent_send_gap_bucket,Professional details,14D_21D,2_3,7D_PLUS,,3916,active_application_day,413,0.1054647599591419,2933,983,0.08421411524036822,0.1688708036622584,0.08465668842189018,PASS,proven PL active application-days within observed lifecycle,"P(SEND | active daily decision opportunity, conditioning keys)",STATE_AGE_PRIOR_GAP -> STATE_AGE_GAP -> STATE_PRIOR_GAP -> STATE_GAP -> AGE_PRIOR_GAP -> AGE_GAP -> ORIGIN_GAP -> GAP -> STATE_AGE_PRIOR -> STATE_AGE -> STATE_PRIOR -> STATE -> AGE_PRIOR -> AGE -> ORIGIN -> GLOBAL,"2026-03-01 through 2026-04-30; no May, simulated, or synthetic rows"
STATE_AGE_PRIOR_GAP,current_state+age_bucket+prior_send_bucket+recent_send_gap_bucket,Professional details,14D_21D,2_3,LT_1D,,840,active_application_day,53,0.0630952380952381,204,636,0.09803921568627451,0.05188679245283019,0.04615242323344432,PASS,proven PL active application-days within observed lifecycle,"P(SEND | active daily decision opportunity, conditioning keys)",STATE_AGE_PRIOR_GAP -> STATE_AGE_GAP -> STATE_PRIOR_GAP -> STATE_GAP -> AGE_PRIOR_GAP -> AGE_GAP -> ORIGIN_GAP -> GAP -> STATE_AGE_PRIOR -> STATE_AGE -> STATE_PRIOR -> STATE -> AGE_PRIOR -> AGE -> ORIGIN -> GLOBAL,"2026-03-01 through 2026-04-30; no May, simulated, or synthetic rows"
STATE_AGE_PRIOR_GAP,current_state+age_bucket+prior_send_bucket+recent_send_gap_bucket,Professional details,14D_21D,4_PLUS,1D_3D,,4952,active_application_day,1038,0.2096122778675282,2420,2532,0.21859504132231405,0.2010268562401264,0.01756818508218766,PASS,proven PL active application-days within observed lifecycle,"P(SEND | active daily decision opportunity, conditioning keys)",STATE_AGE_PRIOR_GAP -> STATE_AGE_GAP -> STATE_PRIOR_GAP -> STATE_GAP -> AGE_PRIOR_GAP -> AGE_GAP -> ORIGIN_GAP -> GAP -> STATE_AGE_PRIOR -> STATE_AGE -> STATE_PRIOR -> STATE -> AGE_PRIOR -> AGE -> ORIGIN -> GLOBAL,"2026-03-01 through 2026-04-30; no May, simulated, or synthetic rows"
STATE_AGE_PRIOR_GAP,current_state+age_bucket+prior_send_bucket+recent_send_gap_bucket,Professional details,14D_21D,4_PLUS,3D_7D,,4599,active_application_day,837,0.1819960861056751,2640,1959,0.16893939393939394,0.19959162838182745,0.030652234442433507,PASS,proven PL active application-days within observed lifecycle,"P(SEND | active daily decision opportunity, conditioning keys)",STATE_AGE_PRIOR_GAP -> STATE_AGE_GAP -> STATE_PRIOR_GAP -> STATE_GAP -> AGE_PRIOR_GAP -> AGE_GAP -> ORIGIN_GAP -> GAP -> STATE_AGE_PRIOR -> STATE_AGE -> STATE_PRIOR -> STATE -> AGE_PRIOR -> AGE -> ORIGIN -> GLOBAL,"2026-03-01 through 2026-04-30; no May, simulated, or synthetic rows"
STATE_AGE_PRIOR_GAP,current_state+age_bucket+prior_send_bucket+recent_send_gap_bucket,Professional details,14D_21D,4_PLUS,7D_PLUS,,2016,active_application_day,369,0.1830357142857142,1391,625,0.16966211358734723,0.2128,0.04313788641265276,PASS,proven PL active application-days within observed lifecycle,"P(SEND | active daily decision opportunity, conditioning keys)",STATE_AGE_PRIOR_GAP -> STATE_AGE_GAP -> STATE_PRIOR_GAP -> STATE_GAP -> AGE_PRIOR_GAP -> AGE_GAP -> ORIGIN_GAP -> GAP -> STATE_AGE_PRIOR -> STATE_AGE -> STATE_PRIOR -> STATE -> AGE_PRIOR -> AGE -> ORIGIN -> GLOBAL,"2026-03-01 through 2026-04-30; no May, simulated, or synthetic rows"
STATE_AGE_PRIOR_GAP,current_state+age_bucket+prior_send_bucket+recent_send_gap_bucket,Professional details,14D_21D,4_PLUS,LT_1D,,3502,active_application_day,752,0.2147344374643061,1620,1882,0.2037037037037037,0.22422954303931988,0.02052583933561619,PASS,proven PL active application-days within observed lifecycle,"P(SEND | active daily decision opportunity, conditioning keys)",STATE_AGE_PRIOR_GAP -> STATE_AGE_GAP -> STATE_PRIOR_GAP -> STATE_GAP -> AGE_PRIOR_GAP -> AGE_GAP -> ORIGIN_GAP -> GAP -> STATE_AGE_PRIOR -> STATE_AGE -> STATE_PRIOR -> STATE -> AGE_PRIOR -> AGE -> ORIGIN -> GLOBAL,"2026-03-01 through 2026-04-30; no May, simulated, or synthetic rows"
STATE_AGE_PRIOR_GAP,current_state+age_bucket+prior_send_bucket+recent_send_gap_bucket,Professional details,1D_3D,0,NO_PRIOR_SEND,,3618,active_application_day,626,0.1730237700386954,1953,1665,0.20993343573988735,0.12972972972972974,0.08020370601015761,PASS,proven PL active application-days within observed lifecycle,"P(SEND | active daily decision opportunity, conditioning keys)",STATE_AGE_PRIOR_GAP -> STATE_AGE_GAP -> STATE_PRIOR_GAP -> STATE_GAP -> AGE_PRIOR_GAP -> AGE_GAP -> ORIGIN_GAP -> GAP -> STATE_AGE_PRIOR -> STATE_AGE -> STATE_PRIOR -> STATE -> AGE_PRIOR -> AGE -> ORIGIN -> GLOBAL,"2026-03-01 through 2026-04-30; no May, simulated, or synthetic rows"
STATE_AGE_PRIOR_GAP,current_state+age_bucket+prior_send_bucket+recent_send_gap_bucket,Professional details,1D_3D,1,1D_3D,,1848,active_application_day,367,0.1985930735930736,1189,659,0.20353238015138772,0.18968133535660092,0.013851044794786799,PASS,proven PL active application-days within observed lifecycle,"P(SEND | active daily decision opportunity, conditioning keys)",STATE_AGE_PRIOR_GAP -> STATE_AGE_GAP -> STATE_PRIOR_GAP -> STATE_GAP -> AGE_PRIOR_GAP -> AGE_GAP -> ORIGIN_GAP -> GAP -> STATE_AGE_PRIOR -> STATE_AGE -> STATE_PRIOR -> STATE -> AGE_PRIOR -> AGE -> ORIGIN -> GLOBAL,"2026-03-01 through 2026-04-30; no May, simulated, or synthetic rows"
STATE_AGE_PRIOR_GAP,current_state+age_bucket+prior_send_bucket+recent_send_gap_bucket,Professional details,1D_3D,1,LT_1D,,616,active_application_day,87,0.1412337662337662,353,263,0.13031161473087818,0.155893536121673,0.02558192139079482,PASS,proven PL active application-days within observed lifecycle,"P(SEND | active daily decision opportunity, conditioning keys)",STATE_AGE_PRIOR_GAP -> STATE_AGE_GAP -> STATE_PRIOR_GAP -> STATE_GAP -> AGE_PRIOR_GAP -> AGE_GAP -> ORIGIN_GAP -> GAP -> STATE_AGE_PRIOR -> STATE_AGE -> STATE_PRIOR -> STATE -> AGE_PRIOR -> AGE -> ORIGIN -> GLOBAL,"2026-03-01 through 2026-04-30; no May, simulated, or synthetic rows"
STATE_AGE_PRIOR_GAP,current_state+age_bucket+prior_send_bucket+recent_send_gap_bucket,Professional details,1D_3D,2_3,LT_1D,,788,active_application_day,160,0.2030456852791878,439,349,0.18906605922551253,0.22063037249283668,0.031564313267324146,PASS,proven PL active application-days within observed lifecycle,"P(SEND | active daily decision opportunity, conditioning keys)",STATE_AGE_PRIOR_GAP -> STATE_AGE_GAP -> STATE_PRIOR_GAP -> STATE_GAP -> AGE_PRIOR_GAP -> AGE_GAP -> ORIGIN_GAP -> GAP -> STATE_AGE_PRIOR -> STATE_AGE -> STATE_PRIOR -> STATE -> AGE_PRIOR -> AGE -> ORIGIN -> GLOBAL,"2026-03-01 through 2026-04-30; no May, simulated, or synthetic rows"
STATE_AGE_PRIOR_GAP,current_state+age_bucket+prior_send_bucket+recent_send_gap_bucket,Professional details,1D_3D,4_PLUS,LT_1D,,569,active_application_day,171,0.3005272407732864,297,272,0.3063973063973064,0.29411764705882354,0.012279659338482851,PASS,proven PL active application-days within observed lifecycle,"P(SEND | active daily decision opportunity, conditioning keys)",STATE_AGE_PRIOR_GAP -> STATE_AGE_GAP -> STATE_PRIOR_GAP -> STATE_GAP -> AGE_PRIOR_GAP -> AGE_GAP -> ORIGIN_GAP -> GAP -> STATE_AGE_PRIOR -> STATE_AGE -> STATE_PRIOR -> STATE -> AGE_PRIOR -> AGE -> ORIGIN -> GLOBAL,"2026-03-01 through 2026-04-30; no May, simulated, or synthetic rows"
STATE_AGE_PRIOR_GAP,current_state+age_bucket+prior_send_bucket+recent_send_gap_bucket,Professional details,21D_30D,0,NO_PRIOR_SEND,,1076,active_application_day,48,0.0446096654275092,222,854,0.05405405405405406,0.04215456674473068,0.01189948730932338,PASS,proven PL active application-days within observed lifecycle,"P(SEND | active daily decision opportunity, conditioning keys)",STATE_AGE_PRIOR_GAP -> STATE_AGE_GAP -> STATE_PRIOR_GAP -> STATE_GAP -> AGE_PRIOR_GAP -> AGE_GAP -> ORIGIN_GAP -> GAP -> STATE_AGE_PRIOR -> STATE_AGE -> STATE_PRIOR -> STATE -> AGE_PRIOR -> AGE -> ORIGIN -> GLOBAL,"2026-03-01 through 2026-04-30; no May, simulated, or synthetic rows"
STATE_AGE_PRIOR_GAP,current_state+age_bucket+prior_send_bucket+recent_send_gap_bucket,Professional details,21D_30D,1,7D_PLUS,,2220,active_application_day,133,0.0599099099099099,693,1527,0.09235209235209235,0.04518664047151277,0.04716545188057958,PASS,proven PL active application-days within observed lifecycle,"P(SEND | active daily decision opportunity, conditioning keys)",STATE_AGE_PRIOR_GAP -> STATE_AGE_GAP -> STATE_PRIOR_GAP -> STATE_GAP -> AGE_PRIOR_GAP -> AGE_GAP -> ORIGIN_GAP -> GAP -> STATE_AGE_PRIOR -> STATE_AGE -> STATE_PRIOR -> STATE -> AGE_PRIOR -> AGE -> ORIGIN -> GLOBAL,"2026-03-01 through 2026-04-30; no May, simulated, or synthetic rows"
STATE_AGE_PRIOR_GAP,current_state+age_bucket+prior_send_bucket+recent_send_gap_bucket,Professional details,21D_30D,2_3,3D_7D,,1569,active_application_day,89,0.0567240280433397,243,1326,0.10699588477366255,0.04751131221719457,0.05948457255646798,PASS,proven PL active application-days within observed lifecycle,"P(SEND | active daily decision opportunity, conditioning keys)",STATE_AGE_PRIOR_GAP -> STATE_AGE_GAP -> STATE_PRIOR_GAP -> STATE_GAP -> AGE_PRIOR_GAP -> AGE_GAP -> ORIGIN_GAP -> GAP -> STATE_AGE_PRIOR -> STATE_AGE -> STATE_PRIOR -> STATE -> AGE_PRIOR -> AGE -> ORIGIN -> GLOBAL,"2026-03-01 through 2026-04-30; no May, simulated, or synthetic rows"
STATE_AGE_PRIOR_GAP,current_state+age_bucket+prior_send_bucket+recent_send_gap_bucket,Professional details,21D_30D,2_3,7D_PLUS,,5510,active_application_day,426,0.0773139745916515,1818,3692,0.10726072607260725,0.06256771397616467,0.04469301209644258,PASS,proven PL active application-days within observed lifecycle,"P(SEND | active daily decision opportunity, conditioning keys)",STATE_AGE_PRIOR_GAP -> STATE_AGE_GAP -> STATE_PRIOR_GAP -> STATE_GAP -> AGE_PRIOR_GAP -> AGE_GAP -> ORIGIN_GAP -> GAP -> STATE_AGE_PRIOR -> STATE_AGE -> STATE_PRIOR -> STATE -> AGE_PRIOR -> AGE -> ORIGIN -> GLOBAL,"2026-03-01 through 2026-04-30; no May, simulated, or synthetic rows"
STATE_AGE_PRIOR_GAP,current_state+age_bucket+prior_send_bucket+recent_send_gap_bucket,Professional details,21D_30D,4_PLUS,1D_3D,,5346,active_application_day,1122,0.2098765432098765,863,4483,0.20973348783314022,0.20990408208788758,0.00017059425474735823,PASS,proven PL active application-days within observed lifecycle,"P(SEND | active daily decision opportunity, conditioning keys)",STATE_AGE_PRIOR_GAP -> STATE_AGE_GAP -> STATE_PRIOR_GAP -> STATE_GAP -> AGE_PRIOR_GAP -> AGE_GAP -> ORIGIN_GAP -> GAP -> STATE_AGE_PRIOR -> STATE_AGE -> STATE_PRIOR -> STATE -> AGE_PRIOR -> AGE -> ORIGIN -> GLOBAL,"2026-03-01 through 2026-04-30; no May, simulated, or synthetic rows"
STATE_AGE_PRIOR_GAP,current_state+age_bucket+prior_send_bucket+recent_send_gap_bucket,Professional details,21D_30D,4_PLUS,3D_7D,,5408,active_application_day,988,0.1826923076923076,1749,3659,0.2195540308747856,0.16507242415960646,0.054481606715179126,PASS,proven PL active application-days within observed lifecycle,"P(SEND | active daily decision opportunity, conditioning keys)",STATE_AGE_PRIOR_GAP -> STATE_AGE_GAP -> STATE_PRIOR_GAP -> STATE_GAP -> AGE_PRIOR_GAP -> AGE_GAP -> ORIGIN_GAP -> GAP -> STATE_AGE_PRIOR -> STATE_AGE -> STATE_PRIOR -> STATE -> AGE_PRIOR -> AGE -> ORIGIN -> GLOBAL,"2026-03-01 through 2026-04-30; no May, simulated, or synthetic rows"
STATE_AGE_PRIOR_GAP,current_state+age_bucket+prior_send_bucket+recent_send_gap_bucket,Professional details,3D_7D,0,NO_PRIOR_SEND,,4510,active_application_day,680,0.1507760532150776,2350,2160,0.17063829787234042,0.12916666666666668,0.04147163120567374,PASS,proven PL active application-days within observed lifecycle,"P(SEND | active daily decision opportunity, conditioning keys)",STATE_AGE_PRIOR_GAP -> STATE_AGE_GAP -> STATE_PRIOR_GAP -> STATE_GAP -> AGE_PRIOR_GAP -> AGE_GAP -> ORIGIN_GAP -> GAP -> STATE_AGE_PRIOR -> STATE_AGE -> STATE_PRIOR -> STATE -> AGE_PRIOR -> AGE -> ORIGIN -> GLOBAL,"2026-03-01 through 2026-04-30; no May, simulated, or synthetic rows"
STATE_AGE_PRIOR_GAP,current_state+age_bucket+prior_send_bucket+recent_send_gap_bucket,Professional details,3D_7D,1,1D_3D,,1393,active_application_day,253,0.1816223977027997,802,591,0.16708229426433915,0.20135363790186125,0.0342713436375221,PASS,proven PL active application-days within observed lifecycle,"P(SEND | active daily decision opportunity, conditioning keys)",STATE_AGE_PRIOR_GAP -> STATE_AGE_GAP -> STATE_PRIOR_GAP -> STATE_GAP -> AGE_PRIOR_GAP -> AGE_GAP -> ORIGIN_GAP -> GAP -> STATE_AGE_PRIOR -> STATE_AGE -> STATE_PRIOR -> STATE -> AGE_PRIOR -> AGE -> ORIGIN -> GLOBAL,"2026-03-01 through 2026-04-30; no May, simulated, or synthetic rows"
STATE_AGE_PRIOR_GAP,current_state+age_bucket+prior_send_bucket+recent_send_gap_bucket,Professional details,3D_7D,1,3D_7D,,2710,active_application_day,591,0.2180811808118081,1839,871,0.23545405111473627,0.18140068886337543,0.05405336225136084,PASS,proven PL active application-days within observed lifecycle,"P(SEND | active daily decision opportunity, conditioning keys)",STATE_AGE_PRIOR_GAP -> STATE_AGE_GAP -> STATE_PRIOR_GAP -> STATE_GAP -> AGE_PRIOR_GAP -> AGE_GAP -> ORIGIN_GAP -> GAP -> STATE_AGE_PRIOR -> STATE_AGE -> STATE_PRIOR -> STATE -> AGE_PRIOR -> AGE -> ORIGIN -> GLOBAL,"2026-03-01 through 2026-04-30; no May, simulated, or synthetic rows"
STATE_AGE_PRIOR_GAP,current_state+age_bucket+prior_send_bucket+recent_send_gap_bucket,Professional details,3D_7D,1,LT_1D,,628,active_application_day,90,0.143312101910828,327,301,0.1529051987767584,0.132890365448505,0.020014833328253406,PASS,proven PL active application-days within observed lifecycle,"P(SEND | active daily decision opportunity, conditioning keys)",STATE_AGE_PRIOR_GAP -> STATE_AGE_GAP -> STATE_PRIOR_GAP -> STATE_GAP -> AGE_PRIOR_GAP -> AGE_GAP -> ORIGIN_GAP -> GAP -> STATE_AGE_PRIOR -> STATE_AGE -> STATE_PRIOR -> STATE -> AGE_PRIOR -> AGE -> ORIGIN -> GLOBAL,"2026-03-01 through 2026-04-30; no May, simulated, or synthetic rows"
STATE_AGE_PRIOR_GAP,current_state+age_bucket+prior_send_bucket+recent_send_gap_bucket,Professional details,3D_7D,2_3,1D_3D,,1979,active_application_day,519,0.2622536634663971,1112,867,0.256294964028777,0.2698961937716263,0.01360122974284933,PASS,proven PL active application-days within observed lifecycle,"P(SEND | active daily decision opportunity, conditioning keys)",STATE_AGE_PRIOR_GAP -> STATE_AGE_GAP -> STATE_PRIOR_GAP -> STATE_GAP -> AGE_PRIOR_GAP -> AGE_GAP -> ORIGIN_GAP -> GAP -> STATE_AGE_PRIOR -> STATE_AGE -> STATE_PRIOR -> STATE -> AGE_PRIOR -> AGE -> ORIGIN -> GLOBAL,"2026-03-01 through 2026-04-30; no May, simulated, or synthetic rows"
STATE_AGE_PRIOR_GAP,current_state+age_bucket+prior_send_bucket+recent_send_gap_bucket,Professional details,3D_7D,2_3,3D_7D,,1608,active_application_day,418,0.2599502487562189,822,786,0.2871046228710462,0.23155216284987276,0.05555246002117345,PASS,proven PL active application-days within observed lifecycle,"P(SEND | active daily decision opportunity, conditioning keys)",STATE_AGE_PRIOR_GAP -> STATE_AGE_GAP -> STATE_PRIOR_GAP -> STATE_GAP -> AGE_PRIOR_GAP -> AGE_GAP -> ORIGIN_GAP -> GAP -> STATE_AGE_PRIOR -> STATE_AGE -> STATE_PRIOR -> STATE -> AGE_PRIOR -> AGE -> ORIGIN -> GLOBAL,"2026-03-01 through 2026-04-30; no May, simulated, or synthetic rows"
STATE_AGE_PRIOR_GAP,current_state+age_bucket+prior_send_bucket+recent_send_gap_bucket,Professional details,3D_7D,2_3,LT_1D,,1310,active_application_day,279,0.2129770992366412,734,576,0.21389645776566757,0.21180555555555555,0.0020909022101120167,PASS,proven PL active application-days within observed lifecycle,"P(SEND | active daily decision opportunity, conditioning keys)",STATE_AGE_PRIOR_GAP -> STATE_AGE_GAP -> STATE_PRIOR_GAP -> STATE_GAP -> AGE_PRIOR_GAP -> AGE_GAP -> ORIGIN_GAP -> GAP -> STATE_AGE_PRIOR -> STATE_AGE -> STATE_PRIOR -> STATE -> AGE_PRIOR -> AGE -> ORIGIN -> GLOBAL,"2026-03-01 through 2026-04-30; no May, simulated, or synthetic rows"
STATE_AGE_PRIOR_GAP,current_state+age_bucket+prior_send_bucket+recent_send_gap_bucket,Professional details,3D_7D,4_PLUS,1D_3D,,1362,active_application_day,440,0.3230543318649045,647,715,0.33075734157650694,0.31608391608391606,0.014673425492590875,PASS,proven PL active application-days within observed lifecycle,"P(SEND | active daily decision opportunity, conditioning keys)",STATE_AGE_PRIOR_GAP -> STATE_AGE_GAP -> STATE_PRIOR_GAP -> STATE_GAP -> AGE_PRIOR_GAP -> AGE_GAP -> ORIGIN_GAP -> GAP -> STATE_AGE_PRIOR -> STATE_AGE -> STATE_PRIOR -> STATE -> AGE_PRIOR -> AGE -> ORIGIN -> GLOBAL,"2026-03-01 through 2026-04-30; no May, simulated, or synthetic rows"
STATE_AGE_PRIOR_GAP,current_state+age_bucket+prior_send_bucket+recent_send_gap_bucket,Professional details,3D_7D,4_PLUS,3D_7D,,636,active_application_day,202,0.3176100628930817,328,308,0.29573170731707316,0.3409090909090909,0.04517738359201773,PASS,proven PL active application-days within observed lifecycle,"P(SEND | active daily decision opportunity, conditioning keys)",STATE_AGE_PRIOR_GAP -> STATE_AGE_GAP -> STATE_PRIOR_GAP -> STATE_GAP -> AGE_PRIOR_GAP -> AGE_GAP -> ORIGIN_GAP -> GAP -> STATE_AGE_PRIOR -> STATE_AGE -> STATE_PRIOR -> STATE -> AGE_PRIOR -> AGE -> ORIGIN -> GLOBAL,"2026-03-01 through 2026-04-30; no May, simulated, or synthetic rows"
STATE_AGE_PRIOR_GAP,current_state+age_bucket+prior_send_bucket+recent_send_gap_bucket,Professional details,3D_7D,4_PLUS,LT_1D,,1269,active_application_day,411,0.3238770685579196,629,640,0.32909379968203495,0.31875,0.010343799682034971,PASS,proven PL active application-days within observed lifecycle,"P(SEND | active daily decision opportunity, conditioning keys)",STATE_AGE_PRIOR_GAP -> STATE_AGE_GAP -> STATE_PRIOR_GAP -> STATE_GAP -> AGE_PRIOR_GAP -> AGE_GAP -> ORIGIN_GAP -> GAP -> STATE_AGE_PRIOR -> STATE_AGE -> STATE_PRIOR -> STATE -> AGE_PRIOR -> AGE -> ORIGIN -> GLOBAL,"2026-03-01 through 2026-04-30; no May, simulated, or synthetic rows"
STATE_AGE_PRIOR_GAP,current_state+age_bucket+prior_send_bucket+recent_send_gap_bucket,Professional details,7D_14D,0,NO_PRIOR_SEND,,3120,active_application_day,369,0.1182692307692307,1554,1566,0.07207207207207207,0.1641123882503193,0.09204031617824722,PASS,proven PL active application-days within observed lifecycle,"P(SEND | active daily decision opportunity, conditioning keys)",STATE_AGE_PRIOR_GAP -> STATE_AGE_GAP -> STATE_PRIOR_GAP -> STATE_GAP -> AGE_PRIOR_GAP -> AGE_GAP -> ORIGIN_GAP -> GAP -> STATE_AGE_PRIOR -> STATE_AGE -> STATE_PRIOR -> STATE -> AGE_PRIOR -> AGE -> ORIGIN -> GLOBAL,"2026-03-01 through 2026-04-30; no May, simulated, or synthetic rows"
STATE_AGE_PRIOR_GAP,current_state+age_bucket+prior_send_bucket+recent_send_gap_bucket,Professional details,7D_14D,1,1D_3D,,1119,active_application_day,126,0.1126005361930295,537,582,0.14152700186219738,0.0859106529209622,0.05561634894123518,PASS,proven PL active application-days within observed lifecycle,"P(SEND | active daily decision opportunity, conditioning keys)",STATE_AGE_PRIOR_GAP -> STATE_AGE_GAP -> STATE_PRIOR_GAP -> STATE_GAP -> AGE_PRIOR_GAP -> AGE_GAP -> ORIGIN_GAP -> GAP -> STATE_AGE_PRIOR -> STATE_AGE -> STATE_PRIOR -> STATE -> AGE_PRIOR -> AGE -> ORIGIN -> GLOBAL,"2026-03-01 through 2026-04-30; no May, simulated, or synthetic rows"
STATE_AGE_PRIOR_GAP,current_state+age_bucket+prior_send_bucket+recent_send_gap_bucket,Professional details,7D_14D,1,3D_7D,,2307,active_application_day,195,0.0845253576072821,1048,1259,0.07729007633587787,0.09054805401111994,0.013257977675242075,PASS,proven PL active application-days within observed lifecycle,"P(SEND | active daily decision opportunity, conditioning keys)",STATE_AGE_PRIOR_GAP -> STATE_AGE_GAP -> STATE_PRIOR_GAP -> STATE_GAP -> AGE_PRIOR_GAP -> AGE_GAP -> ORIGIN_GAP -> GAP -> STATE_AGE_PRIOR -> STATE_AGE -> STATE_PRIOR -> STATE -> AGE_PRIOR -> AGE -> ORIGIN -> GLOBAL,"2026-03-01 through 2026-04-30; no May, simulated, or synthetic rows"
STATE_AGE_PRIOR_GAP,current_state+age_bucket+prior_send_bucket+recent_send_gap_bucket,Professional details,7D_14D,1,7D_PLUS,,1856,active_application_day,228,0.1228448275862068,1024,832,0.10546875,0.14423076923076922,0.03876201923076922,PASS,proven PL active application-days within observed lifecycle,"P(SEND | active daily decision opportunity, conditioning keys)",STATE_AGE_PRIOR_GAP -> STATE_AGE_GAP -> STATE_PRIOR_GAP -> STATE_GAP -> AGE_PRIOR_GAP -> AGE_GAP -> ORIGIN_GAP -> GAP -> STATE_AGE_PRIOR -> STATE_AGE -> STATE_PRIOR -> STATE -> AGE_PRIOR -> AGE -> ORIGIN -> GLOBAL,"2026-03-01 through 2026-04-30; no May, simulated, or synthetic rows"
STATE_AGE_PRIOR_GAP,current_state+age_bucket+prior_send_bucket+recent_send_gap_bucket,Professional details,7D_14D,2_3,1D_3D,,3057,active_application_day,522,0.1707556427870461,1994,1063,0.18756268806419257,0.13922859830667922,0.048334089757513354,PASS,proven PL active application-days within observed lifecycle,"P(SEND | active daily decision opportunity, conditioning keys)",STATE_AGE_PRIOR_GAP -> STATE_AGE_GAP -> STATE_PRIOR_GAP -> STATE_GAP -> AGE_PRIOR_GAP -> AGE_GAP -> ORIGIN_GAP -> GAP -> STATE_AGE_PRIOR -> STATE_AGE -> STATE_PRIOR -> STATE -> AGE_PRIOR -> AGE -> ORIGIN -> GLOBAL,"2026-03-01 through 2026-04-30; no May, simulated, or synthetic rows"
STATE_AGE_PRIOR_GAP,current_state+age_bucket+prior_send_bucket+recent_send_gap_bucket,Professional details,7D_14D,2_3,3D_7D,,3927,active_application_day,380,0.0967659791189202,2305,1622,0.09761388286334056,0.09556103575832306,0.002052847105017505,PASS,proven PL active application-days within observed lifecycle,"P(SEND | active daily decision opportunity, conditioning keys)",STATE_AGE_PRIOR_GAP -> STATE_AGE_GAP -> STATE_PRIOR_GAP -> STATE_GAP -> AGE_PRIOR_GAP -> AGE_GAP -> ORIGIN_GAP -> GAP -> STATE_AGE_PRIOR -> STATE_AGE -> STATE_PRIOR -> STATE -> AGE_PRIOR -> AGE -> ORIGIN -> GLOBAL,"2026-03-01 through 2026-04-30; no May, simulated, or synthetic rows"
STATE_AGE_PRIOR_GAP,current_state+age_bucket+prior_send_bucket+recent_send_gap_bucket,Professional details,7D_14D,2_3,7D_PLUS,,1312,active_application_day,212,0.1615853658536585,549,763,0.15846994535519127,0.16382699868938402,0.005357053334192757,PASS,proven PL active application-days within observed lifecycle,"P(SEND | active daily decision opportunity, conditioning keys)",STATE_AGE_PRIOR_GAP -> STATE_AGE_GAP -> STATE_PRIOR_GAP -> STATE_GAP -> AGE_PRIOR_GAP -> AGE_GAP -> ORIGIN_GAP -> GAP -> STATE_AGE_PRIOR -> STATE_AGE -> STATE_PRIOR -> STATE -> AGE_PRIOR -> AGE -> ORIGIN -> GLOBAL,"2026-03-01 through 2026-04-30; no May, simulated, or synthetic rows"
STATE_AGE_PRIOR_GAP,current_state+age_bucket+prior_send_bucket+recent_send_gap_bucket,Professional details,7D_14D,2_3,LT_1D,,1725,active_application_day,291,0.168695652173913,1116,609,0.17652329749103943,0.15435139573070608,0.022171901760333346,PASS,proven PL active application-days within observed lifecycle,"P(SEND | active daily decision opportunity, conditioning keys)",STATE_AGE_PRIOR_GAP -> STATE_AGE_GAP -> STATE_PRIOR_GAP -> STATE_GAP -> AGE_PRIOR_GAP -> AGE_GAP -> ORIGIN_GAP -> GAP -> STATE_AGE_PRIOR -> STATE_AGE -> STATE_PRIOR -> STATE -> AGE_PRIOR -> AGE -> ORIGIN -> GLOBAL,"2026-03-01 through 2026-04-30; no May, simulated, or synthetic rows"
STATE_AGE_PRIOR_GAP,current_state+age_bucket+prior_send_bucket+recent_send_gap_bucket,Professional details,7D_14D,4_PLUS,1D_3D,,4275,active_application_day,1104,0.2582456140350877,2523,1752,0.2552516845025763,0.2625570776255708,0.007305393122994497,PASS,proven PL active application-days within observed lifecycle,"P(SEND | active daily decision opportunity, conditioning keys)",STATE_AGE_PRIOR_GAP -> STATE_AGE_GAP -> STATE_PRIOR_GAP -> STATE_GAP -> AGE_PRIOR_GAP -> AGE_GAP -> ORIGIN_GAP -> GAP -> STATE_AGE_PRIOR -> STATE_AGE -> STATE_PRIOR -> STATE -> AGE_PRIOR -> AGE -> ORIGIN -> GLOBAL,"2026-03-01 through 2026-04-30; no May, simulated, or synthetic rows"
STATE_AGE_PRIOR_GAP,current_state+age_bucket+prior_send_bucket+recent_send_gap_bucket,Professional details,7D_14D,4_PLUS,3D_7D,,2746,active_application_day,585,0.2130371449380917,1383,1363,0.25379609544468545,0.17168011738811445,0.082115978056571,PASS,proven PL active application-days within observed lifecycle,"P(SEND | active daily decision opportunity, conditioning keys)",STATE_AGE_PRIOR_GAP -> STATE_AGE_GAP -> STATE_PRIOR_GAP -> STATE_GAP -> AGE_PRIOR_GAP -> AGE_GAP -> ORIGIN_GAP -> GAP -> STATE_AGE_PRIOR -> STATE_AGE -> STATE_PRIOR -> STATE -> AGE_PRIOR -> AGE -> ORIGIN -> GLOBAL,"2026-03-01 through 2026-04-30; no May, simulated, or synthetic rows"
STATE_AGE_PRIOR_GAP,current_state+age_bucket+prior_send_bucket+recent_send_gap_bucket,Professional details,7D_14D,4_PLUS,7D_PLUS,,529,active_application_day,90,0.1701323251417769,230,299,0.16521739130434782,0.17391304347826086,0.008695652173913049,PASS,proven PL active application-days within observed lifecycle,"P(SEND | active daily decision opportunity, conditioning keys)",STATE_AGE_PRIOR_GAP -> STATE_AGE_GAP -> STATE_PRIOR_GAP -> STATE_GAP -> AGE_PRIOR_GAP -> AGE_GAP -> ORIGIN_GAP -> GAP -> STATE_AGE_PRIOR -> STATE_AGE -> STATE_PRIOR -> STATE -> AGE_PRIOR -> AGE -> ORIGIN -> GLOBAL,"2026-03-01 through 2026-04-30; no May, simulated, or synthetic rows"
STATE_AGE_PRIOR_GAP,current_state+age_bucket+prior_send_bucket+recent_send_gap_bucket,Professional details,7D_14D,4_PLUS,LT_1D,,3678,active_application_day,1091,0.2966286025013594,2146,1532,0.2847157502329916,0.3133159268929504,0.028600176659958787,PASS,proven PL active application-days within observed lifecycle,"P(SEND | active daily decision opportunity, conditioning keys)",STATE_AGE_PRIOR_GAP -> STATE_AGE_GAP -> STATE_PRIOR_GAP -> STATE_GAP -> AGE_PRIOR_GAP -> AGE_GAP -> ORIGIN_GAP -> GAP -> STATE_AGE_PRIOR -> STATE_AGE -> STATE_PRIOR -> STATE -> AGE_PRIOR -> AGE -> ORIGIN -> GLOBAL,"2026-03-01 through 2026-04-30; no May, simulated, or synthetic rows"
STATE_AGE_PRIOR_GAP,current_state+age_bucket+prior_send_bucket+recent_send_gap_bucket,Professional details,LT_1D,2_3,LT_1D,,680,active_application_day,316,0.4647058823529412,369,311,0.4796747967479675,0.44694533762057875,0.03272945912738873,PASS,proven PL active application-days within observed lifecycle,"P(SEND | active daily decision opportunity, conditioning keys)",STATE_AGE_PRIOR_GAP -> STATE_AGE_GAP -> STATE_PRIOR_GAP -> STATE_GAP -> AGE_PRIOR_GAP -> AGE_GAP -> ORIGIN_GAP -> GAP -> STATE_AGE_PRIOR -> STATE_AGE -> STATE_PRIOR -> STATE -> AGE_PRIOR -> AGE -> ORIGIN -> GLOBAL,"2026-03-01 through 2026-04-30; no May, simulated, or synthetic rows"
STATE_AGE_PRIOR_GAP,current_state+age_bucket+prior_send_bucket+recent_send_gap_bucket,listing,14D_21D,0,NO_PRIOR_SEND,,7647,active_application_day,287,0.0375310579312148,4766,2881,0.03923625681913554,0.03471017007983339,0.004526086739302153,PASS,proven PL active application-days within observed lifecycle,"P(SEND | active daily decision opportunity, conditioning keys)",STATE_AGE_PRIOR_GAP -> STATE_AGE_GAP -> STATE_PRIOR_GAP -> STATE_GAP -> AGE_PRIOR_GAP -> AGE_GAP -> ORIGIN_GAP -> GAP -> STATE_AGE_PRIOR -> STATE_AGE -> STATE_PRIOR -> STATE -> AGE_PRIOR -> AGE -> ORIGIN -> GLOBAL,"2026-03-01 through 2026-04-30; no May, simulated, or synthetic rows"
STATE_AGE_PRIOR_GAP,current_state+age_bucket+prior_send_bucket+recent_send_gap_bucket,listing,14D_21D,1,1D_3D,,687,active_application_day,55,0.0800582241630276,506,181,0.07707509881422925,0.08839779005524862,0.011322691241019367,PASS,proven PL active application-days within observed lifecycle,"P(SEND | active daily decision opportunity, conditioning keys)",STATE_AGE_PRIOR_GAP -> STATE_AGE_GAP -> STATE_PRIOR_GAP -> STATE_GAP -> AGE_PRIOR_GAP -> AGE_GAP -> ORIGIN_GAP -> GAP -> STATE_AGE_PRIOR -> STATE_AGE -> STATE_PRIOR -> STATE -> AGE_PRIOR -> AGE -> ORIGIN -> GLOBAL,"2026-03-01 through 2026-04-30; no May, simulated, or synthetic rows"
STATE_AGE_PRIOR_GAP,current_state+age_bucket+prior_send_bucket+recent_send_gap_bucket,listing,14D_21D,1,3D_7D,,1448,active_application_day,114,0.0787292817679558,1106,342,0.07323688969258589,0.09649122807017543,0.023254338377589542,PASS,proven PL active application-days within observed lifecycle,"P(SEND | active daily decision opportunity, conditioning keys)",STATE_AGE_PRIOR_GAP -> STATE_AGE_GAP -> STATE_PRIOR_GAP -> STATE_GAP -> AGE_PRIOR_GAP -> AGE_GAP -> ORIGIN_GAP -> GAP -> STATE_AGE_PRIOR -> STATE_AGE -> STATE_PRIOR -> STATE -> AGE_PRIOR -> AGE -> ORIGIN -> GLOBAL,"2026-03-01 through 2026-04-30; no May, simulated, or synthetic rows"
STATE_AGE_PRIOR_GAP,current_state+age_bucket+prior_send_bucket+recent_send_gap_bucket,listing,14D_21D,1,7D_PLUS,,9140,active_application_day,555,0.0607221006564551,5844,3296,0.06553730321697468,0.05218446601941747,0.013352837197557206,PASS,proven PL active application-days within observed lifecycle,"P(SEND | active daily decision opportunity, conditioning keys)",STATE_AGE_PRIOR_GAP -> STATE_AGE_GAP -> STATE_PRIOR_GAP -> STATE_GAP -> AGE_PRIOR_GAP -> AGE_GAP -> ORIGIN_GAP -> GAP -> STATE_AGE_PRIOR -> STATE_AGE -> STATE_PRIOR -> STATE -> AGE_PRIOR -> AGE -> ORIGIN -> GLOBAL,"2026-03-01 through 2026-04-30; no May, simulated, or synthetic rows"
STATE_AGE_PRIOR_GAP,current_state+age_bucket+prior_send_bucket+recent_send_gap_bucket,listing,14D_21D,2_3,1D_3D,,4278,active_application_day,533,0.1245909303412809,3194,1084,0.1427676894176581,0.07103321033210332,0.07173447908555479,PASS,proven PL active application-days within observed lifecycle,"P(SEND | active daily decision opportunity, conditioning keys)",STATE_AGE_PRIOR_GAP -> STATE_AGE_GAP -> STATE_PRIOR_GAP -> STATE_GAP -> AGE_PRIOR_GAP -> AGE_GAP -> ORIGIN_GAP -> GAP -> STATE_AGE_PRIOR -> STATE_AGE -> STATE_PRIOR -> STATE -> AGE_PRIOR -> AGE -> ORIGIN -> GLOBAL,"2026-03-01 through 2026-04-30; no May, simulated, or synthetic rows"
STATE_AGE_PRIOR_GAP,current_state+age_bucket+prior_send_bucket+recent_send_gap_bucket,listing,14D_21D,2_3,3D_7D,,7029,active_application_day,922,0.1311708635652297,5034,1995,0.12058005562177194,0.15789473684210525,0.03731468122033331,PASS,proven PL active application-days within observed lifecycle,"P(SEND | active daily decision opportunity, conditioning keys)",STATE_AGE_PRIOR_GAP -> STATE_AGE_GAP -> STATE_PRIOR_GAP -> STATE_GAP -> AGE_PRIOR_GAP -> AGE_GAP -> ORIGIN_GAP -> GAP -> STATE_AGE_PRIOR -> STATE_AGE -> STATE_PRIOR -> STATE -> AGE_PRIOR -> AGE -> ORIGIN -> GLOBAL,"2026-03-01 through 2026-04-30; no May, simulated, or synthetic rows"
STATE_AGE_PRIOR_GAP,current_state+age_bucket+prior_send_bucket+recent_send_gap_bucket,listing,14D_21D,2_3,7D_PLUS,,13153,active_application_day,1103,0.0838591956207709,7305,5848,0.09801505817932922,0.0661764705882353,0.031838587591093925,PASS,proven PL active application-days within observed lifecycle,"P(SEND | active daily decision opportunity, conditioning keys)",STATE_AGE_PRIOR_GAP -> STATE_AGE_GAP -> STATE_PRIOR_GAP -> STATE_GAP -> AGE_PRIOR_GAP -> AGE_GAP -> ORIGIN_GAP -> GAP -> STATE_AGE_PRIOR -> STATE_AGE -> STATE_PRIOR -> STATE -> AGE_PRIOR -> AGE -> ORIGIN -> GLOBAL,"2026-03-01 through 2026-04-30; no May, simulated, or synthetic rows"
STATE_AGE_PRIOR_GAP,current_state+age_bucket+prior_send_bucket+recent_send_gap_bucket,listing,14D_21D,2_3,LT_1D,,2103,active_application_day,207,0.0984308131241084,1525,578,0.09442622950819672,0.10899653979238755,0.014570310284190827,PASS,proven PL active application-days within observed lifecycle,"P(SEND | active daily decision opportunity, conditioning keys)",STATE_AGE_PRIOR_GAP -> STATE_AGE_GAP -> STATE_PRIOR_GAP -> STATE_GAP -> AGE_PRIOR_GAP -> AGE_GAP -> ORIGIN_GAP -> GAP -> STATE_AGE_PRIOR -> STATE_AGE -> STATE_PRIOR -> STATE -> AGE_PRIOR -> AGE -> ORIGIN -> GLOBAL,"2026-03-01 through 2026-04-30; no May, simulated, or synthetic rows"
STATE_AGE_PRIOR_GAP,current_state+age_bucket+prior_send_bucket+recent_send_gap_bucket,listing,14D_21D,4_PLUS,1D_3D,,26390,active_application_day,5620,0.2129594543387646,14875,11515,0.2346218487394958,0.1849761181068172,0.0496457306326786,PASS,proven PL active application-days within observed lifecycle,"P(SEND | active daily decision opportunity, conditioning keys)",STATE_AGE_PRIOR_GAP -> STATE_AGE_GAP -> STATE_PRIOR_GAP -> STATE_GAP -> AGE_PRIOR_GAP -> AGE_GAP -> ORIGIN_GAP -> GAP -> STATE_AGE_PRIOR -> STATE_AGE -> STATE_PRIOR -> STATE -> AGE_PRIOR -> AGE -> ORIGIN -> GLOBAL,"2026-03-01 through 2026-04-30; no May, simulated, or synthetic rows"
STATE_AGE_PRIOR_GAP,current_state+age_bucket+prior_send_bucket+recent_send_gap_bucket,listing,14D_21D,4_PLUS,3D_7D,,22340,active_application_day,5613,0.2512533572068039,12190,10150,0.21410992616899097,0.29586206896551726,0.08175214279652629,PASS,proven PL active application-days within observed lifecycle,"P(SEND | active daily decision opportunity, conditioning keys)",STATE_AGE_PRIOR_GAP -> STATE_AGE_GAP -> STATE_PRIOR_GAP -> STATE_GAP -> AGE_PRIOR_GAP -> AGE_GAP -> ORIGIN_GAP -> GAP -> STATE_AGE_PRIOR -> STATE_AGE -> STATE_PRIOR -> STATE -> AGE_PRIOR -> AGE -> ORIGIN -> GLOBAL,"2026-03-01 through 2026-04-30; no May, simulated, or synthetic rows"
STATE_AGE_PRIOR_GAP,current_state+age_bucket+prior_send_bucket+recent_send_gap_bucket,listing,14D_21D,4_PLUS,7D_PLUS,,10340,active_application_day,1237,0.11963249516441,5006,5334,0.13803435876947662,0.10236220472440945,0.03567215404506717,PASS,proven PL active application-days within observed lifecycle,"P(SEND | active daily decision opportunity, conditioning keys)",STATE_AGE_PRIOR_GAP -> STATE_AGE_GAP -> STATE_PRIOR_GAP -> STATE_GAP -> AGE_PRIOR_GAP -> AGE_GAP -> ORIGIN_GAP -> GAP -> STATE_AGE_PRIOR -> STATE_AGE -> STATE_PRIOR -> STATE -> AGE_PRIOR -> AGE -> ORIGIN -> GLOBAL,"2026-03-01 through 2026-04-30; no May, simulated, or synthetic rows"
STATE_AGE_PRIOR_GAP,current_state+age_bucket+prior_send_bucket+recent_send_gap_bucket,listing,1D_3D,0,NO_PRIOR_SEND,,12189,active_application_day,2531,0.2076462384116826,6691,5498,0.17441339112240323,0.24809021462349945,0.07367682350109622,PASS,proven PL active application-days within observed lifecycle,"P(SEND | active daily decision opportunity, conditioning keys)",STATE_AGE_PRIOR_GAP -> STATE_AGE_GAP -> STATE_PRIOR_GAP -> STATE_GAP -> AGE_PRIOR_GAP -> AGE_GAP -> ORIGIN_GAP -> GAP -> STATE_AGE_PRIOR -> STATE_AGE -> STATE_PRIOR -> STATE -> AGE_PRIOR -> AGE -> ORIGIN -> GLOBAL,"2026-03-01 through 2026-04-30; no May, simulated, or synthetic rows"
STATE_AGE_PRIOR_GAP,current_state+age_bucket+prior_send_bucket+recent_send_gap_bucket,listing,1D_3D,1,LT_1D,,2438,active_application_day,512,0.2100082034454471,1354,1084,0.20827178729689808,0.21217712177121772,0.0039053344743196494,PASS,proven PL active application-days within observed lifecycle,"P(SEND | active daily decision opportunity, conditioning keys)",STATE_AGE_PRIOR_GAP -> STATE_AGE_GAP -> STATE_PRIOR_GAP -> STATE_GAP -> AGE_PRIOR_GAP -> AGE_GAP -> ORIGIN_GAP -> GAP -> STATE_AGE_PRIOR -> STATE_AGE -> STATE_PRIOR -> STATE -> AGE_PRIOR -> AGE -> ORIGIN -> GLOBAL,"2026-03-01 through 2026-04-30; no May, simulated, or synthetic rows"
STATE_AGE_PRIOR_GAP,current_state+age_bucket+prior_send_bucket+recent_send_gap_bucket,listing,1D_3D,2_3,1D_3D,,5652,active_application_day,1441,0.2549539985845718,3000,2652,0.21033333333333334,0.3054298642533937,0.09509653092006035,PASS,proven PL active application-days within observed lifecycle,"P(SEND | active daily decision opportunity, conditioning keys)",STATE_AGE_PRIOR_GAP -> STATE_AGE_GAP -> STATE_PRIOR_GAP -> STATE_GAP -> AGE_PRIOR_GAP -> AGE_GAP -> ORIGIN_GAP -> GAP -> STATE_AGE_PRIOR -> STATE_AGE -> STATE_PRIOR -> STATE -> AGE_PRIOR -> AGE -> ORIGIN -> GLOBAL,"2026-03-01 through 2026-04-30; no May, simulated, or synthetic rows"
STATE_AGE_PRIOR_GAP,current_state+age_bucket+prior_send_bucket+recent_send_gap_bucket,listing,1D_3D,2_3,LT_1D,,4257,active_application_day,1138,0.2673244068592906,2385,1872,0.2339622641509434,0.30982905982905984,0.07586679567811644,PASS,proven PL active application-days within observed lifecycle,"P(SEND | active daily decision opportunity, conditioning keys)",STATE_AGE_PRIOR_GAP -> STATE_AGE_GAP -> STATE_PRIOR_GAP -> STATE_GAP -> AGE_PRIOR_GAP -> AGE_GAP -> ORIGIN_GAP -> GAP -> STATE_AGE_PRIOR -> STATE_AGE -> STATE_PRIOR -> STATE -> AGE_PRIOR -> AGE -> ORIGIN -> GLOBAL,"2026-03-01 through 2026-04-30; no May, simulated, or synthetic rows"
STATE_AGE_PRIOR_GAP,current_state+age_bucket+prior_send_bucket+recent_send_gap_bucket,listing,1D_3D,4_PLUS,LT_1D,,3505,active_application_day,1052,0.3001426533523538,1773,1732,0.2577552171460801,0.3435334872979215,0.08577827015184142,PASS,proven PL active application-days within observed lifecycle,"P(SEND | active daily decision opportunity, conditioning keys)",STATE_AGE_PRIOR_GAP -> STATE_AGE_GAP -> STATE_PRIOR_GAP -> STATE_GAP -> AGE_PRIOR_GAP -> AGE_GAP -> ORIGIN_GAP -> GAP -> STATE_AGE_PRIOR -> STATE_AGE -> STATE_PRIOR -> STATE -> AGE_PRIOR -> AGE -> ORIGIN -> GLOBAL,"2026-03-01 through 2026-04-30; no May, simulated, or synthetic rows"
STATE_AGE_PRIOR_GAP,current_state+age_bucket+prior_send_bucket+recent_send_gap_bucket,listing,21D_30D,0,NO_PRIOR_SEND,,6048,active_application_day,309,0.0510912698412698,2275,3773,0.04527472527472527,0.05459846276172807,0.009323737487002798,PASS,proven PL active application-days within observed lifecycle,"P(SEND | active daily decision opportunity, conditioning keys)",STATE_AGE_PRIOR_GAP -> STATE_AGE_GAP -> STATE_PRIOR_GAP -> STATE_GAP -> AGE_PRIOR_GAP -> AGE_GAP -> ORIGIN_GAP -> GAP -> STATE_AGE_PRIOR -> STATE_AGE -> STATE_PRIOR -> STATE -> AGE_PRIOR -> AGE -> ORIGIN -> GLOBAL,"2026-03-01 through 2026-04-30; no May, simulated, or synthetic rows"
STATE_AGE_PRIOR_GAP,current_state+age_bucket+prior_send_bucket+recent_send_gap_bucket,listing,21D_30D,1,3D_7D,,667,active_application_day,51,0.0764617691154422,265,402,0.052830188679245285,0.09203980099502487,0.03920961231577959,PASS,proven PL active application-days within observed lifecycle,"P(SEND | active daily decision opportunity, conditioning keys)",STATE_AGE_PRIOR_GAP -> STATE_AGE_GAP -> STATE_PRIOR_GAP -> STATE_GAP -> AGE_PRIOR_GAP -> AGE_GAP -> ORIGIN_GAP -> GAP -> STATE_AGE_PRIOR -> STATE_AGE -> STATE_PRIOR -> STATE -> AGE_PRIOR -> AGE -> ORIGIN -> GLOBAL,"2026-03-01 through 2026-04-30; no May, simulated, or synthetic rows"
STATE_AGE_PRIOR_GAP,current_state+age_bucket+prior_send_bucket+recent_send_gap_bucket,listing,21D_30D,1,7D_PLUS,,7988,active_application_day,613,0.0767401101652478,3721,4267,0.06960494490728299,0.08296226857276776,0.013357323665484769,PASS,proven PL active application-days within observed lifecycle,"P(SEND | active daily decision opportunity, conditioning keys)",STATE_AGE_PRIOR_GAP -> STATE_AGE_GAP -> STATE_PRIOR_GAP -> STATE_GAP -> AGE_PRIOR_GAP -> AGE_GAP -> ORIGIN_GAP -> GAP -> STATE_AGE_PRIOR -> STATE_AGE -> STATE_PRIOR -> STATE -> AGE_PRIOR -> AGE -> ORIGIN -> GLOBAL,"2026-03-01 through 2026-04-30; no May, simulated, or synthetic rows"
STATE_AGE_PRIOR_GAP,current_state+age_bucket+prior_send_bucket+recent_send_gap_bucket,listing,21D_30D,2_3,1D_3D,,2848,active_application_day,320,0.1123595505617977,441,2407,0.17687074829931973,0.10054009140008309,0.07633065689923664,PASS,proven PL active application-days within observed lifecycle,"P(SEND | active daily decision opportunity, conditioning keys)",STATE_AGE_PRIOR_GAP -> STATE_AGE_GAP -> STATE_PRIOR_GAP -> STATE_GAP -> AGE_PRIOR_GAP -> AGE_GAP -> ORIGIN_GAP -> GAP -> STATE_AGE_PRIOR -> STATE_AGE -> STATE_PRIOR -> STATE -> AGE_PRIOR -> AGE -> ORIGIN -> GLOBAL,"2026-03-01 through 2026-04-30; no May, simulated, or synthetic rows"
STATE_AGE_PRIOR_GAP,current_state+age_bucket+prior_send_bucket+recent_send_gap_bucket,listing,21D_30D,2_3,3D_7D,,4090,active_application_day,401,0.0980440097799511,1815,2275,0.08980716253443526,0.10461538461538461,0.014808222080949354,PASS,proven PL active application-days within observed lifecycle,"P(SEND | active daily decision opportunity, conditioning keys)",STATE_AGE_PRIOR_GAP -> STATE_AGE_GAP -> STATE_PRIOR_GAP -> STATE_GAP -> AGE_PRIOR_GAP -> AGE_GAP -> ORIGIN_GAP -> GAP -> STATE_AGE_PRIOR -> STATE_AGE -> STATE_PRIOR -> STATE -> AGE_PRIOR -> AGE -> ORIGIN -> GLOBAL,"2026-03-01 through 2026-04-30; no May, simulated, or synthetic rows"
STATE_AGE_PRIOR_GAP,current_state+age_bucket+prior_send_bucket+recent_send_gap_bucket,listing,21D_30D,2_3,7D_PLUS,,13838,active_application_day,1506,0.1088307558895794,6317,7521,0.11176191230014247,0.10636883393165802,0.005393078368484447,PASS,proven PL active application-days within observed lifecycle,"P(SEND | active daily decision opportunity, conditioning keys)",STATE_AGE_PRIOR_GAP -> STATE_AGE_GAP -> STATE_PRIOR_GAP -> STATE_GAP -> AGE_PRIOR_GAP -> AGE_GAP -> ORIGIN_GAP -> GAP -> STATE_AGE_PRIOR -> STATE_AGE -> STATE_PRIOR -> STATE -> AGE_PRIOR -> AGE -> ORIGIN -> GLOBAL,"2026-03-01 through 2026-04-30; no May, simulated, or synthetic rows"
STATE_AGE_PRIOR_GAP,current_state+age_bucket+prior_send_bucket+recent_send_gap_bucket,listing,21D_30D,2_3,LT_1D,,1818,active_application_day,187,0.1028602860286028,517,1301,0.1702127659574468,0.07609531129900077,0.09411745465844604,PASS,proven PL active application-days within observed lifecycle,"P(SEND | active daily decision opportunity, conditioning keys)",STATE_AGE_PRIOR_GAP -> STATE_AGE_GAP -> STATE_PRIOR_GAP -> STATE_GAP -> AGE_PRIOR_GAP -> AGE_GAP -> ORIGIN_GAP -> GAP -> STATE_AGE_PRIOR -> STATE_AGE -> STATE_PRIOR -> STATE -> AGE_PRIOR -> AGE -> ORIGIN -> GLOBAL,"2026-03-01 through 2026-04-30; no May, simulated, or synthetic rows"
STATE_AGE_PRIOR_GAP,current_state+age_bucket+prior_send_bucket+recent_send_gap_bucket,listing,21D_30D,4_PLUS,1D_3D,,30981,active_application_day,7790,0.2514444336851619,6596,24385,0.25894481503941785,0.24941562435923723,0.009529190680180627,PASS,proven PL active application-days within observed lifecycle,"P(SEND | active daily decision opportunity, conditioning keys)",STATE_AGE_PRIOR_GAP -> STATE_AGE_GAP -> STATE_PRIOR_GAP -> STATE_GAP -> AGE_PRIOR_GAP -> AGE_GAP -> ORIGIN_GAP -> GAP -> STATE_AGE_PRIOR -> STATE_AGE -> STATE_PRIOR -> STATE -> AGE_PRIOR -> AGE -> ORIGIN -> GLOBAL,"2026-03-01 through 2026-04-30; no May, simulated, or synthetic rows"
STATE_AGE_PRIOR_GAP,current_state+age_bucket+prior_send_bucket+recent_send_gap_bucket,listing,21D_30D,4_PLUS,3D_7D,,25342,active_application_day,6221,0.2454818088548654,10816,14526,0.20562130177514792,0.275161778879251,0.06954047710410305,PASS,proven PL active application-days within observed lifecycle,"P(SEND | active daily decision opportunity, conditioning keys)",STATE_AGE_PRIOR_GAP -> STATE_AGE_GAP -> STATE_PRIOR_GAP -> STATE_GAP -> AGE_PRIOR_GAP -> AGE_GAP -> ORIGIN_GAP -> GAP -> STATE_AGE_PRIOR -> STATE_AGE -> STATE_PRIOR -> STATE -> AGE_PRIOR -> AGE -> ORIGIN -> GLOBAL,"2026-03-01 through 2026-04-30; no May, simulated, or synthetic rows"
STATE_AGE_PRIOR_GAP,current_state+age_bucket+prior_send_bucket+recent_send_gap_bucket,listing,21D_30D,4_PLUS,7D_PLUS,,17458,active_application_day,3035,0.1738458013518158,8032,9426,0.18289342629482072,0.16613621896880967,0.016757207326011048,PASS,proven PL active application-days within observed lifecycle,"P(SEND | active daily decision opportunity, conditioning keys)",STATE_AGE_PRIOR_GAP -> STATE_AGE_GAP -> STATE_PRIOR_GAP -> STATE_GAP -> AGE_PRIOR_GAP -> AGE_GAP -> ORIGIN_GAP -> GAP -> STATE_AGE_PRIOR -> STATE_AGE -> STATE_PRIOR -> STATE -> AGE_PRIOR -> AGE -> ORIGIN -> GLOBAL,"2026-03-01 through 2026-04-30; no May, simulated, or synthetic rows"
STATE_AGE_PRIOR_GAP,current_state+age_bucket+prior_send_bucket+recent_send_gap_bucket,listing,21D_30D,4_PLUS,LT_1D,,22528,active_application_day,4354,0.1932705965909091,7040,15488,0.22428977272727274,0.17917097107438015,0.04511880165289259,PASS,proven PL active application-days within observed lifecycle,"P(SEND | active daily decision opportunity, conditioning keys)",STATE_AGE_PRIOR_GAP -> STATE_AGE_GAP -> STATE_PRIOR_GAP -> STATE_GAP -> AGE_PRIOR_GAP -> AGE_GAP -> ORIGIN_GAP -> GAP -> STATE_AGE_PRIOR -> STATE_AGE -> STATE_PRIOR -> STATE -> AGE_PRIOR -> AGE -> ORIGIN -> GLOBAL,"2026-03-01 through 2026-04-30; no May, simulated, or synthetic rows"
STATE_AGE_PRIOR_GAP,current_state+age_bucket+prior_send_bucket+recent_send_gap_bucket,listing,3D_7D,0,NO_PRIOR_SEND,,12860,active_application_day,1875,0.145800933125972,8268,4592,0.1262699564586357,0.18096689895470383,0.05469694249606813,PASS,proven PL active application-days within observed lifecycle,"P(SEND | active daily decision opportunity, conditioning keys)",STATE_AGE_PRIOR_GAP -> STATE_AGE_GAP -> STATE_PRIOR_GAP -> STATE_GAP -> AGE_PRIOR_GAP -> AGE_GAP -> ORIGIN_GAP -> GAP -> STATE_AGE_PRIOR -> STATE_AGE -> STATE_PRIOR -> STATE -> AGE_PRIOR -> AGE -> ORIGIN -> GLOBAL,"2026-03-01 through 2026-04-30; no May, simulated, or synthetic rows"
STATE_AGE_PRIOR_GAP,current_state+age_bucket+prior_send_bucket+recent_send_gap_bucket,listing,3D_7D,1,LT_1D,,2243,active_application_day,361,0.1609451627284886,951,1292,0.19348054679284962,0.1369969040247678,0.05648364276808182,PASS,proven PL active application-days within observed lifecycle,"P(SEND | active daily decision opportunity, conditioning keys)",STATE_AGE_PRIOR_GAP -> STATE_AGE_GAP -> STATE_PRIOR_GAP -> STATE_GAP -> AGE_PRIOR_GAP -> AGE_GAP -> ORIGIN_GAP -> GAP -> STATE_AGE_PRIOR -> STATE_AGE -> STATE_PRIOR -> STATE -> AGE_PRIOR -> AGE -> ORIGIN -> GLOBAL,"2026-03-01 through 2026-04-30; no May, simulated, or synthetic rows"
STATE_AGE_PRIOR_GAP,current_state+age_bucket+prior_send_bucket+recent_send_gap_bucket,listing,3D_7D,2_3,LT_1D,,6737,active_application_day,1606,0.2383850378506753,2902,3835,0.23363197794624396,0.24198174706649284,0.008349769120248873,PASS,proven PL active application-days within observed lifecycle,"P(SEND | active daily decision opportunity, conditioning keys)",STATE_AGE_PRIOR_GAP -> STATE_AGE_GAP -> STATE_PRIOR_GAP -> STATE_GAP -> AGE_PRIOR_GAP -> AGE_GAP -> ORIGIN_GAP -> GAP -> STATE_AGE_PRIOR -> STATE_AGE -> STATE_PRIOR -> STATE -> AGE_PRIOR -> AGE -> ORIGIN -> GLOBAL,"2026-03-01 through 2026-04-30; no May, simulated, or synthetic rows"
STATE_AGE_PRIOR_GAP,current_state+age_bucket+prior_send_bucket+recent_send_gap_bucket,listing,3D_7D,4_PLUS,3D_7D,,3698,active_application_day,1231,0.3328826392644672,2122,1576,0.3124410933081998,0.3604060913705584,0.0479649980623586,PASS,proven PL active application-days within observed lifecycle,"P(SEND | active daily decision opportunity, conditioning keys)",STATE_AGE_PRIOR_GAP -> STATE_AGE_GAP -> STATE_PRIOR_GAP -> STATE_GAP -> AGE_PRIOR_GAP -> AGE_GAP -> ORIGIN_GAP -> GAP -> STATE_AGE_PRIOR -> STATE_AGE -> STATE_PRIOR -> STATE -> AGE_PRIOR -> AGE -> ORIGIN -> GLOBAL,"2026-03-01 through 2026-04-30; no May, simulated, or synthetic rows"
STATE_AGE_PRIOR_GAP,current_state+age_bucket+prior_send_bucket+recent_send_gap_bucket,listing,3D_7D,4_PLUS,LT_1D,,8767,active_application_day,2858,0.3259952093076309,3560,5207,0.3393258426966292,0.31688112156712117,0.022444721129508016,PASS,proven PL active application-days within observed lifecycle,"P(SEND | active daily decision opportunity, conditioning keys)",STATE_AGE_PRIOR_GAP -> STATE_AGE_GAP -> STATE_PRIOR_GAP -> STATE_GAP -> AGE_PRIOR_GAP -> AGE_GAP -> ORIGIN_GAP -> GAP -> STATE_AGE_PRIOR -> STATE_AGE -> STATE_PRIOR -> STATE -> AGE_PRIOR -> AGE -> ORIGIN -> GLOBAL,"2026-03-01 through 2026-04-30; no May, simulated, or synthetic rows"
STATE_AGE_PRIOR_GAP,current_state+age_bucket+prior_send_bucket+recent_send_gap_bucket,listing,7D_14D,0,NO_PRIOR_SEND,,12096,active_application_day,831,0.0687003968253968,7956,4140,0.07415786827551533,0.05821256038647343,0.0159453078890419,PASS,proven PL active application-days within observed lifecycle,"P(SEND | active daily decision opportunity, conditioning keys)",STATE_AGE_PRIOR_GAP -> STATE_AGE_GAP -> STATE_PRIOR_GAP -> STATE_GAP -> AGE_PRIOR_GAP -> AGE_GAP -> ORIGIN_GAP -> GAP -> STATE_AGE_PRIOR -> STATE_AGE -> STATE_PRIOR -> STATE -> AGE_PRIOR -> AGE -> ORIGIN -> GLOBAL,"2026-03-01 through 2026-04-30; no May, simulated, or synthetic rows"
STATE_AGE_PRIOR_GAP,current_state+age_bucket+prior_send_bucket+recent_send_gap_bucket,listing,7D_14D,1,1D_3D,,2078,active_application_day,287,0.1381135707410972,1355,723,0.14686346863468636,0.12171507607192254,0.025148392562763813,PASS,proven PL active application-days within observed lifecycle,"P(SEND | active daily decision opportunity, conditioning keys)",STATE_AGE_PRIOR_GAP -> STATE_AGE_GAP -> STATE_PRIOR_GAP -> STATE_GAP -> AGE_PRIOR_GAP -> AGE_GAP -> ORIGIN_GAP -> GAP -> STATE_AGE_PRIOR -> STATE_AGE -> STATE_PRIOR -> STATE -> AGE_PRIOR -> AGE -> ORIGIN -> GLOBAL,"2026-03-01 through 2026-04-30; no May, simulated, or synthetic rows"
STATE_AGE_PRIOR_GAP,current_state+age_bucket+prior_send_bucket+recent_send_gap_bucket,listing,7D_14D,1,3D_7D,,5100,active_application_day,591,0.1158823529411764,2919,2181,0.11921891058581706,0.11141678129298486,0.007802129292832194,PASS,proven PL active application-days within observed lifecycle,"P(SEND | active daily decision opportunity, conditioning keys)",STATE_AGE_PRIOR_GAP -> STATE_AGE_GAP -> STATE_PRIOR_GAP -> STATE_GAP -> AGE_PRIOR_GAP -> AGE_GAP -> ORIGIN_GAP -> GAP -> STATE_AGE_PRIOR -> STATE_AGE -> STATE_PRIOR -> STATE -> AGE_PRIOR -> AGE -> ORIGIN -> GLOBAL,"2026-03-01 through 2026-04-30; no May, simulated, or synthetic rows"
STATE_AGE_PRIOR_GAP,current_state+age_bucket+prior_send_bucket+recent_send_gap_bucket,listing,7D_14D,1,7D_PLUS,,9610,active_application_day,881,0.091675338189386,7131,2479,0.10054690786705932,0.06615570794675273,0.03439119992030659,PASS,proven PL active application-days within observed lifecycle,"P(SEND | active daily decision opportunity, conditioning keys)",STATE_AGE_PRIOR_GAP -> STATE_AGE_GAP -> STATE_PRIOR_GAP -> STATE_GAP -> AGE_PRIOR_GAP -> AGE_GAP -> ORIGIN_GAP -> GAP -> STATE_AGE_PRIOR -> STATE_AGE -> STATE_PRIOR -> STATE -> AGE_PRIOR -> AGE -> ORIGIN -> GLOBAL,"2026-03-01 through 2026-04-30; no May, simulated, or synthetic rows"
STATE_AGE_PRIOR_GAP,current_state+age_bucket+prior_send_bucket+recent_send_gap_bucket,listing,7D_14D,1,LT_1D,,1121,active_application_day,191,0.1703835860838537,764,357,0.16099476439790575,0.19047619047619047,0.029481426078284717,PASS,proven PL active application-days within observed lifecycle,"P(SEND | active daily decision opportunity, conditioning keys)",STATE_AGE_PRIOR_GAP -> STATE_AGE_GAP -> STATE_PRIOR_GAP -> STATE_GAP -> AGE_PRIOR_GAP -> AGE_GAP -> ORIGIN_GAP -> GAP -> STATE_AGE_PRIOR -> STATE_AGE -> STATE_PRIOR -> STATE -> AGE_PRIOR -> AGE -> ORIGIN -> GLOBAL,"2026-03-01 through 2026-04-30; no May, simulated, or synthetic rows"
STATE_AGE_PRIOR_GAP,current_state+age_bucket+prior_send_bucket+recent_send_gap_bucket,listing,7D_14D,2_3,1D_3D,,9675,active_application_day,1565,0.1617571059431524,5856,3819,0.16086065573770492,0.16313170987169415,0.002271054133989231,PASS,proven PL active application-days within observed lifecycle,"P(SEND | active daily decision opportunity, conditioning keys)",STATE_AGE_PRIOR_GAP -> STATE_AGE_GAP -> STATE_PRIOR_GAP -> STATE_GAP -> AGE_PRIOR_GAP -> AGE_GAP -> ORIGIN_GAP -> GAP -> STATE_AGE_PRIOR -> STATE_AGE -> STATE_PRIOR -> STATE -> AGE_PRIOR -> AGE -> ORIGIN -> GLOBAL,"2026-03-01 through 2026-04-30; no May, simulated, or synthetic rows"
STATE_AGE_PRIOR_GAP,current_state+age_bucket+prior_send_bucket+recent_send_gap_bucket,listing,7D_14D,2_3,3D_7D,,13653,active_application_day,2203,0.1613564784296491,7943,5710,0.15787485836585674,0.16619964973730297,0.008324791371446233,PASS,proven PL active application-days within observed lifecycle,"P(SEND | active daily decision opportunity, conditioning keys)",STATE_AGE_PRIOR_GAP -> STATE_AGE_GAP -> STATE_PRIOR_GAP -> STATE_GAP -> AGE_PRIOR_GAP -> AGE_GAP -> ORIGIN_GAP -> GAP -> STATE_AGE_PRIOR -> STATE_AGE -> STATE_PRIOR -> STATE -> AGE_PRIOR -> AGE -> ORIGIN -> GLOBAL,"2026-03-01 through 2026-04-30; no May, simulated, or synthetic rows"
STATE_AGE_PRIOR_GAP,current_state+age_bucket+prior_send_bucket+recent_send_gap_bucket,listing,7D_14D,2_3,7D_PLUS,,7359,active_application_day,1023,0.1390134529147982,4532,2827,0.1707855251544572,0.08807923593915812,0.08270628921529907,PASS,proven PL active application-days within observed lifecycle,"P(SEND | active daily decision opportunity, conditioning keys)",STATE_AGE_PRIOR_GAP -> STATE_AGE_GAP -> STATE_PRIOR_GAP -> STATE_GAP -> AGE_PRIOR_GAP -> AGE_GAP -> ORIGIN_GAP -> GAP -> STATE_AGE_PRIOR -> STATE_AGE -> STATE_PRIOR -> STATE -> AGE_PRIOR -> AGE -> ORIGIN -> GLOBAL,"2026-03-01 through 2026-04-30; no May, simulated, or synthetic rows"
STATE_AGE_PRIOR_GAP,current_state+age_bucket+prior_send_bucket+recent_send_gap_bucket,listing,7D_14D,2_3,LT_1D,,5823,active_application_day,1218,0.2091705306543019,3647,2176,0.1944063613929257,0.2339154411764706,0.0395090797835449,PASS,proven PL active application-days within observed lifecycle,"P(SEND | active daily decision opportunity, conditioning keys)",STATE_AGE_PRIOR_GAP -> STATE_AGE_GAP -> STATE_PRIOR_GAP -> STATE_GAP -> AGE_PRIOR_GAP -> AGE_GAP -> ORIGIN_GAP -> GAP -> STATE_AGE_PRIOR -> STATE_AGE -> STATE_PRIOR -> STATE -> AGE_PRIOR -> AGE -> ORIGIN -> GLOBAL,"2026-03-01 through 2026-04-30; no May, simulated, or synthetic rows"
STATE_AGE_PRIOR_GAP,current_state+age_bucket+prior_send_bucket+recent_send_gap_bucket,listing,7D_14D,4_PLUS,1D_3D,,24155,active_application_day,6528,0.2702546056717035,11688,12467,0.24897330595482547,0.29020614422074276,0.04123283826591728,PASS,proven PL active application-days within observed lifecycle,"P(SEND | active daily decision opportunity, conditioning keys)",STATE_AGE_PRIOR_GAP -> STATE_AGE_GAP -> STATE_PRIOR_GAP -> STATE_GAP -> AGE_PRIOR_GAP -> AGE_GAP -> ORIGIN_GAP -> GAP -> STATE_AGE_PRIOR -> STATE_AGE -> STATE_PRIOR -> STATE -> AGE_PRIOR -> AGE -> ORIGIN -> GLOBAL,"2026-03-01 through 2026-04-30; no May, simulated, or synthetic rows"
STATE_AGE_PRIOR_GAP,current_state+age_bucket+prior_send_bucket+recent_send_gap_bucket,listing,7D_14D,4_PLUS,3D_7D,,15364,active_application_day,3993,0.2598932569643322,7672,7692,0.28323774765380605,0.23660946437857514,0.046628283275230914,PASS,proven PL active application-days within observed lifecycle,"P(SEND | active daily decision opportunity, conditioning keys)",STATE_AGE_PRIOR_GAP -> STATE_AGE_GAP -> STATE_PRIOR_GAP -> STATE_GAP -> AGE_PRIOR_GAP -> AGE_GAP -> ORIGIN_GAP -> GAP -> STATE_AGE_PRIOR -> STATE_AGE -> STATE_PRIOR -> STATE -> AGE_PRIOR -> AGE -> ORIGIN -> GLOBAL,"2026-03-01 through 2026-04-30; no May, simulated, or synthetic rows"
STATE_AGE_PRIOR_GAP,current_state+age_bucket+prior_send_bucket+recent_send_gap_bucket,listing,7D_14D,4_PLUS,7D_PLUS,,3739,active_application_day,612,0.1636801283765712,1685,2054,0.21839762611275965,0.11879259980525804,0.0996050263075016,PASS,proven PL active application-days within observed lifecycle,"P(SEND | active daily decision opportunity, conditioning keys)",STATE_AGE_PRIOR_GAP -> STATE_AGE_GAP -> STATE_PRIOR_GAP -> STATE_GAP -> AGE_PRIOR_GAP -> AGE_GAP -> ORIGIN_GAP -> GAP -> STATE_AGE_PRIOR -> STATE_AGE -> STATE_PRIOR -> STATE -> AGE_PRIOR -> AGE -> ORIGIN -> GLOBAL,"2026-03-01 through 2026-04-30; no May, simulated, or synthetic rows"
STATE_AGE_PRIOR_GAP,current_state+age_bucket+prior_send_bucket+recent_send_gap_bucket,listing,7D_14D,4_PLUS,LT_1D,,22175,active_application_day,7335,0.3307779030439684,10054,12121,0.3109210264571315,0.34724857685009486,0.03632755039296337,PASS,proven PL active application-days within observed lifecycle,"P(SEND | active daily decision opportunity, conditioning keys)",STATE_AGE_PRIOR_GAP -> STATE_AGE_GAP -> STATE_PRIOR_GAP -> STATE_GAP -> AGE_PRIOR_GAP -> AGE_GAP -> ORIGIN_GAP -> GAP -> STATE_AGE_PRIOR -> STATE_AGE -> STATE_PRIOR -> STATE -> AGE_PRIOR -> AGE -> ORIGIN -> GLOBAL,"2026-03-01 through 2026-04-30; no May, simulated, or synthetic rows"
STATE_AGE_PRIOR_GAP,current_state+age_bucket+prior_send_bucket+recent_send_gap_bucket,listing,LT_1D,0,NO_PRIOR_SEND,,8906,active_application_day,2292,0.2573545924096115,4857,4049,0.2363598929380276,0.28253889849345515,0.04617900555542756,PASS,proven PL active application-days within observed lifecycle,"P(SEND | active daily decision opportunity, conditioning keys)",STATE_AGE_PRIOR_GAP -> STATE_AGE_GAP -> STATE_PRIOR_GAP -> STATE_GAP -> AGE_PRIOR_GAP -> AGE_GAP -> ORIGIN_GAP -> GAP -> STATE_AGE_PRIOR -> STATE_AGE -> STATE_PRIOR -> STATE -> AGE_PRIOR -> AGE -> ORIGIN -> GLOBAL,"2026-03-01 through 2026-04-30; no May, simulated, or synthetic rows"
STATE_AGE_PRIOR_GAP,current_state+age_bucket+prior_send_bucket+recent_send_gap_bucket,listing,LT_1D,2_3,LT_1D,,4121,active_application_day,2020,0.4901722882795438,2251,1870,0.46823633940470905,0.5165775401069519,0.04834120070224285,PASS,proven PL active application-days within observed lifecycle,"P(SEND | active daily decision opportunity, conditioning keys)",STATE_AGE_PRIOR_GAP -> STATE_AGE_GAP -> STATE_PRIOR_GAP -> STATE_GAP -> AGE_PRIOR_GAP -> AGE_GAP -> ORIGIN_GAP -> GAP -> STATE_AGE_PRIOR -> STATE_AGE -> STATE_PRIOR -> STATE -> AGE_PRIOR -> AGE -> ORIGIN -> GLOBAL,"2026-03-01 through 2026-04-30; no May, simulated, or synthetic rows"
STATE_AGE_PRIOR_GAP,current_state+age_bucket+prior_send_bucket+recent_send_gap_bucket,listing,LT_1D,4_PLUS,LT_1D,,1039,active_application_day,634,0.6102021174205967,422,617,0.580568720379147,0.6304700162074555,0.04990129582830849,PASS,proven PL active application-days within observed lifecycle,"P(SEND | active daily decision opportunity, conditioning keys)",STATE_AGE_PRIOR_GAP -> STATE_AGE_GAP -> STATE_PRIOR_GAP -> STATE_GAP -> AGE_PRIOR_GAP -> AGE_GAP -> ORIGIN_GAP -> GAP -> STATE_AGE_PRIOR -> STATE_AGE -> STATE_PRIOR -> STATE -> AGE_PRIOR -> AGE -> ORIGIN -> GLOBAL,"2026-03-01 through 2026-04-30; no May, simulated, or synthetic rows"
STATE_GAP,current_state+recent_send_gap_bucket,AIP Approved,,,1D_3D,,2797,active_application_day,796,0.2845906328208795,977,1820,0.2865916069600819,0.2835164835164835,0.003075123443598393,PASS,proven PL active application-days within observed lifecycle,"P(SEND | active daily decision opportunity, conditioning keys)",STATE_AGE_PRIOR_GAP -> STATE_AGE_GAP -> STATE_PRIOR_GAP -> STATE_GAP -> AGE_PRIOR_GAP -> AGE_GAP -> ORIGIN_GAP -> GAP -> STATE_AGE_PRIOR -> STATE_AGE -> STATE_PRIOR -> STATE -> AGE_PRIOR -> AGE -> ORIGIN -> GLOBAL,"2026-03-01 through 2026-04-30; no May, simulated, or synthetic rows"
STATE_GAP,current_state+recent_send_gap_bucket,AIP Approved,,,3D_7D,,2066,active_application_day,464,0.2245885769603098,846,1220,0.19976359338061467,0.24180327868852458,0.04203968530790991,PASS,proven PL active application-days within observed lifecycle,"P(SEND | active daily decision opportunity, conditioning keys)",STATE_AGE_PRIOR_GAP -> STATE_AGE_GAP -> STATE_PRIOR_GAP -> STATE_GAP -> AGE_PRIOR_GAP -> AGE_GAP -> ORIGIN_GAP -> GAP -> STATE_AGE_PRIOR -> STATE_AGE -> STATE_PRIOR -> STATE -> AGE_PRIOR -> AGE -> ORIGIN -> GLOBAL,"2026-03-01 through 2026-04-30; no May, simulated, or synthetic rows"
STATE_GAP,current_state+recent_send_gap_bucket,AIP Approved,,,7D_PLUS,,1900,active_application_day,158,0.0831578947368421,765,1135,0.08496732026143791,0.08193832599118943,0.0030289942702484834,PASS,proven PL active application-days within observed lifecycle,"P(SEND | active daily decision opportunity, conditioning keys)",STATE_AGE_PRIOR_GAP -> STATE_AGE_GAP -> STATE_PRIOR_GAP -> STATE_GAP -> AGE_PRIOR_GAP -> AGE_GAP -> ORIGIN_GAP -> GAP -> STATE_AGE_PRIOR -> STATE_AGE -> STATE_PRIOR -> STATE -> AGE_PRIOR -> AGE -> ORIGIN -> GLOBAL,"2026-03-01 through 2026-04-30; no May, simulated, or synthetic rows"
STATE_GAP,current_state+recent_send_gap_bucket,AIP Approved,,,LT_1D,,2447,active_application_day,773,0.3158970167552105,903,1544,0.3078626799557032,0.32059585492227977,0.012733174966576555,PASS,proven PL active application-days within observed lifecycle,"P(SEND | active daily decision opportunity, conditioning keys)",STATE_AGE_PRIOR_GAP -> STATE_AGE_GAP -> STATE_PRIOR_GAP -> STATE_GAP -> AGE_PRIOR_GAP -> AGE_GAP -> ORIGIN_GAP -> GAP -> STATE_AGE_PRIOR -> STATE_AGE -> STATE_PRIOR -> STATE -> AGE_PRIOR -> AGE -> ORIGIN -> GLOBAL,"2026-03-01 through 2026-04-30; no May, simulated, or synthetic rows"
STATE_GAP,current_state+recent_send_gap_bucket,AIP Approved,,,NO_PRIOR_SEND,,1033,active_application_day,91,0.0880929332042594,337,696,0.09495548961424333,0.08477011494252873,0.010185374671714598,PASS,proven PL active application-days within observed lifecycle,"P(SEND | active daily decision opportunity, conditioning keys)",STATE_AGE_PRIOR_GAP -> STATE_AGE_GAP -> STATE_PRIOR_GAP -> STATE_GAP -> AGE_PRIOR_GAP -> AGE_GAP -> ORIGIN_GAP -> GAP -> STATE_AGE_PRIOR -> STATE_AGE -> STATE_PRIOR -> STATE -> AGE_PRIOR -> AGE -> ORIGIN -> GLOBAL,"2026-03-01 through 2026-04-30; no May, simulated, or synthetic rows"
STATE_GAP,current_state+recent_send_gap_bucket,Application Created,,,NO_PRIOR_SEND,,81726,active_application_day,19323,0.2364363849937596,44228,37498,0.21995116215971783,0.25588031361672625,0.035929151457008424,PASS,proven PL active application-days within observed lifecycle,"P(SEND | active daily decision opportunity, conditioning keys)",STATE_AGE_PRIOR_GAP -> STATE_AGE_GAP -> STATE_PRIOR_GAP -> STATE_GAP -> AGE_PRIOR_GAP -> AGE_GAP -> ORIGIN_GAP -> GAP -> STATE_AGE_PRIOR -> STATE_AGE -> STATE_PRIOR -> STATE -> AGE_PRIOR -> AGE -> ORIGIN -> GLOBAL,"2026-03-01 through 2026-04-30; no May, simulated, or synthetic rows"
STATE_GAP,current_state+recent_send_gap_bucket,Application OTP Verification,,,1D_3D,,909,active_application_day,277,0.3047304730473047,250,659,0.328,0.2959028831562974,0.03209711684370259,PASS,proven PL active application-days within observed lifecycle,"P(SEND | active daily decision opportunity, conditioning keys)",STATE_AGE_PRIOR_GAP -> STATE_AGE_GAP -> STATE_PRIOR_GAP -> STATE_GAP -> AGE_PRIOR_GAP -> AGE_GAP -> ORIGIN_GAP -> GAP -> STATE_AGE_PRIOR -> STATE_AGE -> STATE_PRIOR -> STATE -> AGE_PRIOR -> AGE -> ORIGIN -> GLOBAL,"2026-03-01 through 2026-04-30; no May, simulated, or synthetic rows"
STATE_GAP,current_state+recent_send_gap_bucket,Application OTP Verification,,,3D_7D,,641,active_application_day,134,0.2090483619344773,187,454,0.25133689839572193,0.19162995594713655,0.059706942448585376,PASS,proven PL active application-days within observed lifecycle,"P(SEND | active daily decision opportunity, conditioning keys)",STATE_AGE_PRIOR_GAP -> STATE_AGE_GAP -> STATE_PRIOR_GAP -> STATE_GAP -> AGE_PRIOR_GAP -> AGE_GAP -> ORIGIN_GAP -> GAP -> STATE_AGE_PRIOR -> STATE_AGE -> STATE_PRIOR -> STATE -> AGE_PRIOR -> AGE -> ORIGIN -> GLOBAL,"2026-03-01 through 2026-04-30; no May, simulated, or synthetic rows"
STATE_GAP,current_state+recent_send_gap_bucket,Application OTP Verification,,,7D_PLUS,,516,active_application_day,44,0.0852713178294573,181,335,0.0718232044198895,0.09253731343283582,0.02071410901294632,PASS,proven PL active application-days within observed lifecycle,"P(SEND | active daily decision opportunity, conditioning keys)",STATE_AGE_PRIOR_GAP -> STATE_AGE_GAP -> STATE_PRIOR_GAP -> STATE_GAP -> AGE_PRIOR_GAP -> AGE_GAP -> ORIGIN_GAP -> GAP -> STATE_AGE_PRIOR -> STATE_AGE -> STATE_PRIOR -> STATE -> AGE_PRIOR -> AGE -> ORIGIN -> GLOBAL,"2026-03-01 through 2026-04-30; no May, simulated, or synthetic rows"
STATE_GAP,current_state+recent_send_gap_bucket,Application OTP Verification,,,LT_1D,,835,active_application_day,285,0.3413173652694611,240,595,0.3458333333333333,0.33949579831932775,0.00633753501400558,PASS,proven PL active application-days within observed lifecycle,"P(SEND | active daily decision opportunity, conditioning keys)",STATE_AGE_PRIOR_GAP -> STATE_AGE_GAP -> STATE_PRIOR_GAP -> STATE_GAP -> AGE_PRIOR_GAP -> AGE_GAP -> ORIGIN_GAP -> GAP -> STATE_AGE_PRIOR -> STATE_AGE -> STATE_PRIOR -> STATE -> AGE_PRIOR -> AGE -> ORIGIN -> GLOBAL,"2026-03-01 through 2026-04-30; no May, simulated, or synthetic rows"
STATE_GAP,current_state+recent_send_gap_bucket,Application Resume,,,1D_3D,,1213,active_application_day,312,0.2572135201978565,414,799,0.2536231884057971,0.2590738423028786,0.005450653897081492,PASS,proven PL active application-days within observed lifecycle,"P(SEND | active daily decision opportunity, conditioning keys)",STATE_AGE_PRIOR_GAP -> STATE_AGE_GAP -> STATE_PRIOR_GAP -> STATE_GAP -> AGE_PRIOR_GAP -> AGE_GAP -> ORIGIN_GAP -> GAP -> STATE_AGE_PRIOR -> STATE_AGE -> STATE_PRIOR -> STATE -> AGE_PRIOR -> AGE -> ORIGIN -> GLOBAL,"2026-03-01 through 2026-04-30; no May, simulated, or synthetic rows"
STATE_GAP,current_state+recent_send_gap_bucket,Application Resume,,,3D_7D,,955,active_application_day,213,0.2230366492146596,390,565,0.18717948717948718,0.24778761061946902,0.06060812343998184,PASS,proven PL active application-days within observed lifecycle,"P(SEND | active daily decision opportunity, conditioning keys)",STATE_AGE_PRIOR_GAP -> STATE_AGE_GAP -> STATE_PRIOR_GAP -> STATE_GAP -> AGE_PRIOR_GAP -> AGE_GAP -> ORIGIN_GAP -> GAP -> STATE_AGE_PRIOR -> STATE_AGE -> STATE_PRIOR -> STATE -> AGE_PRIOR -> AGE -> ORIGIN -> GLOBAL,"2026-03-01 through 2026-04-30; no May, simulated, or synthetic rows"
STATE_GAP,current_state+recent_send_gap_bucket,Application Resume,,,7D_PLUS,,911,active_application_day,78,0.0856201975850713,353,558,0.0821529745042493,0.08781362007168458,0.005660645567435285,PASS,proven PL active application-days within observed lifecycle,"P(SEND | active daily decision opportunity, conditioning keys)",STATE_AGE_PRIOR_GAP -> STATE_AGE_GAP -> STATE_PRIOR_GAP -> STATE_GAP -> AGE_PRIOR_GAP -> AGE_GAP -> ORIGIN_GAP -> GAP -> STATE_AGE_PRIOR -> STATE_AGE -> STATE_PRIOR -> STATE -> AGE_PRIOR -> AGE -> ORIGIN -> GLOBAL,"2026-03-01 through 2026-04-30; no May, simulated, or synthetic rows"
STATE_GAP,current_state+recent_send_gap_bucket,Application Resume,,,LT_1D,,1064,active_application_day,353,0.3317669172932331,408,656,0.37254901960784315,0.30640243902439024,0.06614658058345291,PASS,proven PL active application-days within observed lifecycle,"P(SEND | active daily decision opportunity, conditioning keys)",STATE_AGE_PRIOR_GAP -> STATE_AGE_GAP -> STATE_PRIOR_GAP -> STATE_GAP -> AGE_PRIOR_GAP -> AGE_GAP -> ORIGIN_GAP -> GAP -> STATE_AGE_PRIOR -> STATE_AGE -> STATE_PRIOR -> STATE -> AGE_PRIOR -> AGE -> ORIGIN -> GLOBAL,"2026-03-01 through 2026-04-30; no May, simulated, or synthetic rows"
STATE_GAP,current_state+recent_send_gap_bucket,Application created/Login,,,1D_3D,,25065,active_application_day,6029,0.2405346100139637,9854,15211,0.223665516541506,0.25146275721517325,0.02779724067366726,PASS,proven PL active application-days within observed lifecycle,"P(SEND | active daily decision opportunity, conditioning keys)",STATE_AGE_PRIOR_GAP -> STATE_AGE_GAP -> STATE_PRIOR_GAP -> STATE_GAP -> AGE_PRIOR_GAP -> AGE_GAP -> ORIGIN_GAP -> GAP -> STATE_AGE_PRIOR -> STATE_AGE -> STATE_PRIOR -> STATE -> AGE_PRIOR -> AGE -> ORIGIN -> GLOBAL,"2026-03-01 through 2026-04-30; no May, simulated, or synthetic rows"
STATE_GAP,current_state+recent_send_gap_bucket,Application created/Login,,,3D_7D,,20772,active_application_day,4185,0.2014731369150779,9769,11003,0.19572115876752993,0.20658002362991912,0.010858864862389184,PASS,proven PL active application-days within observed lifecycle,"P(SEND | active daily decision opportunity, conditioning keys)",STATE_AGE_PRIOR_GAP -> STATE_AGE_GAP -> STATE_PRIOR_GAP -> STATE_GAP -> AGE_PRIOR_GAP -> AGE_GAP -> ORIGIN_GAP -> GAP -> STATE_AGE_PRIOR -> STATE_AGE -> STATE_PRIOR -> STATE -> AGE_PRIOR -> AGE -> ORIGIN -> GLOBAL,"2026-03-01 through 2026-04-30; no May, simulated, or synthetic rows"
STATE_GAP,current_state+recent_send_gap_bucket,Application created/Login,,,7D_PLUS,,13726,active_application_day,1749,0.1274224100247705,6640,7086,0.14578313253012049,0.11021732994637314,0.03556580258374735,PASS,proven PL active application-days within observed lifecycle,"P(SEND | active daily decision opportunity, conditioning keys)",STATE_AGE_PRIOR_GAP -> STATE_AGE_GAP -> STATE_PRIOR_GAP -> STATE_GAP -> AGE_PRIOR_GAP -> AGE_GAP -> ORIGIN_GAP -> GAP -> STATE_AGE_PRIOR -> STATE_AGE -> STATE_PRIOR -> STATE -> AGE_PRIOR -> AGE -> ORIGIN -> GLOBAL,"2026-03-01 through 2026-04-30; no May, simulated, or synthetic rows"
STATE_GAP,current_state+recent_send_gap_bucket,Application created/Login,,,LT_1D,,19883,active_application_day,5196,0.261328773323945,7979,11904,0.26268956009525,0.2604166666666667,0.0022728934285833335,PASS,proven PL active application-days within observed lifecycle,"P(SEND | active daily decision opportunity, conditioning keys)",STATE_AGE_PRIOR_GAP -> STATE_AGE_GAP -> STATE_PRIOR_GAP -> STATE_GAP -> AGE_PRIOR_GAP -> AGE_GAP -> ORIGIN_GAP -> GAP -> STATE_AGE_PRIOR -> STATE_AGE -> STATE_PRIOR -> STATE -> AGE_PRIOR -> AGE -> ORIGIN -> GLOBAL,"2026-03-01 through 2026-04-30; no May, simulated, or synthetic rows"
STATE_GAP,current_state+recent_send_gap_bucket,Application created/Login,,,NO_PRIOR_SEND,,10699,active_application_day,1650,0.1542200205626694,5058,5641,0.15480427046263345,0.15369615316433258,0.0011081172983008758,PASS,proven PL active application-days within observed lifecycle,"P(SEND | active daily decision opportunity, conditioning keys)",STATE_AGE_PRIOR_GAP -> STATE_AGE_GAP -> STATE_PRIOR_GAP -> STATE_GAP -> AGE_PRIOR_GAP -> AGE_GAP -> ORIGIN_GAP -> GAP -> STATE_AGE_PRIOR -> STATE_AGE -> STATE_PRIOR -> STATE -> AGE_PRIOR -> AGE -> ORIGIN -> GLOBAL,"2026-03-01 through 2026-04-30; no May, simulated, or synthetic rows"
STATE_GAP,current_state+recent_send_gap_bucket,Bank Approved,,,1D_3D,,960,active_application_day,288,0.3,249,711,0.285140562248996,0.30520393811533053,0.020063375866334554,PASS,proven PL active application-days within observed lifecycle,"P(SEND | active daily decision opportunity, conditioning keys)",STATE_AGE_PRIOR_GAP -> STATE_AGE_GAP -> STATE_PRIOR_GAP -> STATE_GAP -> AGE_PRIOR_GAP -> AGE_GAP -> ORIGIN_GAP -> GAP -> STATE_AGE_PRIOR -> STATE_AGE -> STATE_PRIOR -> STATE -> AGE_PRIOR -> AGE -> ORIGIN -> GLOBAL,"2026-03-01 through 2026-04-30; no May, simulated, or synthetic rows"
STATE_GAP,current_state+recent_send_gap_bucket,Bank Approved,,,3D_7D,,680,active_application_day,167,0.2455882352941176,183,497,0.2896174863387978,0.22937625754527163,0.06024122879352617,PASS,proven PL active application-days within observed lifecycle,"P(SEND | active daily decision opportunity, conditioning keys)",STATE_AGE_PRIOR_GAP -> STATE_AGE_GAP -> STATE_PRIOR_GAP -> STATE_GAP -> AGE_PRIOR_GAP -> AGE_GAP -> ORIGIN_GAP -> GAP -> STATE_AGE_PRIOR -> STATE_AGE -> STATE_PRIOR -> STATE -> AGE_PRIOR -> AGE -> ORIGIN -> GLOBAL,"2026-03-01 through 2026-04-30; no May, simulated, or synthetic rows"
STATE_GAP,current_state+recent_send_gap_bucket,Bank Approved,,,LT_1D,,930,active_application_day,339,0.364516129032258,279,651,0.40860215053763443,0.3456221198156682,0.06298003072196623,PASS,proven PL active application-days within observed lifecycle,"P(SEND | active daily decision opportunity, conditioning keys)",STATE_AGE_PRIOR_GAP -> STATE_AGE_GAP -> STATE_PRIOR_GAP -> STATE_GAP -> AGE_PRIOR_GAP -> AGE_GAP -> ORIGIN_GAP -> GAP -> STATE_AGE_PRIOR -> STATE_AGE -> STATE_PRIOR -> STATE -> AGE_PRIOR -> AGE -> ORIGIN -> GLOBAL,"2026-03-01 through 2026-04-30; no May, simulated, or synthetic rows"
STATE_GAP,current_state+recent_send_gap_bucket,Disb,,,1D_3D,,5220,active_application_day,1448,0.2773946360153256,1931,3289,0.32055929570170894,0.2520522955305564,0.06850700017115252,PASS,proven PL active application-days within observed lifecycle,"P(SEND | active daily decision opportunity, conditioning keys)",STATE_AGE_PRIOR_GAP -> STATE_AGE_GAP -> STATE_PRIOR_GAP -> STATE_GAP -> AGE_PRIOR_GAP -> AGE_GAP -> ORIGIN_GAP -> GAP -> STATE_AGE_PRIOR -> STATE_AGE -> STATE_PRIOR -> STATE -> AGE_PRIOR -> AGE -> ORIGIN -> GLOBAL,"2026-03-01 through 2026-04-30; no May, simulated, or synthetic rows"
STATE_GAP,current_state+recent_send_gap_bucket,Disb,,,3D_7D,,3913,active_application_day,917,0.2343470483005366,1316,2597,0.23252279635258358,0.235271467077397,0.0027486707248134123,PASS,proven PL active application-days within observed lifecycle,"P(SEND | active daily decision opportunity, conditioning keys)",STATE_AGE_PRIOR_GAP -> STATE_AGE_GAP -> STATE_PRIOR_GAP -> STATE_GAP -> AGE_PRIOR_GAP -> AGE_GAP -> ORIGIN_GAP -> GAP -> STATE_AGE_PRIOR -> STATE_AGE -> STATE_PRIOR -> STATE -> AGE_PRIOR -> AGE -> ORIGIN -> GLOBAL,"2026-03-01 through 2026-04-30; no May, simulated, or synthetic rows"
STATE_GAP,current_state+recent_send_gap_bucket,Disb,,,7D_PLUS,,2226,active_application_day,255,0.11455525606469,700,1526,0.11714285714285715,0.11336828309305373,0.003774574049803414,PASS,proven PL active application-days within observed lifecycle,"P(SEND | active daily decision opportunity, conditioning keys)",STATE_AGE_PRIOR_GAP -> STATE_AGE_GAP -> STATE_PRIOR_GAP -> STATE_GAP -> AGE_PRIOR_GAP -> AGE_GAP -> ORIGIN_GAP -> GAP -> STATE_AGE_PRIOR -> STATE_AGE -> STATE_PRIOR -> STATE -> AGE_PRIOR -> AGE -> ORIGIN -> GLOBAL,"2026-03-01 through 2026-04-30; no May, simulated, or synthetic rows"
STATE_GAP,current_state+recent_send_gap_bucket,Disb,,,LT_1D,,4347,active_application_day,1176,0.2705314009661835,1823,2524,0.2885353812397148,0.25752773375594296,0.031007647483771827,PASS,proven PL active application-days within observed lifecycle,"P(SEND | active daily decision opportunity, conditioning keys)",STATE_AGE_PRIOR_GAP -> STATE_AGE_GAP -> STATE_PRIOR_GAP -> STATE_GAP -> AGE_PRIOR_GAP -> AGE_GAP -> ORIGIN_GAP -> GAP -> STATE_AGE_PRIOR -> STATE_AGE -> STATE_PRIOR -> STATE -> AGE_PRIOR -> AGE -> ORIGIN -> GLOBAL,"2026-03-01 through 2026-04-30; no May, simulated, or synthetic rows"
STATE_GAP,current_state+recent_send_gap_bucket,Disb,,,NO_PRIOR_SEND,,1518,active_application_day,329,0.2167325428194993,893,625,0.23628219484882418,0.1888,0.04748219484882418,PASS,proven PL active application-days within observed lifecycle,"P(SEND | active daily decision opportunity, conditioning keys)",STATE_AGE_PRIOR_GAP -> STATE_AGE_GAP -> STATE_PRIOR_GAP -> STATE_GAP -> AGE_PRIOR_GAP -> AGE_GAP -> ORIGIN_GAP -> GAP -> STATE_AGE_PRIOR -> STATE_AGE -> STATE_PRIOR -> STATE -> AGE_PRIOR -> AGE -> ORIGIN -> GLOBAL,"2026-03-01 through 2026-04-30; no May, simulated, or synthetic rows"
STATE_GAP,current_state+recent_send_gap_bucket,Form filled,,,1D_3D,,664,active_application_day,163,0.2454819277108433,378,286,0.24603174603174602,0.24475524475524477,0.0012765012765012518,PASS,proven PL active application-days within observed lifecycle,"P(SEND | active daily decision opportunity, conditioning keys)",STATE_AGE_PRIOR_GAP -> STATE_AGE_GAP -> STATE_PRIOR_GAP -> STATE_GAP -> AGE_PRIOR_GAP -> AGE_GAP -> ORIGIN_GAP -> GAP -> STATE_AGE_PRIOR -> STATE_AGE -> STATE_PRIOR -> STATE -> AGE_PRIOR -> AGE -> ORIGIN -> GLOBAL,"2026-03-01 through 2026-04-30; no May, simulated, or synthetic rows"
STATE_GAP,current_state+recent_send_gap_bucket,Form filled,,,3D_7D,,583,active_application_day,101,0.1732418524871355,352,231,0.17613636363636365,0.16883116883116883,0.007305194805194815,PASS,proven PL active application-days within observed lifecycle,"P(SEND | active daily decision opportunity, conditioning keys)",STATE_AGE_PRIOR_GAP -> STATE_AGE_GAP -> STATE_PRIOR_GAP -> STATE_GAP -> AGE_PRIOR_GAP -> AGE_GAP -> ORIGIN_GAP -> GAP -> STATE_AGE_PRIOR -> STATE_AGE -> STATE_PRIOR -> STATE -> AGE_PRIOR -> AGE -> ORIGIN -> GLOBAL,"2026-03-01 through 2026-04-30; no May, simulated, or synthetic rows"
STATE_GAP,current_state+recent_send_gap_bucket,Form filled,,,LT_1D,,521,active_application_day,128,0.2456813819577735,311,210,0.2572347266881029,0.22857142857142856,0.028663298116674313,PASS,proven PL active application-days within observed lifecycle,"P(SEND | active daily decision opportunity, conditioning keys)",STATE_AGE_PRIOR_GAP -> STATE_AGE_GAP -> STATE_PRIOR_GAP -> STATE_GAP -> AGE_PRIOR_GAP -> AGE_GAP -> ORIGIN_GAP -> GAP -> STATE_AGE_PRIOR -> STATE_AGE -> STATE_PRIOR -> STATE -> AGE_PRIOR -> AGE -> ORIGIN -> GLOBAL,"2026-03-01 through 2026-04-30; no May, simulated, or synthetic rows"
STATE_GAP,current_state+recent_send_gap_bucket,Form filled-Rejected,,,1D_3D,,3716,active_application_day,1028,0.2766415500538213,1834,1882,0.25081788440567065,0.3018065887353879,0.05098870432971725,PASS,proven PL active application-days within observed lifecycle,"P(SEND | active daily decision opportunity, conditioning keys)",STATE_AGE_PRIOR_GAP -> STATE_AGE_GAP -> STATE_PRIOR_GAP -> STATE_GAP -> AGE_PRIOR_GAP -> AGE_GAP -> ORIGIN_GAP -> GAP -> STATE_AGE_PRIOR -> STATE_AGE -> STATE_PRIOR -> STATE -> AGE_PRIOR -> AGE -> ORIGIN -> GLOBAL,"2026-03-01 through 2026-04-30; no May, simulated, or synthetic rows"
STATE_GAP,current_state+recent_send_gap_bucket,Form filled-Rejected,,,3D_7D,,2671,active_application_day,683,0.2557094721078248,1558,1113,0.248395378690629,0.265947888589398,0.017552509898768998,PASS,proven PL active application-days within observed lifecycle,"P(SEND | active daily decision opportunity, conditioning keys)",STATE_AGE_PRIOR_GAP -> STATE_AGE_GAP -> STATE_PRIOR_GAP -> STATE_GAP -> AGE_PRIOR_GAP -> AGE_GAP -> ORIGIN_GAP -> GAP -> STATE_AGE_PRIOR -> STATE_AGE -> STATE_PRIOR -> STATE -> AGE_PRIOR -> AGE -> ORIGIN -> GLOBAL,"2026-03-01 through 2026-04-30; no May, simulated, or synthetic rows"
STATE_GAP,current_state+recent_send_gap_bucket,Form filled-Rejected,,,7D_PLUS,,1749,active_application_day,197,0.1126357918810749,963,786,0.1308411214953271,0.09033078880407125,0.04051033269125584,PASS,proven PL active application-days within observed lifecycle,"P(SEND | active daily decision opportunity, conditioning keys)",STATE_AGE_PRIOR_GAP -> STATE_AGE_GAP -> STATE_PRIOR_GAP -> STATE_GAP -> AGE_PRIOR_GAP -> AGE_GAP -> ORIGIN_GAP -> GAP -> STATE_AGE_PRIOR -> STATE_AGE -> STATE_PRIOR -> STATE -> AGE_PRIOR -> AGE -> ORIGIN -> GLOBAL,"2026-03-01 through 2026-04-30; no May, simulated, or synthetic rows"
STATE_GAP,current_state+recent_send_gap_bucket,Form filled-Rejected,,,LT_1D,,3250,active_application_day,983,0.3024615384615384,1597,1653,0.3005635566687539,0.3042952208106473,0.0037316641418934093,PASS,proven PL active application-days within observed lifecycle,"P(SEND | active daily decision opportunity, conditioning keys)",STATE_AGE_PRIOR_GAP -> STATE_AGE_GAP -> STATE_PRIOR_GAP -> STATE_GAP -> AGE_PRIOR_GAP -> AGE_GAP -> ORIGIN_GAP -> GAP -> STATE_AGE_PRIOR -> STATE_AGE -> STATE_PRIOR -> STATE -> AGE_PRIOR -> AGE -> ORIGIN -> GLOBAL,"2026-03-01 through 2026-04-30; no May, simulated, or synthetic rows"
STATE_GAP,current_state+recent_send_gap_bucket,Form filled-Rejected,,,NO_PRIOR_SEND,,1355,active_application_day,213,0.1571955719557195,750,605,0.16133333333333333,0.15206611570247933,0.009267217630854002,PASS,proven PL active application-days within observed lifecycle,"P(SEND | active daily decision opportunity, conditioning keys)",STATE_AGE_PRIOR_GAP -> STATE_AGE_GAP -> STATE_PRIOR_GAP -> STATE_GAP -> AGE_PRIOR_GAP -> AGE_GAP -> ORIGIN_GAP -> GAP -> STATE_AGE_PRIOR -> STATE_AGE -> STATE_PRIOR -> STATE -> AGE_PRIOR -> AGE -> ORIGIN -> GLOBAL,"2026-03-01 through 2026-04-30; no May, simulated, or synthetic rows"
STATE_GAP,current_state+recent_send_gap_bucket,Journey Close,,,1D_3D,,1567,active_application_day,442,0.2820676451818762,616,951,0.27435064935064934,0.2870662460567823,0.012715596706132981,PASS,proven PL active application-days within observed lifecycle,"P(SEND | active daily decision opportunity, conditioning keys)",STATE_AGE_PRIOR_GAP -> STATE_AGE_GAP -> STATE_PRIOR_GAP -> STATE_GAP -> AGE_PRIOR_GAP -> AGE_GAP -> ORIGIN_GAP -> GAP -> STATE_AGE_PRIOR -> STATE_AGE -> STATE_PRIOR -> STATE -> AGE_PRIOR -> AGE -> ORIGIN -> GLOBAL,"2026-03-01 through 2026-04-30; no May, simulated, or synthetic rows"
STATE_GAP,current_state+recent_send_gap_bucket,Journey Close,,,3D_7D,,1097,active_application_day,281,0.2561531449407475,473,624,0.25158562367864695,0.25961538461538464,0.008029760936737684,PASS,proven PL active application-days within observed lifecycle,"P(SEND | active daily decision opportunity, conditioning keys)",STATE_AGE_PRIOR_GAP -> STATE_AGE_GAP -> STATE_PRIOR_GAP -> STATE_GAP -> AGE_PRIOR_GAP -> AGE_GAP -> ORIGIN_GAP -> GAP -> STATE_AGE_PRIOR -> STATE_AGE -> STATE_PRIOR -> STATE -> AGE_PRIOR -> AGE -> ORIGIN -> GLOBAL,"2026-03-01 through 2026-04-30; no May, simulated, or synthetic rows"
STATE_GAP,current_state+recent_send_gap_bucket,Journey Close,,,7D_PLUS,,1128,active_application_day,79,0.0700354609929078,477,651,0.07127882599580712,0.06912442396313365,0.0021544020326734747,PASS,proven PL active application-days within observed lifecycle,"P(SEND | active daily decision opportunity, conditioning keys)",STATE_AGE_PRIOR_GAP -> STATE_AGE_GAP -> STATE_PRIOR_GAP -> STATE_GAP -> AGE_PRIOR_GAP -> AGE_GAP -> ORIGIN_GAP -> GAP -> STATE_AGE_PRIOR -> STATE_AGE -> STATE_PRIOR -> STATE -> AGE_PRIOR -> AGE -> ORIGIN -> GLOBAL,"2026-03-01 through 2026-04-30; no May, simulated, or synthetic rows"
STATE_GAP,current_state+recent_send_gap_bucket,Journey Close,,,LT_1D,,1383,active_application_day,470,0.3398409255242227,568,815,0.35563380281690143,0.32883435582822085,0.026799446988680586,PASS,proven PL active application-days within observed lifecycle,"P(SEND | active daily decision opportunity, conditioning keys)",STATE_AGE_PRIOR_GAP -> STATE_AGE_GAP -> STATE_PRIOR_GAP -> STATE_GAP -> AGE_PRIOR_GAP -> AGE_GAP -> ORIGIN_GAP -> GAP -> STATE_AGE_PRIOR -> STATE_AGE -> STATE_PRIOR -> STATE -> AGE_PRIOR -> AGE -> ORIGIN -> GLOBAL,"2026-03-01 through 2026-04-30; no May, simulated, or synthetic rows"
STATE_GAP,current_state+recent_send_gap_bucket,Journey Close,,,NO_PRIOR_SEND,,783,active_application_day,50,0.0638569604086845,340,443,0.061764705882352944,0.0654627539503386,0.0036980480679856542,PASS,proven PL active application-days within observed lifecycle,"P(SEND | active daily decision opportunity, conditioning keys)",STATE_AGE_PRIOR_GAP -> STATE_AGE_GAP -> STATE_PRIOR_GAP -> STATE_GAP -> AGE_PRIOR_GAP -> AGE_GAP -> ORIGIN_GAP -> GAP -> STATE_AGE_PRIOR -> STATE_AGE -> STATE_PRIOR -> STATE -> AGE_PRIOR -> AGE -> ORIGIN -> GLOBAL,"2026-03-01 through 2026-04-30; no May, simulated, or synthetic rows"
STATE_GAP,current_state+recent_send_gap_bucket,Professional details,,,1D_3D,,29383,active_application_day,6001,0.2042337405983051,13218,16165,0.22091087910425178,0.19059696875966595,0.03031391034458583,PASS,proven PL active application-days within observed lifecycle,"P(SEND | active daily decision opportunity, conditioning keys)",STATE_AGE_PRIOR_GAP -> STATE_AGE_GAP -> STATE_PRIOR_GAP -> STATE_GAP -> AGE_PRIOR_GAP -> AGE_GAP -> ORIGIN_GAP -> GAP -> STATE_AGE_PRIOR -> STATE_AGE -> STATE_PRIOR -> STATE -> AGE_PRIOR -> AGE -> ORIGIN -> GLOBAL,"2026-03-01 through 2026-04-30; no May, simulated, or synthetic rows"
STATE_GAP,current_state+recent_send_gap_bucket,Professional details,,,3D_7D,,29160,active_application_day,4760,0.1632373113854595,13594,15566,0.17610710607621008,0.15199794423744056,0.024109161838769516,PASS,proven PL active application-days within observed lifecycle,"P(SEND | active daily decision opportunity, conditioning keys)",STATE_AGE_PRIOR_GAP -> STATE_AGE_GAP -> STATE_PRIOR_GAP -> STATE_GAP -> AGE_PRIOR_GAP -> AGE_GAP -> ORIGIN_GAP -> GAP -> STATE_AGE_PRIOR -> STATE_AGE -> STATE_PRIOR -> STATE -> AGE_PRIOR -> AGE -> ORIGIN -> GLOBAL,"2026-03-01 through 2026-04-30; no May, simulated, or synthetic rows"
STATE_GAP,current_state+recent_send_gap_bucket,Professional details,,,7D_PLUS,,24495,active_application_day,2598,0.106062461726883,11983,12512,0.11583076024367854,0.0967071611253197,0.01912359911835884,PASS,proven PL active application-days within observed lifecycle,"P(SEND | active daily decision opportunity, conditioning keys)",STATE_AGE_PRIOR_GAP -> STATE_AGE_GAP -> STATE_PRIOR_GAP -> STATE_GAP -> AGE_PRIOR_GAP -> AGE_GAP -> ORIGIN_GAP -> GAP -> STATE_AGE_PRIOR -> STATE_AGE -> STATE_PRIOR -> STATE -> AGE_PRIOR -> AGE -> ORIGIN -> GLOBAL,"2026-03-01 through 2026-04-30; no May, simulated, or synthetic rows"
STATE_GAP,current_state+recent_send_gap_bucket,Professional details,,,LT_1D,,22020,active_application_day,4861,0.2207538601271571,10184,11836,0.2356637863315004,0.2079249746535992,0.02773881167790121,PASS,proven PL active application-days within observed lifecycle,"P(SEND | active daily decision opportunity, conditioning keys)",STATE_AGE_PRIOR_GAP -> STATE_AGE_GAP -> STATE_PRIOR_GAP -> STATE_GAP -> AGE_PRIOR_GAP -> AGE_GAP -> ORIGIN_GAP -> GAP -> STATE_AGE_PRIOR -> STATE_AGE -> STATE_PRIOR -> STATE -> AGE_PRIOR -> AGE -> ORIGIN -> GLOBAL,"2026-03-01 through 2026-04-30; no May, simulated, or synthetic rows"
STATE_GAP,current_state+recent_send_gap_bucket,Professional details,,,NO_PRIOR_SEND,,16362,active_application_day,2265,0.1384305097176384,8354,8008,0.13717979411060569,0.13973526473526474,0.002555470624659051,PASS,proven PL active application-days within observed lifecycle,"P(SEND | active daily decision opportunity, conditioning keys)",STATE_AGE_PRIOR_GAP -> STATE_AGE_GAP -> STATE_PRIOR_GAP -> STATE_GAP -> AGE_PRIOR_GAP -> AGE_GAP -> ORIGIN_GAP -> GAP -> STATE_AGE_PRIOR -> STATE_AGE -> STATE_PRIOR -> STATE -> AGE_PRIOR -> AGE -> ORIGIN -> GLOBAL,"2026-03-01 through 2026-04-30; no May, simulated, or synthetic rows"
STATE_GAP,current_state+recent_send_gap_bucket,Quick Action,,,7D_PLUS,,559,active_application_day,2,0.0035778175313059,281,278,0.0035587188612099642,0.0035971223021582736,3.840344094830934e-05,PASS,proven PL active application-days within observed lifecycle,"P(SEND | active daily decision opportunity, conditioning keys)",STATE_AGE_PRIOR_GAP -> STATE_AGE_GAP -> STATE_PRIOR_GAP -> STATE_GAP -> AGE_PRIOR_GAP -> AGE_GAP -> ORIGIN_GAP -> GAP -> STATE_AGE_PRIOR -> STATE_AGE -> STATE_PRIOR -> STATE -> AGE_PRIOR -> AGE -> ORIGIN -> GLOBAL,"2026-03-01 through 2026-04-30; no May, simulated, or synthetic rows"
STATE_GAP,current_state+recent_send_gap_bucket,listing,,,1D_3D,,142301,active_application_day,33386,0.2346153575870865,65738,76563,0.21130852779214457,0.2546269085589645,0.04331838076681996,PASS,proven PL active application-days within observed lifecycle,"P(SEND | active daily decision opportunity, conditioning keys)",STATE_AGE_PRIOR_GAP -> STATE_AGE_GAP -> STATE_PRIOR_GAP -> STATE_GAP -> AGE_PRIOR_GAP -> AGE_GAP -> ORIGIN_GAP -> GAP -> STATE_AGE_PRIOR -> STATE_AGE -> STATE_PRIOR -> STATE -> AGE_PRIOR -> AGE -> ORIGIN -> GLOBAL,"2026-03-01 through 2026-04-30; no May, simulated, or synthetic rows"
STATE_GAP,current_state+recent_send_gap_bucket,listing,,,3D_7D,,116459,active_application_day,25408,0.2181712018822074,64347,52112,0.1949741246678167,0.24681455326988025,0.05184042860206356,PASS,proven PL active application-days within observed lifecycle,"P(SEND | active daily decision opportunity, conditioning keys)",STATE_AGE_PRIOR_GAP -> STATE_AGE_GAP -> STATE_PRIOR_GAP -> STATE_GAP -> AGE_PRIOR_GAP -> AGE_GAP -> ORIGIN_GAP -> GAP -> STATE_AGE_PRIOR -> STATE_AGE -> STATE_PRIOR -> STATE -> AGE_PRIOR -> AGE -> ORIGIN -> GLOBAL,"2026-03-01 through 2026-04-30; no May, simulated, or synthetic rows"
STATE_GAP,current_state+recent_send_gap_bucket,listing,,,7D_PLUS,,92625,active_application_day,10565,0.1140620782726045,49573,43052,0.12270792568535291,0.10410666171141875,0.018601263973934162,PASS,proven PL active application-days within observed lifecycle,"P(SEND | active daily decision opportunity, conditioning keys)",STATE_AGE_PRIOR_GAP -> STATE_AGE_GAP -> STATE_PRIOR_GAP -> STATE_GAP -> AGE_PRIOR_GAP -> AGE_GAP -> ORIGIN_GAP -> GAP -> STATE_AGE_PRIOR -> STATE_AGE -> STATE_PRIOR -> STATE -> AGE_PRIOR -> AGE -> ORIGIN -> GLOBAL,"2026-03-01 through 2026-04-30; no May, simulated, or synthetic rows"
STATE_GAP,current_state+recent_send_gap_bucket,listing,,,LT_1D,,114629,active_application_day,30667,0.2675326488061485,53241,61388,0.25408989312747693,0.279191372906757,0.025101479779280067,PASS,proven PL active application-days within observed lifecycle,"P(SEND | active daily decision opportunity, conditioning keys)",STATE_AGE_PRIOR_GAP -> STATE_AGE_GAP -> STATE_PRIOR_GAP -> STATE_GAP -> AGE_PRIOR_GAP -> AGE_GAP -> ORIGIN_GAP -> GAP -> STATE_AGE_PRIOR -> STATE_AGE -> STATE_PRIOR -> STATE -> AGE_PRIOR -> AGE -> ORIGIN -> GLOBAL,"2026-03-01 through 2026-04-30; no May, simulated, or synthetic rows"
STATE_GAP,current_state+recent_send_gap_bucket,listing,,,NO_PRIOR_SEND,,59746,active_application_day,8125,0.1359923676898871,34813,24933,0.1217648579553615,0.15585769863233465,0.03409284067697314,PASS,proven PL active application-days within observed lifecycle,"P(SEND | active daily decision opportunity, conditioning keys)",STATE_AGE_PRIOR_GAP -> STATE_AGE_GAP -> STATE_PRIOR_GAP -> STATE_GAP -> AGE_PRIOR_GAP -> AGE_GAP -> ORIGIN_GAP -> GAP -> STATE_AGE_PRIOR -> STATE_AGE -> STATE_PRIOR -> STATE -> AGE_PRIOR -> AGE -> ORIGIN -> GLOBAL,"2026-03-01 through 2026-04-30; no May, simulated, or synthetic rows"
STATE_PRIOR,current_state+prior_send_bucket,AIP Approved,,0,,,1033,active_application_day,91,0.0880929332042594,337,696,0.09495548961424333,0.08477011494252873,0.010185374671714598,PASS,proven PL active application-days within observed lifecycle,"P(SEND | active daily decision opportunity, conditioning keys)",STATE_AGE_PRIOR_GAP -> STATE_AGE_GAP -> STATE_PRIOR_GAP -> STATE_GAP -> AGE_PRIOR_GAP -> AGE_GAP -> ORIGIN_GAP -> GAP -> STATE_AGE_PRIOR -> STATE_AGE -> STATE_PRIOR -> STATE -> AGE_PRIOR -> AGE -> ORIGIN -> GLOBAL,"2026-03-01 through 2026-04-30; no May, simulated, or synthetic rows"
STATE_PRIOR,current_state+prior_send_bucket,AIP Approved,,1,,,1036,active_application_day,141,0.1361003861003861,417,619,0.12470023980815348,0.14378029079159935,0.019080050983445868,PASS,proven PL active application-days within observed lifecycle,"P(SEND | active daily decision opportunity, conditioning keys)",STATE_AGE_PRIOR_GAP -> STATE_AGE_GAP -> STATE_PRIOR_GAP -> STATE_GAP -> AGE_PRIOR_GAP -> AGE_GAP -> ORIGIN_GAP -> GAP -> STATE_AGE_PRIOR -> STATE_AGE -> STATE_PRIOR -> STATE -> AGE_PRIOR -> AGE -> ORIGIN -> GLOBAL,"2026-03-01 through 2026-04-30; no May, simulated, or synthetic rows"
STATE_PRIOR,current_state+prior_send_bucket,AIP Approved,,2_3,,,1802,active_application_day,336,0.1864594894561598,751,1051,0.16910785619174434,0.1988582302568982,0.02975037406515385,PASS,proven PL active application-days within observed lifecycle,"P(SEND | active daily decision opportunity, conditioning keys)",STATE_AGE_PRIOR_GAP -> STATE_AGE_GAP -> STATE_PRIOR_GAP -> STATE_GAP -> AGE_PRIOR_GAP -> AGE_GAP -> ORIGIN_GAP -> GAP -> STATE_AGE_PRIOR -> STATE_AGE -> STATE_PRIOR -> STATE -> AGE_PRIOR -> AGE -> ORIGIN -> GLOBAL,"2026-03-01 through 2026-04-30; no May, simulated, or synthetic rows"
STATE_PRIOR,current_state+prior_send_bucket,AIP Approved,,4_PLUS,,,6372,active_application_day,1714,0.2689893283113622,2323,4049,0.2638829100301334,0.2719189923437886,0.008036082313655157,PASS,proven PL active application-days within observed lifecycle,"P(SEND | active daily decision opportunity, conditioning keys)",STATE_AGE_PRIOR_GAP -> STATE_AGE_GAP -> STATE_PRIOR_GAP -> STATE_GAP -> AGE_PRIOR_GAP -> AGE_GAP -> ORIGIN_GAP -> GAP -> STATE_AGE_PRIOR -> STATE_AGE -> STATE_PRIOR -> STATE -> AGE_PRIOR -> AGE -> ORIGIN -> GLOBAL,"2026-03-01 through 2026-04-30; no May, simulated, or synthetic rows"
STATE_PRIOR,current_state+prior_send_bucket,Application Created,,0,,,81726,active_application_day,19323,0.2364363849937596,44228,37498,0.21995116215971783,0.25588031361672625,0.035929151457008424,PASS,proven PL active application-days within observed lifecycle,"P(SEND | active daily decision opportunity, conditioning keys)",STATE_AGE_PRIOR_GAP -> STATE_AGE_GAP -> STATE_PRIOR_GAP -> STATE_GAP -> AGE_PRIOR_GAP -> AGE_GAP -> ORIGIN_GAP -> GAP -> STATE_AGE_PRIOR -> STATE_AGE -> STATE_PRIOR -> STATE -> AGE_PRIOR -> AGE -> ORIGIN -> GLOBAL,"2026-03-01 through 2026-04-30; no May, simulated, or synthetic rows"
STATE_PRIOR,current_state+prior_send_bucket,Application Created,,4_PLUS,,,533,active_application_day,123,0.2307692307692307,154,379,0.23376623376623376,0.22955145118733508,0.004214782578898679,PASS,proven PL active application-days within observed lifecycle,"P(SEND | active daily decision opportunity, conditioning keys)",STATE_AGE_PRIOR_GAP -> STATE_AGE_GAP -> STATE_PRIOR_GAP -> STATE_GAP -> AGE_PRIOR_GAP -> AGE_GAP -> ORIGIN_GAP -> GAP -> STATE_AGE_PRIOR -> STATE_AGE -> STATE_PRIOR -> STATE -> AGE_PRIOR -> AGE -> ORIGIN -> GLOBAL,"2026-03-01 through 2026-04-30; no May, simulated, or synthetic rows"
STATE_PRIOR,current_state+prior_send_bucket,Application OTP Verification,,2_3,,,542,active_application_day,122,0.2250922509225092,159,383,0.2893081761006289,0.19843342036553524,0.09087475573509368,PASS,proven PL active application-days within observed lifecycle,"P(SEND | active daily decision opportunity, conditioning keys)",STATE_AGE_PRIOR_GAP -> STATE_AGE_GAP -> STATE_PRIOR_GAP -> STATE_GAP -> AGE_PRIOR_GAP -> AGE_GAP -> ORIGIN_GAP -> GAP -> STATE_AGE_PRIOR -> STATE_AGE -> STATE_PRIOR -> STATE -> AGE_PRIOR -> AGE -> ORIGIN -> GLOBAL,"2026-03-01 through 2026-04-30; no May, simulated, or synthetic rows"
STATE_PRIOR,current_state+prior_send_bucket,Application OTP Verification,,4_PLUS,,,1962,active_application_day,560,0.2854230377166157,491,1471,0.31771894093686354,0.274643099932019,0.04307584100484452,PASS,proven PL active application-days within observed lifecycle,"P(SEND | active daily decision opportunity, conditioning keys)",STATE_AGE_PRIOR_GAP -> STATE_AGE_GAP -> STATE_PRIOR_GAP -> STATE_GAP -> AGE_PRIOR_GAP -> AGE_GAP -> ORIGIN_GAP -> GAP -> STATE_AGE_PRIOR -> STATE_AGE -> STATE_PRIOR -> STATE -> AGE_PRIOR -> AGE -> ORIGIN -> GLOBAL,"2026-03-01 through 2026-04-30; no May, simulated, or synthetic rows"
STATE_PRIOR,current_state+prior_send_bucket,Application Resume,,2_3,,,901,active_application_day,137,0.1520532741398446,400,501,0.1575,0.14770459081836326,0.009795409181636738,PASS,proven PL active application-days within observed lifecycle,"P(SEND | active daily decision opportunity, conditioning keys)",STATE_AGE_PRIOR_GAP -> STATE_AGE_GAP -> STATE_PRIOR_GAP -> STATE_GAP -> AGE_PRIOR_GAP -> AGE_GAP -> ORIGIN_GAP -> GAP -> STATE_AGE_PRIOR -> STATE_AGE -> STATE_PRIOR -> STATE -> AGE_PRIOR -> AGE -> ORIGIN -> GLOBAL,"2026-03-01 through 2026-04-30; no May, simulated, or synthetic rows"
STATE_PRIOR,current_state+prior_send_bucket,Application Resume,,4_PLUS,,,2886,active_application_day,767,0.2657657657657657,998,1888,0.2665330661322645,0.2653601694915254,0.0011728966407391073,PASS,proven PL active application-days within observed lifecycle,"P(SEND | active daily decision opportunity, conditioning keys)",STATE_AGE_PRIOR_GAP -> STATE_AGE_GAP -> STATE_PRIOR_GAP -> STATE_GAP -> AGE_PRIOR_GAP -> AGE_GAP -> ORIGIN_GAP -> GAP -> STATE_AGE_PRIOR -> STATE_AGE -> STATE_PRIOR -> STATE -> AGE_PRIOR -> AGE -> ORIGIN -> GLOBAL,"2026-03-01 through 2026-04-30; no May, simulated, or synthetic rows"
STATE_PRIOR,current_state+prior_send_bucket,Application created/Login,,0,,,10699,active_application_day,1650,0.1542200205626694,5058,5641,0.15480427046263345,0.15369615316433258,0.0011081172983008758,PASS,proven PL active application-days within observed lifecycle,"P(SEND | active daily decision opportunity, conditioning keys)",STATE_AGE_PRIOR_GAP -> STATE_AGE_GAP -> STATE_PRIOR_GAP -> STATE_GAP -> AGE_PRIOR_GAP -> AGE_GAP -> ORIGIN_GAP -> GAP -> STATE_AGE_PRIOR -> STATE_AGE -> STATE_PRIOR -> STATE -> AGE_PRIOR -> AGE -> ORIGIN -> GLOBAL,"2026-03-01 through 2026-04-30; no May, simulated, or synthetic rows"
STATE_PRIOR,current_state+prior_send_bucket,Application created/Login,,1,,,12455,active_application_day,2050,0.1645925331192292,6268,6187,0.15985960433950222,0.16938742524648456,0.009527820906982343,PASS,proven PL active application-days within observed lifecycle,"P(SEND | active daily decision opportunity, conditioning keys)",STATE_AGE_PRIOR_GAP -> STATE_AGE_GAP -> STATE_PRIOR_GAP -> STATE_GAP -> AGE_PRIOR_GAP -> AGE_GAP -> ORIGIN_GAP -> GAP -> STATE_AGE_PRIOR -> STATE_AGE -> STATE_PRIOR -> STATE -> AGE_PRIOR -> AGE -> ORIGIN -> GLOBAL,"2026-03-01 through 2026-04-30; no May, simulated, or synthetic rows"
STATE_PRIOR,current_state+prior_send_bucket,Application created/Login,,2_3,,,22726,active_application_day,4049,0.1781659772947285,10826,11900,0.18474043968224643,0.17218487394957982,0.012555565732666613,PASS,proven PL active application-days within observed lifecycle,"P(SEND | active daily decision opportunity, conditioning keys)",STATE_AGE_PRIOR_GAP -> STATE_AGE_GAP -> STATE_PRIOR_GAP -> STATE_GAP -> AGE_PRIOR_GAP -> AGE_GAP -> ORIGIN_GAP -> GAP -> STATE_AGE_PRIOR -> STATE_AGE -> STATE_PRIOR -> STATE -> AGE_PRIOR -> AGE -> ORIGIN -> GLOBAL,"2026-03-01 through 2026-04-30; no May, simulated, or synthetic rows"
STATE_PRIOR,current_state+prior_send_bucket,Application created/Login,,4_PLUS,,,44265,active_application_day,11060,0.2498588049248842,17148,27117,0.2436435735945883,0.253789135966368,0.010145562371779687,PASS,proven PL active application-days within observed lifecycle,"P(SEND | active daily decision opportunity, conditioning keys)",STATE_AGE_PRIOR_GAP -> STATE_AGE_GAP -> STATE_PRIOR_GAP -> STATE_GAP -> AGE_PRIOR_GAP -> AGE_GAP -> ORIGIN_GAP -> GAP -> STATE_AGE_PRIOR -> STATE_AGE -> STATE_PRIOR -> STATE -> AGE_PRIOR -> AGE -> ORIGIN -> GLOBAL,"2026-03-01 through 2026-04-30; no May, simulated, or synthetic rows"
STATE_PRIOR,current_state+prior_send_bucket,Bank Approved,,4_PLUS,,,2255,active_application_day,653,0.2895787139689578,612,1643,0.30718954248366015,0.2830188679245283,0.024170674559131855,PASS,proven PL active application-days within observed lifecycle,"P(SEND | active daily decision opportunity, conditioning keys)",STATE_AGE_PRIOR_GAP -> STATE_AGE_GAP -> STATE_PRIOR_GAP -> STATE_GAP -> AGE_PRIOR_GAP -> AGE_GAP -> ORIGIN_GAP -> GAP -> STATE_AGE_PRIOR -> STATE_AGE -> STATE_PRIOR -> STATE -> AGE_PRIOR -> AGE -> ORIGIN -> GLOBAL,"2026-03-01 through 2026-04-30; no May, simulated, or synthetic rows"
STATE_PRIOR,current_state+prior_send_bucket,Disb,,0,,,1518,active_application_day,329,0.2167325428194993,893,625,0.23628219484882418,0.1888,0.04748219484882418,PASS,proven PL active application-days within observed lifecycle,"P(SEND | active daily decision opportunity, conditioning keys)",STATE_AGE_PRIOR_GAP -> STATE_AGE_GAP -> STATE_PRIOR_GAP -> STATE_GAP -> AGE_PRIOR_GAP -> AGE_GAP -> ORIGIN_GAP -> GAP -> STATE_AGE_PRIOR -> STATE_AGE -> STATE_PRIOR -> STATE -> AGE_PRIOR -> AGE -> ORIGIN -> GLOBAL,"2026-03-01 through 2026-04-30; no May, simulated, or synthetic rows"
STATE_PRIOR,current_state+prior_send_bucket,Disb,,1,,,1654,active_application_day,348,0.2103990326481257,900,754,0.22333333333333333,0.19496021220159152,0.028373121131741813,PASS,proven PL active application-days within observed lifecycle,"P(SEND | active daily decision opportunity, conditioning keys)",STATE_AGE_PRIOR_GAP -> STATE_AGE_GAP -> STATE_PRIOR_GAP -> STATE_GAP -> AGE_PRIOR_GAP -> AGE_GAP -> ORIGIN_GAP -> GAP -> STATE_AGE_PRIOR -> STATE_AGE -> STATE_PRIOR -> STATE -> AGE_PRIOR -> AGE -> ORIGIN -> GLOBAL,"2026-03-01 through 2026-04-30; no May, simulated, or synthetic rows"
STATE_PRIOR,current_state+prior_send_bucket,Disb,,2_3,,,3363,active_application_day,772,0.2295569432054713,1604,1759,0.2574812967581047,0.20409323479249575,0.05338806196560897,PASS,proven PL active application-days within observed lifecycle,"P(SEND | active daily decision opportunity, conditioning keys)",STATE_AGE_PRIOR_GAP -> STATE_AGE_GAP -> STATE_PRIOR_GAP -> STATE_GAP -> AGE_PRIOR_GAP -> AGE_GAP -> ORIGIN_GAP -> GAP -> STATE_AGE_PRIOR -> STATE_AGE -> STATE_PRIOR -> STATE -> AGE_PRIOR -> AGE -> ORIGIN -> GLOBAL,"2026-03-01 through 2026-04-30; no May, simulated, or synthetic rows"
STATE_PRIOR,current_state+prior_send_bucket,Disb,,4_PLUS,,,10689,active_application_day,2676,0.2503508279539714,3266,7423,0.28138395590936927,0.23669675333423143,0.044687202575137835,PASS,proven PL active application-days within observed lifecycle,"P(SEND | active daily decision opportunity, conditioning keys)",STATE_AGE_PRIOR_GAP -> STATE_AGE_GAP -> STATE_PRIOR_GAP -> STATE_GAP -> AGE_PRIOR_GAP -> AGE_GAP -> ORIGIN_GAP -> GAP -> STATE_AGE_PRIOR -> STATE_AGE -> STATE_PRIOR -> STATE -> AGE_PRIOR -> AGE -> ORIGIN -> GLOBAL,"2026-03-01 through 2026-04-30; no May, simulated, or synthetic rows"
STATE_PRIOR,current_state+prior_send_bucket,Form filled,,2_3,,,552,active_application_day,98,0.1775362318840579,365,187,0.18356164383561643,0.1657754010695187,0.01778624276609772,PASS,proven PL active application-days within observed lifecycle,"P(SEND | active daily decision opportunity, conditioning keys)",STATE_AGE_PRIOR_GAP -> STATE_AGE_GAP -> STATE_PRIOR_GAP -> STATE_GAP -> AGE_PRIOR_GAP -> AGE_GAP -> ORIGIN_GAP -> GAP -> STATE_AGE_PRIOR -> STATE_AGE -> STATE_PRIOR -> STATE -> AGE_PRIOR -> AGE -> ORIGIN -> GLOBAL,"2026-03-01 through 2026-04-30; no May, simulated, or synthetic rows"
STATE_PRIOR,current_state+prior_send_bucket,Form filled,,4_PLUS,,,1190,active_application_day,295,0.2478991596638655,622,568,0.2684887459807074,0.22535211267605634,0.043136633304651034,PASS,proven PL active application-days within observed lifecycle,"P(SEND | active daily decision opportunity, conditioning keys)",STATE_AGE_PRIOR_GAP -> STATE_AGE_GAP -> STATE_PRIOR_GAP -> STATE_GAP -> AGE_PRIOR_GAP -> AGE_GAP -> ORIGIN_GAP -> GAP -> STATE_AGE_PRIOR -> STATE_AGE -> STATE_PRIOR -> STATE -> AGE_PRIOR -> AGE -> ORIGIN -> GLOBAL,"2026-03-01 through 2026-04-30; no May, simulated, or synthetic rows"
STATE_PRIOR,current_state+prior_send_bucket,Form filled-Rejected,,0,,,1355,active_application_day,213,0.1571955719557195,750,605,0.16133333333333333,0.15206611570247933,0.009267217630854002,PASS,proven PL active application-days within observed lifecycle,"P(SEND | active daily decision opportunity, conditioning keys)",STATE_AGE_PRIOR_GAP -> STATE_AGE_GAP -> STATE_PRIOR_GAP -> STATE_GAP -> AGE_PRIOR_GAP -> AGE_GAP -> ORIGIN_GAP -> GAP -> STATE_AGE_PRIOR -> STATE_AGE -> STATE_PRIOR -> STATE -> AGE_PRIOR -> AGE -> ORIGIN -> GLOBAL,"2026-03-01 through 2026-04-30; no May, simulated, or synthetic rows"
STATE_PRIOR,current_state+prior_send_bucket,Form filled-Rejected,,1,,,1530,active_application_day,245,0.1601307189542483,1052,478,0.1397338403041825,0.20502092050209206,0.06528708019790955,PASS,proven PL active application-days within observed lifecycle,"P(SEND | active daily decision opportunity, conditioning keys)",STATE_AGE_PRIOR_GAP -> STATE_AGE_GAP -> STATE_PRIOR_GAP -> STATE_GAP -> AGE_PRIOR_GAP -> AGE_GAP -> ORIGIN_GAP -> GAP -> STATE_AGE_PRIOR -> STATE_AGE -> STATE_PRIOR -> STATE -> AGE_PRIOR -> AGE -> ORIGIN -> GLOBAL,"2026-03-01 through 2026-04-30; no May, simulated, or synthetic rows"
STATE_PRIOR,current_state+prior_send_bucket,Form filled-Rejected,,2_3,,,2626,active_application_day,567,0.2159177456207159,1643,983,0.202069385270846,0.23906408952187183,0.03699470425102583,PASS,proven PL active application-days within observed lifecycle,"P(SEND | active daily decision opportunity, conditioning keys)",STATE_AGE_PRIOR_GAP -> STATE_AGE_GAP -> STATE_PRIOR_GAP -> STATE_GAP -> AGE_PRIOR_GAP -> AGE_GAP -> ORIGIN_GAP -> GAP -> STATE_AGE_PRIOR -> STATE_AGE -> STATE_PRIOR -> STATE -> AGE_PRIOR -> AGE -> ORIGIN -> GLOBAL,"2026-03-01 through 2026-04-30; no May, simulated, or synthetic rows"
STATE_PRIOR,current_state+prior_send_bucket,Form filled-Rejected,,4_PLUS,,,7230,active_application_day,2079,0.287551867219917,3257,3973,0.2990482038685907,0.2781273596778253,0.020920844190765397,PASS,proven PL active application-days within observed lifecycle,"P(SEND | active daily decision opportunity, conditioning keys)",STATE_AGE_PRIOR_GAP -> STATE_AGE_GAP -> STATE_PRIOR_GAP -> STATE_GAP -> AGE_PRIOR_GAP -> AGE_GAP -> ORIGIN_GAP -> GAP -> STATE_AGE_PRIOR -> STATE_AGE -> STATE_PRIOR -> STATE -> AGE_PRIOR -> AGE -> ORIGIN -> GLOBAL,"2026-03-01 through 2026-04-30; no May, simulated, or synthetic rows"
STATE_PRIOR,current_state+prior_send_bucket,Journey Close,,0,,,783,active_application_day,50,0.0638569604086845,340,443,0.061764705882352944,0.0654627539503386,0.0036980480679856542,PASS,proven PL active application-days within observed lifecycle,"P(SEND | active daily decision opportunity, conditioning keys)",STATE_AGE_PRIOR_GAP -> STATE_AGE_GAP -> STATE_PRIOR_GAP -> STATE_GAP -> AGE_PRIOR_GAP -> AGE_GAP -> ORIGIN_GAP -> GAP -> STATE_AGE_PRIOR -> STATE_AGE -> STATE_PRIOR -> STATE -> AGE_PRIOR -> AGE -> ORIGIN -> GLOBAL,"2026-03-01 through 2026-04-30; no May, simulated, or synthetic rows"
STATE_PRIOR,current_state+prior_send_bucket,Journey Close,,1,,,663,active_application_day,72,0.1085972850678733,338,325,0.09467455621301775,0.12307692307692308,0.028402366863905334,PASS,proven PL active application-days within observed lifecycle,"P(SEND | active daily decision opportunity, conditioning keys)",STATE_AGE_PRIOR_GAP -> STATE_AGE_GAP -> STATE_PRIOR_GAP -> STATE_GAP -> AGE_PRIOR_GAP -> AGE_GAP -> ORIGIN_GAP -> GAP -> STATE_AGE_PRIOR -> STATE_AGE -> STATE_PRIOR -> STATE -> AGE_PRIOR -> AGE -> ORIGIN -> GLOBAL,"2026-03-01 through 2026-04-30; no May, simulated, or synthetic rows"
STATE_PRIOR,current_state+prior_send_bucket,Journey Close,,2_3,,,982,active_application_day,194,0.1975560081466395,466,516,0.19313304721030042,0.20155038759689922,0.008417340386598804,PASS,proven PL active application-days within observed lifecycle,"P(SEND | active daily decision opportunity, conditioning keys)",STATE_AGE_PRIOR_GAP -> STATE_AGE_GAP -> STATE_PRIOR_GAP -> STATE_GAP -> AGE_PRIOR_GAP -> AGE_GAP -> ORIGIN_GAP -> GAP -> STATE_AGE_PRIOR -> STATE_AGE -> STATE_PRIOR -> STATE -> AGE_PRIOR -> AGE -> ORIGIN -> GLOBAL,"2026-03-01 through 2026-04-30; no May, simulated, or synthetic rows"
STATE_PRIOR,current_state+prior_send_bucket,Journey Close,,4_PLUS,,,3530,active_application_day,1006,0.284985835694051,1330,2200,0.3022556390977444,0.27454545454545454,0.02771018455228985,PASS,proven PL active application-days within observed lifecycle,"P(SEND | active daily decision opportunity, conditioning keys)",STATE_AGE_PRIOR_GAP -> STATE_AGE_GAP -> STATE_PRIOR_GAP -> STATE_GAP -> AGE_PRIOR_GAP -> AGE_GAP -> ORIGIN_GAP -> GAP -> STATE_AGE_PRIOR -> STATE_AGE -> STATE_PRIOR -> STATE -> AGE_PRIOR -> AGE -> ORIGIN -> GLOBAL,"2026-03-01 through 2026-04-30; no May, simulated, or synthetic rows"
STATE_PRIOR,current_state+prior_send_bucket,Post AIP Reject,,4_PLUS,,,650,active_application_day,172,0.2646153846153846,309,341,0.2750809061488673,0.25513196480938416,0.01994894133948316,PASS,proven PL active application-days within observed lifecycle,"P(SEND | active daily decision opportunity, conditioning keys)",STATE_AGE_PRIOR_GAP -> STATE_AGE_GAP -> STATE_PRIOR_GAP -> STATE_GAP -> AGE_PRIOR_GAP -> AGE_GAP -> ORIGIN_GAP -> GAP -> STATE_AGE_PRIOR -> STATE_AGE -> STATE_PRIOR -> STATE -> AGE_PRIOR -> AGE -> ORIGIN -> GLOBAL,"2026-03-01 through 2026-04-30; no May, simulated, or synthetic rows"
STATE_PRIOR,current_state+prior_send_bucket,Product Selection,,4_PLUS,,,693,active_application_day,222,0.3203463203463203,177,516,0.3502824858757062,0.31007751937984496,0.04020496649586125,PASS,proven PL active application-days within observed lifecycle,"P(SEND | active daily decision opportunity, conditioning keys)",STATE_AGE_PRIOR_GAP -> STATE_AGE_GAP -> STATE_PRIOR_GAP -> STATE_GAP -> AGE_PRIOR_GAP -> AGE_GAP -> ORIGIN_GAP -> GAP -> STATE_AGE_PRIOR -> STATE_AGE -> STATE_PRIOR -> STATE -> AGE_PRIOR -> AGE -> ORIGIN -> GLOBAL,"2026-03-01 through 2026-04-30; no May, simulated, or synthetic rows"
STATE_PRIOR,current_state+prior_send_bucket,Professional details,,0,,,16362,active_application_day,2265,0.1384305097176384,8354,8008,0.13717979411060569,0.13973526473526474,0.002555470624659051,PASS,proven PL active application-days within observed lifecycle,"P(SEND | active daily decision opportunity, conditioning keys)",STATE_AGE_PRIOR_GAP -> STATE_AGE_GAP -> STATE_PRIOR_GAP -> STATE_GAP -> AGE_PRIOR_GAP -> AGE_GAP -> ORIGIN_GAP -> GAP -> STATE_AGE_PRIOR -> STATE_AGE -> STATE_PRIOR -> STATE -> AGE_PRIOR -> AGE -> ORIGIN -> GLOBAL,"2026-03-01 through 2026-04-30; no May, simulated, or synthetic rows"
STATE_PRIOR,current_state+prior_send_bucket,Professional details,,1,,,20338,active_application_day,2765,0.135952404366211,10778,9560,0.13945073297457786,0.1320083682008368,0.00744236477374105,PASS,proven PL active application-days within observed lifecycle,"P(SEND | active daily decision opportunity, conditioning keys)",STATE_AGE_PRIOR_GAP -> STATE_AGE_GAP -> STATE_PRIOR_GAP -> STATE_GAP -> AGE_PRIOR_GAP -> AGE_GAP -> ORIGIN_GAP -> GAP -> STATE_AGE_PRIOR -> STATE_AGE -> STATE_PRIOR -> STATE -> AGE_PRIOR -> AGE -> ORIGIN -> GLOBAL,"2026-03-01 through 2026-04-30; no May, simulated, or synthetic rows"
STATE_PRIOR,current_state+prior_send_bucket,Professional details,,2_3,,,34837,active_application_day,4843,0.139018859258834,16687,18150,0.15658896146701023,0.12286501377410468,0.033723947692905556,PASS,proven PL active application-days within observed lifecycle,"P(SEND | active daily decision opportunity, conditioning keys)",STATE_AGE_PRIOR_GAP -> STATE_AGE_GAP -> STATE_PRIOR_GAP -> STATE_GAP -> AGE_PRIOR_GAP -> AGE_GAP -> ORIGIN_GAP -> GAP -> STATE_AGE_PRIOR -> STATE_AGE -> STATE_PRIOR -> STATE -> AGE_PRIOR -> AGE -> ORIGIN -> GLOBAL,"2026-03-01 through 2026-04-30; no May, simulated, or synthetic rows"
STATE_PRIOR,current_state+prior_send_bucket,Professional details,,4_PLUS,,,49883,active_application_day,10612,0.212737806467133,21514,28369,0.23175606581760713,0.19831506221579895,0.033441003601808184,PASS,proven PL active application-days within observed lifecycle,"P(SEND | active daily decision opportunity, conditioning keys)",STATE_AGE_PRIOR_GAP -> STATE_AGE_GAP -> STATE_PRIOR_GAP -> STATE_GAP -> AGE_PRIOR_GAP -> AGE_GAP -> ORIGIN_GAP -> GAP -> STATE_AGE_PRIOR -> STATE_AGE -> STATE_PRIOR -> STATE -> AGE_PRIOR -> AGE -> ORIGIN -> GLOBAL,"2026-03-01 through 2026-04-30; no May, simulated, or synthetic rows"
STATE_PRIOR,current_state+prior_send_bucket,listing,,0,,,59746,active_application_day,8125,0.1359923676898871,34813,24933,0.1217648579553615,0.15585769863233465,0.03409284067697314,PASS,proven PL active application-days within observed lifecycle,"P(SEND | active daily decision opportunity, conditioning keys)",STATE_AGE_PRIOR_GAP -> STATE_AGE_GAP -> STATE_PRIOR_GAP -> STATE_GAP -> AGE_PRIOR_GAP -> AGE_GAP -> ORIGIN_GAP -> GAP -> STATE_AGE_PRIOR -> STATE_AGE -> STATE_PRIOR -> STATE -> AGE_PRIOR -> AGE -> ORIGIN -> GLOBAL,"2026-03-01 through 2026-04-30; no May, simulated, or synthetic rows"
STATE_PRIOR,current_state+prior_send_bucket,listing,,1,,,71632,active_application_day,10678,0.1490674558856377,44191,27441,0.13206308976941006,0.1764512955067235,0.044388205737313446,PASS,proven PL active application-days within observed lifecycle,"P(SEND | active daily decision opportunity, conditioning keys)",STATE_AGE_PRIOR_GAP -> STATE_AGE_GAP -> STATE_PRIOR_GAP -> STATE_GAP -> AGE_PRIOR_GAP -> AGE_GAP -> ORIGIN_GAP -> GAP -> STATE_AGE_PRIOR -> STATE_AGE -> STATE_PRIOR -> STATE -> AGE_PRIOR -> AGE -> ORIGIN -> GLOBAL,"2026-03-01 through 2026-04-30; no May, simulated, or synthetic rows"
STATE_PRIOR,current_state+prior_send_bucket,listing,,2_3,,,124692,active_application_day,22212,0.1781349244538543,69255,55437,0.16980723413471951,0.1885383408193084,0.018731106684588883,PASS,proven PL active application-days within observed lifecycle,"P(SEND | active daily decision opportunity, conditioning keys)",STATE_AGE_PRIOR_GAP -> STATE_AGE_GAP -> STATE_PRIOR_GAP -> STATE_GAP -> AGE_PRIOR_GAP -> AGE_GAP -> ORIGIN_GAP -> GAP -> STATE_AGE_PRIOR -> STATE_AGE -> STATE_PRIOR -> STATE -> AGE_PRIOR -> AGE -> ORIGIN -> GLOBAL,"2026-03-01 through 2026-04-30; no May, simulated, or synthetic rows"
STATE_PRIOR,current_state+prior_send_bucket,listing,,4_PLUS,,,269690,active_application_day,67136,0.2489376691757202,119453,150237,0.2381857299523662,0.2574865046559769,0.01930077470361069,PASS,proven PL active application-days within observed lifecycle,"P(SEND | active daily decision opportunity, conditioning keys)",STATE_AGE_PRIOR_GAP -> STATE_AGE_GAP -> STATE_PRIOR_GAP -> STATE_GAP -> AGE_PRIOR_GAP -> AGE_GAP -> ORIGIN_GAP -> GAP -> STATE_AGE_PRIOR -> STATE_AGE -> STATE_PRIOR -> STATE -> AGE_PRIOR -> AGE -> ORIGIN -> GLOBAL,"2026-03-01 through 2026-04-30; no May, simulated, or synthetic rows"
STATE_PRIOR_GAP,current_state+prior_send_bucket+recent_send_gap_bucket,AIP Approved,,0,NO_PRIOR_SEND,,1033,active_application_day,91,0.0880929332042594,337,696,0.09495548961424333,0.08477011494252873,0.010185374671714598,PASS,proven PL active application-days within observed lifecycle,"P(SEND | active daily decision opportunity, conditioning keys)",STATE_AGE_PRIOR_GAP -> STATE_AGE_GAP -> STATE_PRIOR_GAP -> STATE_GAP -> AGE_PRIOR_GAP -> AGE_GAP -> ORIGIN_GAP -> GAP -> STATE_AGE_PRIOR -> STATE_AGE -> STATE_PRIOR -> STATE -> AGE_PRIOR -> AGE -> ORIGIN -> GLOBAL,"2026-03-01 through 2026-04-30; no May, simulated, or synthetic rows"
STATE_PRIOR_GAP,current_state+prior_send_bucket+recent_send_gap_bucket,AIP Approved,,2_3,7D_PLUS,,581,active_application_day,36,0.0619621342512908,249,332,0.06827309236947791,0.0572289156626506,0.011044176706827315,PASS,proven PL active application-days within observed lifecycle,"P(SEND | active daily decision opportunity, conditioning keys)",STATE_AGE_PRIOR_GAP -> STATE_AGE_GAP -> STATE_PRIOR_GAP -> STATE_GAP -> AGE_PRIOR_GAP -> AGE_GAP -> ORIGIN_GAP -> GAP -> STATE_AGE_PRIOR -> STATE_AGE -> STATE_PRIOR -> STATE -> AGE_PRIOR -> AGE -> ORIGIN -> GLOBAL,"2026-03-01 through 2026-04-30; no May, simulated, or synthetic rows"
STATE_PRIOR_GAP,current_state+prior_send_bucket+recent_send_gap_bucket,AIP Approved,,4_PLUS,1D_3D,,2172,active_application_day,645,0.2969613259668508,723,1449,0.31950207468879666,0.2857142857142857,0.03378778897451096,PASS,proven PL active application-days within observed lifecycle,"P(SEND | active daily decision opportunity, conditioning keys)",STATE_AGE_PRIOR_GAP -> STATE_AGE_GAP -> STATE_PRIOR_GAP -> STATE_GAP -> AGE_PRIOR_GAP -> AGE_GAP -> ORIGIN_GAP -> GAP -> STATE_AGE_PRIOR -> STATE_AGE -> STATE_PRIOR -> STATE -> AGE_PRIOR -> AGE -> ORIGIN -> GLOBAL,"2026-03-01 through 2026-04-30; no May, simulated, or synthetic rows"
STATE_PRIOR_GAP,current_state+prior_send_bucket+recent_send_gap_bucket,AIP Approved,,4_PLUS,3D_7D,,1436,active_application_day,354,0.2465181058495821,557,879,0.2118491921005386,0.2684869169510808,0.05663772485054219,PASS,proven PL active application-days within observed lifecycle,"P(SEND | active daily decision opportunity, conditioning keys)",STATE_AGE_PRIOR_GAP -> STATE_AGE_GAP -> STATE_PRIOR_GAP -> STATE_GAP -> AGE_PRIOR_GAP -> AGE_GAP -> ORIGIN_GAP -> GAP -> STATE_AGE_PRIOR -> STATE_AGE -> STATE_PRIOR -> STATE -> AGE_PRIOR -> AGE -> ORIGIN -> GLOBAL,"2026-03-01 through 2026-04-30; no May, simulated, or synthetic rows"
STATE_PRIOR_GAP,current_state+prior_send_bucket+recent_send_gap_bucket,AIP Approved,,4_PLUS,7D_PLUS,,824,active_application_day,101,0.1225728155339805,330,494,0.11515151515151516,0.12753036437246965,0.012378849220954488,PASS,proven PL active application-days within observed lifecycle,"P(SEND | active daily decision opportunity, conditioning keys)",STATE_AGE_PRIOR_GAP -> STATE_AGE_GAP -> STATE_PRIOR_GAP -> STATE_GAP -> AGE_PRIOR_GAP -> AGE_GAP -> ORIGIN_GAP -> GAP -> STATE_AGE_PRIOR -> STATE_AGE -> STATE_PRIOR -> STATE -> AGE_PRIOR -> AGE -> ORIGIN -> GLOBAL,"2026-03-01 through 2026-04-30; no May, simulated, or synthetic rows"
STATE_PRIOR_GAP,current_state+prior_send_bucket+recent_send_gap_bucket,AIP Approved,,4_PLUS,LT_1D,,1940,active_application_day,614,0.3164948453608247,713,1227,0.3169705469845722,0.3162184189079055,0.0007521280766667471,PASS,proven PL active application-days within observed lifecycle,"P(SEND | active daily decision opportunity, conditioning keys)",STATE_AGE_PRIOR_GAP -> STATE_AGE_GAP -> STATE_PRIOR_GAP -> STATE_GAP -> AGE_PRIOR_GAP -> AGE_GAP -> ORIGIN_GAP -> GAP -> STATE_AGE_PRIOR -> STATE_AGE -> STATE_PRIOR -> STATE -> AGE_PRIOR -> AGE -> ORIGIN -> GLOBAL,"2026-03-01 through 2026-04-30; no May, simulated, or synthetic rows"
STATE_PRIOR_GAP,current_state+prior_send_bucket+recent_send_gap_bucket,Application Created,,0,NO_PRIOR_SEND,,81726,active_application_day,19323,0.2364363849937596,44228,37498,0.21995116215971783,0.25588031361672625,0.035929151457008424,PASS,proven PL active application-days within observed lifecycle,"P(SEND | active daily decision opportunity, conditioning keys)",STATE_AGE_PRIOR_GAP -> STATE_AGE_GAP -> STATE_PRIOR_GAP -> STATE_GAP -> AGE_PRIOR_GAP -> AGE_GAP -> ORIGIN_GAP -> GAP -> STATE_AGE_PRIOR -> STATE_AGE -> STATE_PRIOR -> STATE -> AGE_PRIOR -> AGE -> ORIGIN -> GLOBAL,"2026-03-01 through 2026-04-30; no May, simulated, or synthetic rows"
STATE_PRIOR_GAP,current_state+prior_send_bucket+recent_send_gap_bucket,Application OTP Verification,,4_PLUS,1D_3D,,680,active_application_day,212,0.3117647058823529,164,516,0.36585365853658536,0.29457364341085274,0.07128001512573262,PASS,proven PL active application-days within observed lifecycle,"P(SEND | active daily decision opportunity, conditioning keys)",STATE_AGE_PRIOR_GAP -> STATE_AGE_GAP -> STATE_PRIOR_GAP -> STATE_GAP -> AGE_PRIOR_GAP -> AGE_GAP -> ORIGIN_GAP -> GAP -> STATE_AGE_PRIOR -> STATE_AGE -> STATE_PRIOR -> STATE -> AGE_PRIOR -> AGE -> ORIGIN -> GLOBAL,"2026-03-01 through 2026-04-30; no May, simulated, or synthetic rows"
STATE_PRIOR_GAP,current_state+prior_send_bucket+recent_send_gap_bucket,Application OTP Verification,,4_PLUS,LT_1D,,646,active_application_day,228,0.3529411764705882,170,476,0.3588235294117647,0.35084033613445376,0.007983193277310952,PASS,proven PL active application-days within observed lifecycle,"P(SEND | active daily decision opportunity, conditioning keys)",STATE_AGE_PRIOR_GAP -> STATE_AGE_GAP -> STATE_PRIOR_GAP -> STATE_GAP -> AGE_PRIOR_GAP -> AGE_GAP -> ORIGIN_GAP -> GAP -> STATE_AGE_PRIOR -> STATE_AGE -> STATE_PRIOR -> STATE -> AGE_PRIOR -> AGE -> ORIGIN -> GLOBAL,"2026-03-01 through 2026-04-30; no May, simulated, or synthetic rows"
STATE_PRIOR_GAP,current_state+prior_send_bucket+recent_send_gap_bucket,Application Resume,,4_PLUS,1D_3D,,962,active_application_day,255,0.265072765072765,299,663,0.26421404682274247,0.2654600301659125,0.001245983343170054,PASS,proven PL active application-days within observed lifecycle,"P(SEND | active daily decision opportunity, conditioning keys)",STATE_AGE_PRIOR_GAP -> STATE_AGE_GAP -> STATE_PRIOR_GAP -> STATE_GAP -> AGE_PRIOR_GAP -> AGE_GAP -> ORIGIN_GAP -> GAP -> STATE_AGE_PRIOR -> STATE_AGE -> STATE_PRIOR -> STATE -> AGE_PRIOR -> AGE -> ORIGIN -> GLOBAL,"2026-03-01 through 2026-04-30; no May, simulated, or synthetic rows"
STATE_PRIOR_GAP,current_state+prior_send_bucket+recent_send_gap_bucket,Application Resume,,4_PLUS,3D_7D,,674,active_application_day,167,0.2477744807121661,264,410,0.1893939393939394,0.28536585365853656,0.09597191426459717,PASS,proven PL active application-days within observed lifecycle,"P(SEND | active daily decision opportunity, conditioning keys)",STATE_AGE_PRIOR_GAP -> STATE_AGE_GAP -> STATE_PRIOR_GAP -> STATE_GAP -> AGE_PRIOR_GAP -> AGE_GAP -> ORIGIN_GAP -> GAP -> STATE_AGE_PRIOR -> STATE_AGE -> STATE_PRIOR -> STATE -> AGE_PRIOR -> AGE -> ORIGIN -> GLOBAL,"2026-03-01 through 2026-04-30; no May, simulated, or synthetic rows"
STATE_PRIOR_GAP,current_state+prior_send_bucket+recent_send_gap_bucket,Application Resume,,4_PLUS,LT_1D,,872,active_application_day,297,0.3405963302752293,308,564,0.38636363636363635,0.31560283687943264,0.07076079948420372,PASS,proven PL active application-days within observed lifecycle,"P(SEND | active daily decision opportunity, conditioning keys)",STATE_AGE_PRIOR_GAP -> STATE_AGE_GAP -> STATE_PRIOR_GAP -> STATE_GAP -> AGE_PRIOR_GAP -> AGE_GAP -> ORIGIN_GAP -> GAP -> STATE_AGE_PRIOR -> STATE_AGE -> STATE_PRIOR -> STATE -> AGE_PRIOR -> AGE -> ORIGIN -> GLOBAL,"2026-03-01 through 2026-04-30; no May, simulated, or synthetic rows"
STATE_PRIOR_GAP,current_state+prior_send_bucket+recent_send_gap_bucket,Application created/Login,,0,NO_PRIOR_SEND,,10699,active_application_day,1650,0.1542200205626694,5058,5641,0.15480427046263345,0.15369615316433258,0.0011081172983008758,PASS,proven PL active application-days within observed lifecycle,"P(SEND | active daily decision opportunity, conditioning keys)",STATE_AGE_PRIOR_GAP -> STATE_AGE_GAP -> STATE_PRIOR_GAP -> STATE_GAP -> AGE_PRIOR_GAP -> AGE_GAP -> ORIGIN_GAP -> GAP -> STATE_AGE_PRIOR -> STATE_AGE -> STATE_PRIOR -> STATE -> AGE_PRIOR -> AGE -> ORIGIN -> GLOBAL,"2026-03-01 through 2026-04-30; no May, simulated, or synthetic rows"
STATE_PRIOR_GAP,current_state+prior_send_bucket+recent_send_gap_bucket,Application created/Login,,1,1D_3D,,3139,active_application_day,639,0.2035680152914941,1608,1531,0.1958955223880597,0.2116263879817113,0.015730865593651583,PASS,proven PL active application-days within observed lifecycle,"P(SEND | active daily decision opportunity, conditioning keys)",STATE_AGE_PRIOR_GAP -> STATE_AGE_GAP -> STATE_PRIOR_GAP -> STATE_GAP -> AGE_PRIOR_GAP -> AGE_GAP -> ORIGIN_GAP -> GAP -> STATE_AGE_PRIOR -> STATE_AGE -> STATE_PRIOR -> STATE -> AGE_PRIOR -> AGE -> ORIGIN -> GLOBAL,"2026-03-01 through 2026-04-30; no May, simulated, or synthetic rows"
STATE_PRIOR_GAP,current_state+prior_send_bucket+recent_send_gap_bucket,Application created/Login,,1,3D_7D,,3416,active_application_day,608,0.1779859484777517,1805,1611,0.17950138504155125,0.17628801986343887,0.0032133651781123818,PASS,proven PL active application-days within observed lifecycle,"P(SEND | active daily decision opportunity, conditioning keys)",STATE_AGE_PRIOR_GAP -> STATE_AGE_GAP -> STATE_PRIOR_GAP -> STATE_GAP -> AGE_PRIOR_GAP -> AGE_GAP -> ORIGIN_GAP -> GAP -> STATE_AGE_PRIOR -> STATE_AGE -> STATE_PRIOR -> STATE -> AGE_PRIOR -> AGE -> ORIGIN -> GLOBAL,"2026-03-01 through 2026-04-30; no May, simulated, or synthetic rows"
STATE_PRIOR_GAP,current_state+prior_send_bucket+recent_send_gap_bucket,Application created/Login,,1,7D_PLUS,,3670,active_application_day,325,0.0885558583106267,1756,1914,0.09054669703872438,0.08672936259143156,0.0038173344472928195,PASS,proven PL active application-days within observed lifecycle,"P(SEND | active daily decision opportunity, conditioning keys)",STATE_AGE_PRIOR_GAP -> STATE_AGE_GAP -> STATE_PRIOR_GAP -> STATE_GAP -> AGE_PRIOR_GAP -> AGE_GAP -> ORIGIN_GAP -> GAP -> STATE_AGE_PRIOR -> STATE_AGE -> STATE_PRIOR -> STATE -> AGE_PRIOR -> AGE -> ORIGIN -> GLOBAL,"2026-03-01 through 2026-04-30; no May, simulated, or synthetic rows"
STATE_PRIOR_GAP,current_state+prior_send_bucket+recent_send_gap_bucket,Application created/Login,,1,LT_1D,,2230,active_application_day,478,0.2143497757847533,1099,1131,0.18562329390354868,0.242263483642794,0.05664018973924531,PASS,proven PL active application-days within observed lifecycle,"P(SEND | active daily decision opportunity, conditioning keys)",STATE_AGE_PRIOR_GAP -> STATE_AGE_GAP -> STATE_PRIOR_GAP -> STATE_GAP -> AGE_PRIOR_GAP -> AGE_GAP -> ORIGIN_GAP -> GAP -> STATE_AGE_PRIOR -> STATE_AGE -> STATE_PRIOR -> STATE -> AGE_PRIOR -> AGE -> ORIGIN -> GLOBAL,"2026-03-01 through 2026-04-30; no May, simulated, or synthetic rows"
STATE_PRIOR_GAP,current_state+prior_send_bucket+recent_send_gap_bucket,Application created/Login,,2_3,1D_3D,,6169,active_application_day,1305,0.2115415788620522,2890,3279,0.21591695501730104,0.20768526989935956,0.008231685117941479,PASS,proven PL active application-days within observed lifecycle,"P(SEND | active daily decision opportunity, conditioning keys)",STATE_AGE_PRIOR_GAP -> STATE_AGE_GAP -> STATE_PRIOR_GAP -> STATE_GAP -> AGE_PRIOR_GAP -> AGE_GAP -> ORIGIN_GAP -> GAP -> STATE_AGE_PRIOR -> STATE_AGE -> STATE_PRIOR -> STATE -> AGE_PRIOR -> AGE -> ORIGIN -> GLOBAL,"2026-03-01 through 2026-04-30; no May, simulated, or synthetic rows"
STATE_PRIOR_GAP,current_state+prior_send_bucket+recent_send_gap_bucket,Application created/Login,,2_3,3D_7D,,6344,active_application_day,968,0.1525851197982345,3044,3300,0.1573587385019711,0.1481818181818182,0.00917692032015291,PASS,proven PL active application-days within observed lifecycle,"P(SEND | active daily decision opportunity, conditioning keys)",STATE_AGE_PRIOR_GAP -> STATE_AGE_GAP -> STATE_PRIOR_GAP -> STATE_GAP -> AGE_PRIOR_GAP -> AGE_GAP -> ORIGIN_GAP -> GAP -> STATE_AGE_PRIOR -> STATE_AGE -> STATE_PRIOR -> STATE -> AGE_PRIOR -> AGE -> ORIGIN -> GLOBAL,"2026-03-01 through 2026-04-30; no May, simulated, or synthetic rows"
STATE_PRIOR_GAP,current_state+prior_send_bucket+recent_send_gap_bucket,Application created/Login,,2_3,7D_PLUS,,5650,active_application_day,686,0.1214159292035398,2737,2913,0.13335769090244792,0.1101956745623069,0.02316201634014102,PASS,proven PL active application-days within observed lifecycle,"P(SEND | active daily decision opportunity, conditioning keys)",STATE_AGE_PRIOR_GAP -> STATE_AGE_GAP -> STATE_PRIOR_GAP -> STATE_GAP -> AGE_PRIOR_GAP -> AGE_GAP -> ORIGIN_GAP -> GAP -> STATE_AGE_PRIOR -> STATE_AGE -> STATE_PRIOR -> STATE -> AGE_PRIOR -> AGE -> ORIGIN -> GLOBAL,"2026-03-01 through 2026-04-30; no May, simulated, or synthetic rows"
STATE_PRIOR_GAP,current_state+prior_send_bucket+recent_send_gap_bucket,Application created/Login,,2_3,LT_1D,,4563,active_application_day,1090,0.2388779311856235,2155,2408,0.2468677494199536,0.23172757475083056,0.015140174669123041,PASS,proven PL active application-days within observed lifecycle,"P(SEND | active daily decision opportunity, conditioning keys)",STATE_AGE_PRIOR_GAP -> STATE_AGE_GAP -> STATE_PRIOR_GAP -> STATE_GAP -> AGE_PRIOR_GAP -> AGE_GAP -> ORIGIN_GAP -> GAP -> STATE_AGE_PRIOR -> STATE_AGE -> STATE_PRIOR -> STATE -> AGE_PRIOR -> AGE -> ORIGIN -> GLOBAL,"2026-03-01 through 2026-04-30; no May, simulated, or synthetic rows"
STATE_PRIOR_GAP,current_state+prior_send_bucket+recent_send_gap_bucket,Application created/Login,,4_PLUS,1D_3D,,15757,active_application_day,4085,0.259249857206321,5356,10401,0.23618371919342793,0.27112777617536776,0.034944056981939836,PASS,proven PL active application-days within observed lifecycle,"P(SEND | active daily decision opportunity, conditioning keys)",STATE_AGE_PRIOR_GAP -> STATE_AGE_GAP -> STATE_PRIOR_GAP -> STATE_GAP -> AGE_PRIOR_GAP -> AGE_GAP -> ORIGIN_GAP -> GAP -> STATE_AGE_PRIOR -> STATE_AGE -> STATE_PRIOR -> STATE -> AGE_PRIOR -> AGE -> ORIGIN -> GLOBAL,"2026-03-01 through 2026-04-30; no May, simulated, or synthetic rows"
STATE_PRIOR_GAP,current_state+prior_send_bucket+recent_send_gap_bucket,Application created/Login,,4_PLUS,3D_7D,,11012,active_application_day,2609,0.2369233563385397,4920,6092,0.22540650406504065,0.24622455679579777,0.020818052730757125,PASS,proven PL active application-days within observed lifecycle,"P(SEND | active daily decision opportunity, conditioning keys)",STATE_AGE_PRIOR_GAP -> STATE_AGE_GAP -> STATE_PRIOR_GAP -> STATE_GAP -> AGE_PRIOR_GAP -> AGE_GAP -> ORIGIN_GAP -> GAP -> STATE_AGE_PRIOR -> STATE_AGE -> STATE_PRIOR -> STATE -> AGE_PRIOR -> AGE -> ORIGIN -> GLOBAL,"2026-03-01 through 2026-04-30; no May, simulated, or synthetic rows"
STATE_PRIOR_GAP,current_state+prior_send_bucket+recent_send_gap_bucket,Application created/Login,,4_PLUS,7D_PLUS,,4406,active_application_day,738,0.1674988651838402,2147,2259,0.20680018630647415,0.1301460823373174,0.07665410396915676,PASS,proven PL active application-days within observed lifecycle,"P(SEND | active daily decision opportunity, conditioning keys)",STATE_AGE_PRIOR_GAP -> STATE_AGE_GAP -> STATE_PRIOR_GAP -> STATE_GAP -> AGE_PRIOR_GAP -> AGE_GAP -> ORIGIN_GAP -> GAP -> STATE_AGE_PRIOR -> STATE_AGE -> STATE_PRIOR -> STATE -> AGE_PRIOR -> AGE -> ORIGIN -> GLOBAL,"2026-03-01 through 2026-04-30; no May, simulated, or synthetic rows"
STATE_PRIOR_GAP,current_state+prior_send_bucket+recent_send_gap_bucket,Application created/Login,,4_PLUS,LT_1D,,13090,active_application_day,3628,0.2771581359816654,4725,8365,0.2878306878306878,0.2711297071129707,0.01670098071771714,PASS,proven PL active application-days within observed lifecycle,"P(SEND | active daily decision opportunity, conditioning keys)",STATE_AGE_PRIOR_GAP -> STATE_AGE_GAP -> STATE_PRIOR_GAP -> STATE_GAP -> AGE_PRIOR_GAP -> AGE_GAP -> ORIGIN_GAP -> GAP -> STATE_AGE_PRIOR -> STATE_AGE -> STATE_PRIOR -> STATE -> AGE_PRIOR -> AGE -> ORIGIN -> GLOBAL,"2026-03-01 through 2026-04-30; no May, simulated, or synthetic rows"
STATE_PRIOR_GAP,current_state+prior_send_bucket+recent_send_gap_bucket,Bank Approved,,4_PLUS,1D_3D,,755,active_application_day,230,0.304635761589404,189,566,0.2804232804232804,0.3127208480565371,0.032297567633256696,PASS,proven PL active application-days within observed lifecycle,"P(SEND | active daily decision opportunity, conditioning keys)",STATE_AGE_PRIOR_GAP -> STATE_AGE_GAP -> STATE_PRIOR_GAP -> STATE_GAP -> AGE_PRIOR_GAP -> AGE_GAP -> ORIGIN_GAP -> GAP -> STATE_AGE_PRIOR -> STATE_AGE -> STATE_PRIOR -> STATE -> AGE_PRIOR -> AGE -> ORIGIN -> GLOBAL,"2026-03-01 through 2026-04-30; no May, simulated, or synthetic rows"
STATE_PRIOR_GAP,current_state+prior_send_bucket+recent_send_gap_bucket,Bank Approved,,4_PLUS,3D_7D,,510,active_application_day,139,0.2725490196078431,138,372,0.32608695652173914,0.25268817204301075,0.07339878447872838,PASS,proven PL active application-days within observed lifecycle,"P(SEND | active daily decision opportunity, conditioning keys)",STATE_AGE_PRIOR_GAP -> STATE_AGE_GAP -> STATE_PRIOR_GAP -> STATE_GAP -> AGE_PRIOR_GAP -> AGE_GAP -> ORIGIN_GAP -> GAP -> STATE_AGE_PRIOR -> STATE_AGE -> STATE_PRIOR -> STATE -> AGE_PRIOR -> AGE -> ORIGIN -> GLOBAL,"2026-03-01 through 2026-04-30; no May, simulated, or synthetic rows"
STATE_PRIOR_GAP,current_state+prior_send_bucket+recent_send_gap_bucket,Bank Approved,,4_PLUS,LT_1D,,728,active_application_day,255,0.3502747252747252,214,514,0.40186915887850466,0.32879377431906615,0.07307538455943852,PASS,proven PL active application-days within observed lifecycle,"P(SEND | active daily decision opportunity, conditioning keys)",STATE_AGE_PRIOR_GAP -> STATE_AGE_GAP -> STATE_PRIOR_GAP -> STATE_GAP -> AGE_PRIOR_GAP -> AGE_GAP -> ORIGIN_GAP -> GAP -> STATE_AGE_PRIOR -> STATE_AGE -> STATE_PRIOR -> STATE -> AGE_PRIOR -> AGE -> ORIGIN -> GLOBAL,"2026-03-01 through 2026-04-30; no May, simulated, or synthetic rows"
STATE_PRIOR_GAP,current_state+prior_send_bucket+recent_send_gap_bucket,Disb,,0,NO_PRIOR_SEND,,1518,active_application_day,329,0.2167325428194993,893,625,0.23628219484882418,0.1888,0.04748219484882418,PASS,proven PL active application-days within observed lifecycle,"P(SEND | active daily decision opportunity, conditioning keys)",STATE_AGE_PRIOR_GAP -> STATE_AGE_GAP -> STATE_PRIOR_GAP -> STATE_GAP -> AGE_PRIOR_GAP -> AGE_GAP -> ORIGIN_GAP -> GAP -> STATE_AGE_PRIOR -> STATE_AGE -> STATE_PRIOR -> STATE -> AGE_PRIOR -> AGE -> ORIGIN -> GLOBAL,"2026-03-01 through 2026-04-30; no May, simulated, or synthetic rows"
STATE_PRIOR_GAP,current_state+prior_send_bucket+recent_send_gap_bucket,Disb,,2_3,1D_3D,,995,active_application_day,279,0.2804020100502513,486,509,0.30246913580246915,0.2593320235756385,0.04313711222683064,PASS,proven PL active application-days within observed lifecycle,"P(SEND | active daily decision opportunity, conditioning keys)",STATE_AGE_PRIOR_GAP -> STATE_AGE_GAP -> STATE_PRIOR_GAP -> STATE_GAP -> AGE_PRIOR_GAP -> AGE_GAP -> ORIGIN_GAP -> GAP -> STATE_AGE_PRIOR -> STATE_AGE -> STATE_PRIOR -> STATE -> AGE_PRIOR -> AGE -> ORIGIN -> GLOBAL,"2026-03-01 through 2026-04-30; no May, simulated, or synthetic rows"
STATE_PRIOR_GAP,current_state+prior_send_bucket+recent_send_gap_bucket,Disb,,2_3,3D_7D,,801,active_application_day,172,0.2147315855181023,377,424,0.22546419098143236,0.20518867924528303,0.020275511736149332,PASS,proven PL active application-days within observed lifecycle,"P(SEND | active daily decision opportunity, conditioning keys)",STATE_AGE_PRIOR_GAP -> STATE_AGE_GAP -> STATE_PRIOR_GAP -> STATE_GAP -> AGE_PRIOR_GAP -> AGE_GAP -> ORIGIN_GAP -> GAP -> STATE_AGE_PRIOR -> STATE_AGE -> STATE_PRIOR -> STATE -> AGE_PRIOR -> AGE -> ORIGIN -> GLOBAL,"2026-03-01 through 2026-04-30; no May, simulated, or synthetic rows"
STATE_PRIOR_GAP,current_state+prior_send_bucket+recent_send_gap_bucket,Disb,,2_3,7D_PLUS,,717,active_application_day,63,0.0878661087866108,265,452,0.0830188679245283,0.09070796460176991,0.007689096677241616,PASS,proven PL active application-days within observed lifecycle,"P(SEND | active daily decision opportunity, conditioning keys)",STATE_AGE_PRIOR_GAP -> STATE_AGE_GAP -> STATE_PRIOR_GAP -> STATE_GAP -> AGE_PRIOR_GAP -> AGE_GAP -> ORIGIN_GAP -> GAP -> STATE_AGE_PRIOR -> STATE_AGE -> STATE_PRIOR -> STATE -> AGE_PRIOR -> AGE -> ORIGIN -> GLOBAL,"2026-03-01 through 2026-04-30; no May, simulated, or synthetic rows"
STATE_PRIOR_GAP,current_state+prior_send_bucket+recent_send_gap_bucket,Disb,,2_3,LT_1D,,850,active_application_day,258,0.3035294117647059,476,374,0.33403361344537813,0.2647058823529412,0.06932773109243695,PASS,proven PL active application-days within observed lifecycle,"P(SEND | active daily decision opportunity, conditioning keys)",STATE_AGE_PRIOR_GAP -> STATE_AGE_GAP -> STATE_PRIOR_GAP -> STATE_GAP -> AGE_PRIOR_GAP -> AGE_GAP -> ORIGIN_GAP -> GAP -> STATE_AGE_PRIOR -> STATE_AGE -> STATE_PRIOR -> STATE -> AGE_PRIOR -> AGE -> ORIGIN -> GLOBAL,"2026-03-01 through 2026-04-30; no May, simulated, or synthetic rows"
STATE_PRIOR_GAP,current_state+prior_send_bucket+recent_send_gap_bucket,Disb,,4_PLUS,1D_3D,,3765,active_application_day,1045,0.2775564409030544,1179,2586,0.3299406276505513,0.2536736272235112,0.0762670004270401,PASS,proven PL active application-days within observed lifecycle,"P(SEND | active daily decision opportunity, conditioning keys)",STATE_AGE_PRIOR_GAP -> STATE_AGE_GAP -> STATE_PRIOR_GAP -> STATE_GAP -> AGE_PRIOR_GAP -> AGE_GAP -> ORIGIN_GAP -> GAP -> STATE_AGE_PRIOR -> STATE_AGE -> STATE_PRIOR -> STATE -> AGE_PRIOR -> AGE -> ORIGIN -> GLOBAL,"2026-03-01 through 2026-04-30; no May, simulated, or synthetic rows"
STATE_PRIOR_GAP,current_state+prior_send_bucket+recent_send_gap_bucket,Disb,,4_PLUS,3D_7D,,2722,active_application_day,672,0.2468772961058045,736,1986,0.24592391304347827,0.2472306143001007,0.001306701256622439,PASS,proven PL active application-days within observed lifecycle,"P(SEND | active daily decision opportunity, conditioning keys)",STATE_AGE_PRIOR_GAP -> STATE_AGE_GAP -> STATE_PRIOR_GAP -> STATE_GAP -> AGE_PRIOR_GAP -> AGE_GAP -> ORIGIN_GAP -> GAP -> STATE_AGE_PRIOR -> STATE_AGE -> STATE_PRIOR -> STATE -> AGE_PRIOR -> AGE -> ORIGIN -> GLOBAL,"2026-03-01 through 2026-04-30; no May, simulated, or synthetic rows"
STATE_PRIOR_GAP,current_state+prior_send_bucket+recent_send_gap_bucket,Disb,,4_PLUS,7D_PLUS,,1091,active_application_day,157,0.1439046746104491,229,862,0.2052401746724891,0.12761020881670534,0.07762996585578374,PASS,proven PL active application-days within observed lifecycle,"P(SEND | active daily decision opportunity, conditioning keys)",STATE_AGE_PRIOR_GAP -> STATE_AGE_GAP -> STATE_PRIOR_GAP -> STATE_GAP -> AGE_PRIOR_GAP -> AGE_GAP -> ORIGIN_GAP -> GAP -> STATE_AGE_PRIOR -> STATE_AGE -> STATE_PRIOR -> STATE -> AGE_PRIOR -> AGE -> ORIGIN -> GLOBAL,"2026-03-01 through 2026-04-30; no May, simulated, or synthetic rows"
STATE_PRIOR_GAP,current_state+prior_send_bucket+recent_send_gap_bucket,Disb,,4_PLUS,LT_1D,,3111,active_application_day,802,0.2577949212471874,1122,1989,0.26916221033868093,0.2513826043237808,0.01777960601490014,PASS,proven PL active application-days within observed lifecycle,"P(SEND | active daily decision opportunity, conditioning keys)",STATE_AGE_PRIOR_GAP -> STATE_AGE_GAP -> STATE_PRIOR_GAP -> STATE_GAP -> AGE_PRIOR_GAP -> AGE_GAP -> ORIGIN_GAP -> GAP -> STATE_AGE_PRIOR -> STATE_AGE -> STATE_PRIOR -> STATE -> AGE_PRIOR -> AGE -> ORIGIN -> GLOBAL,"2026-03-01 through 2026-04-30; no May, simulated, or synthetic rows"
STATE_PRIOR_GAP,current_state+prior_send_bucket+recent_send_gap_bucket,Form filled-Rejected,,0,NO_PRIOR_SEND,,1355,active_application_day,213,0.1571955719557195,750,605,0.16133333333333333,0.15206611570247933,0.009267217630854002,PASS,proven PL active application-days within observed lifecycle,"P(SEND | active daily decision opportunity, conditioning keys)",STATE_AGE_PRIOR_GAP -> STATE_AGE_GAP -> STATE_PRIOR_GAP -> STATE_GAP -> AGE_PRIOR_GAP -> AGE_GAP -> ORIGIN_GAP -> GAP -> STATE_AGE_PRIOR -> STATE_AGE -> STATE_PRIOR -> STATE -> AGE_PRIOR -> AGE -> ORIGIN -> GLOBAL,"2026-03-01 through 2026-04-30; no May, simulated, or synthetic rows"
STATE_PRIOR_GAP,current_state+prior_send_bucket+recent_send_gap_bucket,Form filled-Rejected,,1,7D_PLUS,,540,active_application_day,44,0.0814814814814814,380,160,0.09210526315789473,0.05625,0.03585526315789473,PASS,proven PL active application-days within observed lifecycle,"P(SEND | active daily decision opportunity, conditioning keys)",STATE_AGE_PRIOR_GAP -> STATE_AGE_GAP -> STATE_PRIOR_GAP -> STATE_GAP -> AGE_PRIOR_GAP -> AGE_GAP -> ORIGIN_GAP -> GAP -> STATE_AGE_PRIOR -> STATE_AGE -> STATE_PRIOR -> STATE -> AGE_PRIOR -> AGE -> ORIGIN -> GLOBAL,"2026-03-01 through 2026-04-30; no May, simulated, or synthetic rows"
STATE_PRIOR_GAP,current_state+prior_send_bucket+recent_send_gap_bucket,Form filled-Rejected,,2_3,1D_3D,,751,active_application_day,176,0.2343541944074567,469,282,0.21108742004264391,0.2730496453900709,0.061962225347427013,PASS,proven PL active application-days within observed lifecycle,"P(SEND | active daily decision opportunity, conditioning keys)",STATE_AGE_PRIOR_GAP -> STATE_AGE_GAP -> STATE_PRIOR_GAP -> STATE_GAP -> AGE_PRIOR_GAP -> AGE_GAP -> ORIGIN_GAP -> GAP -> STATE_AGE_PRIOR -> STATE_AGE -> STATE_PRIOR -> STATE -> AGE_PRIOR -> AGE -> ORIGIN -> GLOBAL,"2026-03-01 through 2026-04-30; no May, simulated, or synthetic rows"
STATE_PRIOR_GAP,current_state+prior_send_bucket+recent_send_gap_bucket,Form filled-Rejected,,2_3,3D_7D,,678,active_application_day,147,0.2168141592920354,462,216,0.20995670995670995,0.23148148148148148,0.02152477152477153,PASS,proven PL active application-days within observed lifecycle,"P(SEND | active daily decision opportunity, conditioning keys)",STATE_AGE_PRIOR_GAP -> STATE_AGE_GAP -> STATE_PRIOR_GAP -> STATE_GAP -> AGE_PRIOR_GAP -> AGE_GAP -> ORIGIN_GAP -> GAP -> STATE_AGE_PRIOR -> STATE_AGE -> STATE_PRIOR -> STATE -> AGE_PRIOR -> AGE -> ORIGIN -> GLOBAL,"2026-03-01 through 2026-04-30; no May, simulated, or synthetic rows"
STATE_PRIOR_GAP,current_state+prior_send_bucket+recent_send_gap_bucket,Form filled-Rejected,,2_3,7D_PLUS,,578,active_application_day,62,0.1072664359861591,346,232,0.11271676300578035,0.09913793103448276,0.013578831971297584,PASS,proven PL active application-days within observed lifecycle,"P(SEND | active daily decision opportunity, conditioning keys)",STATE_AGE_PRIOR_GAP -> STATE_AGE_GAP -> STATE_PRIOR_GAP -> STATE_GAP -> AGE_PRIOR_GAP -> AGE_GAP -> ORIGIN_GAP -> GAP -> STATE_AGE_PRIOR -> STATE_AGE -> STATE_PRIOR -> STATE -> AGE_PRIOR -> AGE -> ORIGIN -> GLOBAL,"2026-03-01 through 2026-04-30; no May, simulated, or synthetic rows"
STATE_PRIOR_GAP,current_state+prior_send_bucket+recent_send_gap_bucket,Form filled-Rejected,,2_3,LT_1D,,619,active_application_day,182,0.2940226171243942,366,253,0.2650273224043716,0.3359683794466403,0.07094105704226872,PASS,proven PL active application-days within observed lifecycle,"P(SEND | active daily decision opportunity, conditioning keys)",STATE_AGE_PRIOR_GAP -> STATE_AGE_GAP -> STATE_PRIOR_GAP -> STATE_GAP -> AGE_PRIOR_GAP -> AGE_GAP -> ORIGIN_GAP -> GAP -> STATE_AGE_PRIOR -> STATE_AGE -> STATE_PRIOR -> STATE -> AGE_PRIOR -> AGE -> ORIGIN -> GLOBAL,"2026-03-01 through 2026-04-30; no May, simulated, or synthetic rows"
STATE_PRIOR_GAP,current_state+prior_send_bucket+recent_send_gap_bucket,Form filled-Rejected,,4_PLUS,1D_3D,,2614,active_application_day,781,0.2987758224942616,1144,1470,0.291958041958042,0.3040816326530612,0.012123590695019226,PASS,proven PL active application-days within observed lifecycle,"P(SEND | active daily decision opportunity, conditioning keys)",STATE_AGE_PRIOR_GAP -> STATE_AGE_GAP -> STATE_PRIOR_GAP -> STATE_GAP -> AGE_PRIOR_GAP -> AGE_GAP -> ORIGIN_GAP -> GAP -> STATE_AGE_PRIOR -> STATE_AGE -> STATE_PRIOR -> STATE -> AGE_PRIOR -> AGE -> ORIGIN -> GLOBAL,"2026-03-01 through 2026-04-30; no May, simulated, or synthetic rows"
STATE_PRIOR_GAP,current_state+prior_send_bucket+recent_send_gap_bucket,Form filled-Rejected,,4_PLUS,3D_7D,,1625,active_application_day,478,0.2941538461538461,808,817,0.3056930693069307,0.2827417380660955,0.022951331240835204,PASS,proven PL active application-days within observed lifecycle,"P(SEND | active daily decision opportunity, conditioning keys)",STATE_AGE_PRIOR_GAP -> STATE_AGE_GAP -> STATE_PRIOR_GAP -> STATE_GAP -> AGE_PRIOR_GAP -> AGE_GAP -> ORIGIN_GAP -> GAP -> STATE_AGE_PRIOR -> STATE_AGE -> STATE_PRIOR -> STATE -> AGE_PRIOR -> AGE -> ORIGIN -> GLOBAL,"2026-03-01 through 2026-04-30; no May, simulated, or synthetic rows"
STATE_PRIOR_GAP,current_state+prior_send_bucket+recent_send_gap_bucket,Form filled-Rejected,,4_PLUS,LT_1D,,2360,active_application_day,729,0.3088983050847457,1068,1292,0.3192883895131086,0.30030959752321984,0.018978791989888777,PASS,proven PL active application-days within observed lifecycle,"P(SEND | active daily decision opportunity, conditioning keys)",STATE_AGE_PRIOR_GAP -> STATE_AGE_GAP -> STATE_PRIOR_GAP -> STATE_GAP -> AGE_PRIOR_GAP -> AGE_GAP -> ORIGIN_GAP -> GAP -> STATE_AGE_PRIOR -> STATE_AGE -> STATE_PRIOR -> STATE -> AGE_PRIOR -> AGE -> ORIGIN -> GLOBAL,"2026-03-01 through 2026-04-30; no May, simulated, or synthetic rows"
STATE_PRIOR_GAP,current_state+prior_send_bucket+recent_send_gap_bucket,Journey Close,,0,NO_PRIOR_SEND,,783,active_application_day,50,0.0638569604086845,340,443,0.061764705882352944,0.0654627539503386,0.0036980480679856542,PASS,proven PL active application-days within observed lifecycle,"P(SEND | active daily decision opportunity, conditioning keys)",STATE_AGE_PRIOR_GAP -> STATE_AGE_GAP -> STATE_PRIOR_GAP -> STATE_GAP -> AGE_PRIOR_GAP -> AGE_GAP -> ORIGIN_GAP -> GAP -> STATE_AGE_PRIOR -> STATE_AGE -> STATE_PRIOR -> STATE -> AGE_PRIOR -> AGE -> ORIGIN -> GLOBAL,"2026-03-01 through 2026-04-30; no May, simulated, or synthetic rows"
STATE_PRIOR_GAP,current_state+prior_send_bucket+recent_send_gap_bucket,Journey Close,,4_PLUS,1D_3D,,1203,active_application_day,348,0.2892768079800499,441,762,0.2811791383219955,0.29396325459317585,0.012784116271180368,PASS,proven PL active application-days within observed lifecycle,"P(SEND | active daily decision opportunity, conditioning keys)",STATE_AGE_PRIOR_GAP -> STATE_AGE_GAP -> STATE_PRIOR_GAP -> STATE_GAP -> AGE_PRIOR_GAP -> AGE_GAP -> ORIGIN_GAP -> GAP -> STATE_AGE_PRIOR -> STATE_AGE -> STATE_PRIOR -> STATE -> AGE_PRIOR -> AGE -> ORIGIN -> GLOBAL,"2026-03-01 through 2026-04-30; no May, simulated, or synthetic rows"
STATE_PRIOR_GAP,current_state+prior_send_bucket+recent_send_gap_bucket,Journey Close,,4_PLUS,3D_7D,,749,active_application_day,224,0.2990654205607476,292,457,0.3287671232876712,0.2800875273522976,0.04867959593537363,PASS,proven PL active application-days within observed lifecycle,"P(SEND | active daily decision opportunity, conditioning keys)",STATE_AGE_PRIOR_GAP -> STATE_AGE_GAP -> STATE_PRIOR_GAP -> STATE_GAP -> AGE_PRIOR_GAP -> AGE_GAP -> ORIGIN_GAP -> GAP -> STATE_AGE_PRIOR -> STATE_AGE -> STATE_PRIOR -> STATE -> AGE_PRIOR -> AGE -> ORIGIN -> GLOBAL,"2026-03-01 through 2026-04-30; no May, simulated, or synthetic rows"
STATE_PRIOR_GAP,current_state+prior_send_bucket+recent_send_gap_bucket,Journey Close,,4_PLUS,LT_1D,,1114,active_application_day,390,0.3500897666068223,443,671,0.3747178329571106,0.33383010432190763,0.04088772863520296,PASS,proven PL active application-days within observed lifecycle,"P(SEND | active daily decision opportunity, conditioning keys)",STATE_AGE_PRIOR_GAP -> STATE_AGE_GAP -> STATE_PRIOR_GAP -> STATE_GAP -> AGE_PRIOR_GAP -> AGE_GAP -> ORIGIN_GAP -> GAP -> STATE_AGE_PRIOR -> STATE_AGE -> STATE_PRIOR -> STATE -> AGE_PRIOR -> AGE -> ORIGIN -> GLOBAL,"2026-03-01 through 2026-04-30; no May, simulated, or synthetic rows"
STATE_PRIOR_GAP,current_state+prior_send_bucket+recent_send_gap_bucket,Professional details,,0,NO_PRIOR_SEND,,16362,active_application_day,2265,0.1384305097176384,8354,8008,0.13717979411060569,0.13973526473526474,0.002555470624659051,PASS,proven PL active application-days within observed lifecycle,"P(SEND | active daily decision opportunity, conditioning keys)",STATE_AGE_PRIOR_GAP -> STATE_AGE_GAP -> STATE_PRIOR_GAP -> STATE_GAP -> AGE_PRIOR_GAP -> AGE_GAP -> ORIGIN_GAP -> GAP -> STATE_AGE_PRIOR -> STATE_AGE -> STATE_PRIOR -> STATE -> AGE_PRIOR -> AGE -> ORIGIN -> GLOBAL,"2026-03-01 through 2026-04-30; no May, simulated, or synthetic rows"
STATE_PRIOR_GAP,current_state+prior_send_bucket+recent_send_gap_bucket,Professional details,,1,1D_3D,,4728,active_application_day,766,0.1620135363790186,2575,2153,0.1774757281553398,0.14352066883418485,0.033955059321154946,PASS,proven PL active application-days within observed lifecycle,"P(SEND | active daily decision opportunity, conditioning keys)",STATE_AGE_PRIOR_GAP -> STATE_AGE_GAP -> STATE_PRIOR_GAP -> STATE_GAP -> AGE_PRIOR_GAP -> AGE_GAP -> ORIGIN_GAP -> GAP -> STATE_AGE_PRIOR -> STATE_AGE -> STATE_PRIOR -> STATE -> AGE_PRIOR -> AGE -> ORIGIN -> GLOBAL,"2026-03-01 through 2026-04-30; no May, simulated, or synthetic rows"
STATE_PRIOR_GAP,current_state+prior_send_bucket+recent_send_gap_bucket,Professional details,,1,3D_7D,,5903,active_application_day,961,0.1627985769947484,3069,2834,0.17367220593027044,0.15102328863796755,0.022648917292302895,PASS,proven PL active application-days within observed lifecycle,"P(SEND | active daily decision opportunity, conditioning keys)",STATE_AGE_PRIOR_GAP -> STATE_AGE_GAP -> STATE_PRIOR_GAP -> STATE_GAP -> AGE_PRIOR_GAP -> AGE_GAP -> ORIGIN_GAP -> GAP -> STATE_AGE_PRIOR -> STATE_AGE -> STATE_PRIOR -> STATE -> AGE_PRIOR -> AGE -> ORIGIN -> GLOBAL,"2026-03-01 through 2026-04-30; no May, simulated, or synthetic rows"
STATE_PRIOR_GAP,current_state+prior_send_bucket+recent_send_gap_bucket,Professional details,,1,7D_PLUS,,6615,active_application_day,536,0.0810279667422524,3458,3157,0.07807981492192019,0.08425720620842572,0.006177391286505532,PASS,proven PL active application-days within observed lifecycle,"P(SEND | active daily decision opportunity, conditioning keys)",STATE_AGE_PRIOR_GAP -> STATE_AGE_GAP -> STATE_PRIOR_GAP -> STATE_GAP -> AGE_PRIOR_GAP -> AGE_GAP -> ORIGIN_GAP -> GAP -> STATE_AGE_PRIOR -> STATE_AGE -> STATE_PRIOR -> STATE -> AGE_PRIOR -> AGE -> ORIGIN -> GLOBAL,"2026-03-01 through 2026-04-30; no May, simulated, or synthetic rows"
STATE_PRIOR_GAP,current_state+prior_send_bucket+recent_send_gap_bucket,Professional details,,1,LT_1D,,3092,active_application_day,502,0.1623544631306597,1676,1416,0.14498806682577567,0.182909604519774,0.037921537693998336,PASS,proven PL active application-days within observed lifecycle,"P(SEND | active daily decision opportunity, conditioning keys)",STATE_AGE_PRIOR_GAP -> STATE_AGE_GAP -> STATE_PRIOR_GAP -> STATE_GAP -> AGE_PRIOR_GAP -> AGE_GAP -> ORIGIN_GAP -> GAP -> STATE_AGE_PRIOR -> STATE_AGE -> STATE_PRIOR -> STATE -> AGE_PRIOR -> AGE -> ORIGIN -> GLOBAL,"2026-03-01 through 2026-04-30; no May, simulated, or synthetic rows"
STATE_PRIOR_GAP,current_state+prior_send_bucket+recent_send_gap_bucket,Professional details,,2_3,1D_3D,,8374,active_application_day,1448,0.1729161690948173,4038,4336,0.21074789499752353,0.13768450184501846,0.07306339315250507,PASS,proven PL active application-days within observed lifecycle,"P(SEND | active daily decision opportunity, conditioning keys)",STATE_AGE_PRIOR_GAP -> STATE_AGE_GAP -> STATE_PRIOR_GAP -> STATE_GAP -> AGE_PRIOR_GAP -> AGE_GAP -> ORIGIN_GAP -> GAP -> STATE_AGE_PRIOR -> STATE_AGE -> STATE_PRIOR -> STATE -> AGE_PRIOR -> AGE -> ORIGIN -> GLOBAL,"2026-03-01 through 2026-04-30; no May, simulated, or synthetic rows"
STATE_PRIOR_GAP,current_state+prior_send_bucket+recent_send_gap_bucket,Professional details,,2_3,3D_7D,,9868,active_application_day,1187,0.1202877989460883,4425,5443,0.13175141242937854,0.11096821605732134,0.02078319637205721,PASS,proven PL active application-days within observed lifecycle,"P(SEND | active daily decision opportunity, conditioning keys)",STATE_AGE_PRIOR_GAP -> STATE_AGE_GAP -> STATE_PRIOR_GAP -> STATE_GAP -> AGE_PRIOR_GAP -> AGE_GAP -> ORIGIN_GAP -> GAP -> STATE_AGE_PRIOR -> STATE_AGE -> STATE_PRIOR -> STATE -> AGE_PRIOR -> AGE -> ORIGIN -> GLOBAL,"2026-03-01 through 2026-04-30; no May, simulated, or synthetic rows"
STATE_PRIOR_GAP,current_state+prior_send_bucket+recent_send_gap_bucket,Professional details,,2_3,7D_PLUS,,10738,active_application_day,1051,0.0978766995716148,5300,5438,0.09981132075471698,0.09599117322545053,0.003820147529266446,PASS,proven PL active application-days within observed lifecycle,"P(SEND | active daily decision opportunity, conditioning keys)",STATE_AGE_PRIOR_GAP -> STATE_AGE_GAP -> STATE_PRIOR_GAP -> STATE_GAP -> AGE_PRIOR_GAP -> AGE_GAP -> ORIGIN_GAP -> GAP -> STATE_AGE_PRIOR -> STATE_AGE -> STATE_PRIOR -> STATE -> AGE_PRIOR -> AGE -> ORIGIN -> GLOBAL,"2026-03-01 through 2026-04-30; no May, simulated, or synthetic rows"
STATE_PRIOR_GAP,current_state+prior_send_bucket+recent_send_gap_bucket,Professional details,,2_3,LT_1D,,5857,active_application_day,1157,0.1975414034488646,2924,2933,0.22229822161422708,0.17286055233549266,0.049437669278734414,PASS,proven PL active application-days within observed lifecycle,"P(SEND | active daily decision opportunity, conditioning keys)",STATE_AGE_PRIOR_GAP -> STATE_AGE_GAP -> STATE_PRIOR_GAP -> STATE_GAP -> AGE_PRIOR_GAP -> AGE_GAP -> ORIGIN_GAP -> GAP -> STATE_AGE_PRIOR -> STATE_AGE -> STATE_PRIOR -> STATE -> AGE_PRIOR -> AGE -> ORIGIN -> GLOBAL,"2026-03-01 through 2026-04-30; no May, simulated, or synthetic rows"
STATE_PRIOR_GAP,current_state+prior_send_bucket+recent_send_gap_bucket,Professional details,,4_PLUS,1D_3D,,16281,active_application_day,3787,0.2326024199987715,6605,9676,0.24405753217259651,0.22478296816866475,0.019274564003931766,PASS,proven PL active application-days within observed lifecycle,"P(SEND | active daily decision opportunity, conditioning keys)",STATE_AGE_PRIOR_GAP -> STATE_AGE_GAP -> STATE_PRIOR_GAP -> STATE_GAP -> AGE_PRIOR_GAP -> AGE_GAP -> ORIGIN_GAP -> GAP -> STATE_AGE_PRIOR -> STATE_AGE -> STATE_PRIOR -> STATE -> AGE_PRIOR -> AGE -> ORIGIN -> GLOBAL,"2026-03-01 through 2026-04-30; no May, simulated, or synthetic rows"
STATE_PRIOR_GAP,current_state+prior_send_bucket+recent_send_gap_bucket,Professional details,,4_PLUS,3D_7D,,13389,active_application_day,2612,0.1950855179625065,6100,7289,0.20950819672131146,0.18301550281245713,0.026492693908854337,PASS,proven PL active application-days within observed lifecycle,"P(SEND | active daily decision opportunity, conditioning keys)",STATE_AGE_PRIOR_GAP -> STATE_AGE_GAP -> STATE_PRIOR_GAP -> STATE_GAP -> AGE_PRIOR_GAP -> AGE_GAP -> ORIGIN_GAP -> GAP -> STATE_AGE_PRIOR -> STATE_AGE -> STATE_PRIOR -> STATE -> AGE_PRIOR -> AGE -> ORIGIN -> GLOBAL,"2026-03-01 through 2026-04-30; no May, simulated, or synthetic rows"
STATE_PRIOR_GAP,current_state+prior_send_bucket+recent_send_gap_bucket,Professional details,,4_PLUS,7D_PLUS,,7142,active_application_day,1011,0.1415569868384206,3225,3917,0.1826356589147287,0.1077355118713301,0.07490014704339859,PASS,proven PL active application-days within observed lifecycle,"P(SEND | active daily decision opportunity, conditioning keys)",STATE_AGE_PRIOR_GAP -> STATE_AGE_GAP -> STATE_PRIOR_GAP -> STATE_GAP -> AGE_PRIOR_GAP -> AGE_GAP -> ORIGIN_GAP -> GAP -> STATE_AGE_PRIOR -> STATE_AGE -> STATE_PRIOR -> STATE -> AGE_PRIOR -> AGE -> ORIGIN -> GLOBAL,"2026-03-01 through 2026-04-30; no May, simulated, or synthetic rows"
STATE_PRIOR_GAP,current_state+prior_send_bucket+recent_send_gap_bucket,Professional details,,4_PLUS,LT_1D,,13071,active_application_day,3202,0.2449697804299594,5584,7487,0.269878223495702,0.2263924135167624,0.04348580997893961,PASS,proven PL active application-days within observed lifecycle,"P(SEND | active daily decision opportunity, conditioning keys)",STATE_AGE_PRIOR_GAP -> STATE_AGE_GAP -> STATE_PRIOR_GAP -> STATE_GAP -> AGE_PRIOR_GAP -> AGE_GAP -> ORIGIN_GAP -> GAP -> STATE_AGE_PRIOR -> STATE_AGE -> STATE_PRIOR -> STATE -> AGE_PRIOR -> AGE -> ORIGIN -> GLOBAL,"2026-03-01 through 2026-04-30; no May, simulated, or synthetic rows"
STATE_PRIOR_GAP,current_state+prior_send_bucket+recent_send_gap_bucket,listing,,0,NO_PRIOR_SEND,,59746,active_application_day,8125,0.1359923676898871,34813,24933,0.1217648579553615,0.15585769863233465,0.03409284067697314,PASS,proven PL active application-days within observed lifecycle,"P(SEND | active daily decision opportunity, conditioning keys)",STATE_AGE_PRIOR_GAP -> STATE_AGE_GAP -> STATE_PRIOR_GAP -> STATE_GAP -> AGE_PRIOR_GAP -> AGE_GAP -> ORIGIN_GAP -> GAP -> STATE_AGE_PRIOR -> STATE_AGE -> STATE_PRIOR -> STATE -> AGE_PRIOR -> AGE -> ORIGIN -> GLOBAL,"2026-03-01 through 2026-04-30; no May, simulated, or synthetic rows"
STATE_PRIOR_GAP,current_state+prior_send_bucket+recent_send_gap_bucket,listing,,1,3D_7D,,17001,active_application_day,2574,0.1514028586553732,11518,5483,0.13457197430109394,0.1867590734999088,0.05218709919881487,PASS,proven PL active application-days within observed lifecycle,"P(SEND | active daily decision opportunity, conditioning keys)",STATE_AGE_PRIOR_GAP -> STATE_AGE_GAP -> STATE_PRIOR_GAP -> STATE_GAP -> AGE_PRIOR_GAP -> AGE_GAP -> ORIGIN_GAP -> GAP -> STATE_AGE_PRIOR -> STATE_AGE -> STATE_PRIOR -> STATE -> AGE_PRIOR -> AGE -> ORIGIN -> GLOBAL,"2026-03-01 through 2026-04-30; no May, simulated, or synthetic rows"
STATE_PRIOR_GAP,current_state+prior_send_bucket+recent_send_gap_bucket,listing,,1,7D_PLUS,,26738,active_application_day,2049,0.0766325080409903,16696,10042,0.0813967417345472,0.0687114120693089,0.01268532966523829,PASS,proven PL active application-days within observed lifecycle,"P(SEND | active daily decision opportunity, conditioning keys)",STATE_AGE_PRIOR_GAP -> STATE_AGE_GAP -> STATE_PRIOR_GAP -> STATE_GAP -> AGE_PRIOR_GAP -> AGE_GAP -> ORIGIN_GAP -> GAP -> STATE_AGE_PRIOR -> STATE_AGE -> STATE_PRIOR -> STATE -> AGE_PRIOR -> AGE -> ORIGIN -> GLOBAL,"2026-03-01 through 2026-04-30; no May, simulated, or synthetic rows"
STATE_PRIOR_GAP,current_state+prior_send_bucket+recent_send_gap_bucket,listing,,1,LT_1D,,11713,active_application_day,2647,0.2259882182190728,6541,5172,0.20501452377312337,0.2525135344160866,0.04749901064296322,PASS,proven PL active application-days within observed lifecycle,"P(SEND | active daily decision opportunity, conditioning keys)",STATE_AGE_PRIOR_GAP -> STATE_AGE_GAP -> STATE_PRIOR_GAP -> STATE_GAP -> AGE_PRIOR_GAP -> AGE_GAP -> ORIGIN_GAP -> GAP -> STATE_AGE_PRIOR -> STATE_AGE -> STATE_PRIOR -> STATE -> AGE_PRIOR -> AGE -> ORIGIN -> GLOBAL,"2026-03-01 through 2026-04-30; no May, simulated, or synthetic rows"
STATE_PRIOR_GAP,current_state+prior_send_bucket+recent_send_gap_bucket,listing,,2_3,1D_3D,,32769,active_application_day,6428,0.1961610058286795,17845,14924,0.16850658447744465,0.22922808898418653,0.06072150450674188,PASS,proven PL active application-days within observed lifecycle,"P(SEND | active daily decision opportunity, conditioning keys)",STATE_AGE_PRIOR_GAP -> STATE_AGE_GAP -> STATE_PRIOR_GAP -> STATE_GAP -> AGE_PRIOR_GAP -> AGE_GAP -> ORIGIN_GAP -> GAP -> STATE_AGE_PRIOR -> STATE_AGE -> STATE_PRIOR -> STATE -> AGE_PRIOR -> AGE -> ORIGIN -> GLOBAL,"2026-03-01 through 2026-04-30; no May, simulated, or synthetic rows"
STATE_PRIOR_GAP,current_state+prior_send_bucket+recent_send_gap_bucket,listing,,2_3,3D_7D,,32714,active_application_day,5776,0.1765604939781133,20029,12685,0.16605921413949773,0.19314150571541192,0.027082291575914186,PASS,proven PL active application-days within observed lifecycle,"P(SEND | active daily decision opportunity, conditioning keys)",STATE_AGE_PRIOR_GAP -> STATE_AGE_GAP -> STATE_PRIOR_GAP -> STATE_GAP -> AGE_PRIOR_GAP -> AGE_GAP -> ORIGIN_GAP -> GAP -> STATE_AGE_PRIOR -> STATE_AGE -> STATE_PRIOR -> STATE -> AGE_PRIOR -> AGE -> ORIGIN -> GLOBAL,"2026-03-01 through 2026-04-30; no May, simulated, or synthetic rows"
STATE_PRIOR_GAP,current_state+prior_send_bucket+recent_send_gap_bucket,listing,,2_3,7D_PLUS,,34350,active_application_day,3632,0.1057350800582241,18154,16196,0.12096507656714774,0.08866386762163497,0.03230120894551276,PASS,proven PL active application-days within observed lifecycle,"P(SEND | active daily decision opportunity, conditioning keys)",STATE_AGE_PRIOR_GAP -> STATE_AGE_GAP -> STATE_PRIOR_GAP -> STATE_GAP -> AGE_PRIOR_GAP -> AGE_GAP -> ORIGIN_GAP -> GAP -> STATE_AGE_PRIOR -> STATE_AGE -> STATE_PRIOR -> STATE -> AGE_PRIOR -> AGE -> ORIGIN -> GLOBAL,"2026-03-01 through 2026-04-30; no May, simulated, or synthetic rows"
STATE_PRIOR_GAP,current_state+prior_send_bucket+recent_send_gap_bucket,listing,,2_3,LT_1D,,24859,active_application_day,6376,0.2564865843356531,13227,11632,0.24427307779541846,0.2703748280605227,0.02610175026510425,PASS,proven PL active application-days within observed lifecycle,"P(SEND | active daily decision opportunity, conditioning keys)",STATE_AGE_PRIOR_GAP -> STATE_AGE_GAP -> STATE_PRIOR_GAP -> STATE_GAP -> AGE_PRIOR_GAP -> AGE_GAP -> ORIGIN_GAP -> GAP -> STATE_AGE_PRIOR -> STATE_AGE -> STATE_PRIOR -> STATE -> AGE_PRIOR -> AGE -> ORIGIN -> GLOBAL,"2026-03-01 through 2026-04-30; no May, simulated, or synthetic rows"
STATE_PRIOR_GAP,current_state+prior_send_bucket+recent_send_gap_bucket,listing,,4_PLUS,1D_3D,,93352,active_application_day,23550,0.2522709743765532,38457,54895,0.2417765296304964,0.2596229164769105,0.017846386846414097,PASS,proven PL active application-days within observed lifecycle,"P(SEND | active daily decision opportunity, conditioning keys)",STATE_AGE_PRIOR_GAP -> STATE_AGE_GAP -> STATE_PRIOR_GAP -> STATE_GAP -> AGE_PRIOR_GAP -> AGE_GAP -> ORIGIN_GAP -> GAP -> STATE_AGE_PRIOR -> STATE_AGE -> STATE_PRIOR -> STATE -> AGE_PRIOR -> AGE -> ORIGIN -> GLOBAL,"2026-03-01 through 2026-04-30; no May, simulated, or synthetic rows"
STATE_PRIOR_GAP,current_state+prior_send_bucket+recent_send_gap_bucket,listing,,4_PLUS,3D_7D,,66744,active_application_day,17058,0.2555735346997483,32800,33944,0.23384146341463416,0.2765731793542305,0.04273171593959632,PASS,proven PL active application-days within observed lifecycle,"P(SEND | active daily decision opportunity, conditioning keys)",STATE_AGE_PRIOR_GAP -> STATE_AGE_GAP -> STATE_PRIOR_GAP -> STATE_GAP -> AGE_PRIOR_GAP -> AGE_GAP -> ORIGIN_GAP -> GAP -> STATE_AGE_PRIOR -> STATE_AGE -> STATE_PRIOR -> STATE -> AGE_PRIOR -> AGE -> ORIGIN -> GLOBAL,"2026-03-01 through 2026-04-30; no May, simulated, or synthetic rows"
STATE_PRIOR_GAP,current_state+prior_send_bucket+recent_send_gap_bucket,listing,,4_PLUS,7D_PLUS,,31537,active_application_day,4884,0.1548657132891524,14723,16814,0.17170413638524756,0.14012132746520756,0.031582808920040006,PASS,proven PL active application-days within observed lifecycle,"P(SEND | active daily decision opportunity, conditioning keys)",STATE_AGE_PRIOR_GAP -> STATE_AGE_GAP -> STATE_PRIOR_GAP -> STATE_GAP -> AGE_PRIOR_GAP -> AGE_GAP -> ORIGIN_GAP -> GAP -> STATE_AGE_PRIOR -> STATE_AGE -> STATE_PRIOR -> STATE -> AGE_PRIOR -> AGE -> ORIGIN -> GLOBAL,"2026-03-01 through 2026-04-30; no May, simulated, or synthetic rows"
STATE_PRIOR_GAP,current_state+prior_send_bucket+recent_send_gap_bucket,listing,,4_PLUS,LT_1D,,78057,active_application_day,21644,0.2772845484709891,33473,44584,0.26755892809129744,0.2845863987080567,0.017027470616759244,PASS,proven PL active application-days within observed lifecycle,"P(SEND | active daily decision opportunity, conditioning keys)",STATE_AGE_PRIOR_GAP -> STATE_AGE_GAP -> STATE_PRIOR_GAP -> STATE_GAP -> AGE_PRIOR_GAP -> AGE_GAP -> ORIGIN_GAP -> GAP -> STATE_AGE_PRIOR -> STATE_AGE -> STATE_PRIOR -> STATE -> AGE_PRIOR -> AGE -> ORIGIN -> GLOBAL,"2026-03-01 through 2026-04-30; no May, simulated, or synthetic rows"
