model_level,current_journey_stage,current_journey_substage,channel,time_bucket,prior_send_bucket,engagement_sequence,next_journey_substage,count,denominator,probability,march_support,april_support,temporal_tv
STATE_CHANNEL_TIME_PRIOR,,AIP Approved,GRCS,MORNING,0,NO_ENGAGEMENT,AIP Approved,28,367,0.07629427792915532,228,139,0.2255774327906096
STATE_CHANNEL_TIME_PRIOR,,AIP Approved,GRCS,MORNING,0,NO_ENGAGEMENT,Application Created,1,367,0.0027247956403269754,228,139,0.2255774327906096
STATE_CHANNEL_TIME_PRIOR,,AIP Approved,GRCS,MORNING,0,NO_ENGAGEMENT,Application OTP Verification,3,367,0.008174386920980926,228,139,0.2255774327906096
STATE_CHANNEL_TIME_PRIOR,,AIP Approved,GRCS,MORNING,0,NO_ENGAGEMENT,Application Resume,17,367,0.04632152588555858,228,139,0.2255774327906096
STATE_CHANNEL_TIME_PRIOR,,AIP Approved,GRCS,MORNING,0,NO_ENGAGEMENT,Bank Approval Pending,2,367,0.005449591280653951,228,139,0.2255774327906096
STATE_CHANNEL_TIME_PRIOR,,AIP Approved,GRCS,MORNING,0,NO_ENGAGEMENT,Bank Approved,7,367,0.01907356948228883,228,139,0.2255774327906096
STATE_CHANNEL_TIME_PRIOR,,AIP Approved,GRCS,MORNING,0,NO_ENGAGEMENT,Connection Error,14,367,0.03814713896457766,228,139,0.2255774327906096
STATE_CHANNEL_TIME_PRIOR,,AIP Approved,GRCS,MORNING,0,NO_ENGAGEMENT,Language Selection,3,367,0.008174386920980926,228,139,0.2255774327906096
STATE_CHANNEL_TIME_PRIOR,,AIP Approved,GRCS,MORNING,0,NO_ENGAGEMENT,NO_JOURNEY_RESPONSE,50,367,0.1362397820163488,228,139,0.2255774327906096
STATE_CHANNEL_TIME_PRIOR,,AIP Approved,GRCS,MORNING,0,NO_ENGAGEMENT,Product Selection,115,367,0.3133514986376022,228,139,0.2255774327906096
STATE_CHANNEL_TIME_PRIOR,,AIP Approved,GRCS,MORNING,0,NO_ENGAGEMENT,Professional Details Submission,2,367,0.005449591280653951,228,139,0.2255774327906096
STATE_CHANNEL_TIME_PRIOR,,AIP Approved,GRCS,MORNING,0,NO_ENGAGEMENT,listing,10,367,0.027247956403269755,228,139,0.2255774327906096
STATE_CHANNEL_TIME_PRIOR,,AIP Approved,GRCS,MORNING,0,campaign_clicked>campaign_open_read,Application Resume,4,367,0.010899182561307902,228,139,0.2255774327906096
STATE_CHANNEL_TIME_PRIOR,,AIP Approved,GRCS,MORNING,0,campaign_clicked>campaign_open_read,NO_JOURNEY_RESPONSE,4,367,0.010899182561307902,228,139,0.2255774327906096
STATE_CHANNEL_TIME_PRIOR,,AIP Approved,GRCS,MORNING,0,campaign_clicked>campaign_open_read,Product Selection,1,367,0.0027247956403269754,228,139,0.2255774327906096
STATE_CHANNEL_TIME_PRIOR,,AIP Approved,GRCS,MORNING,0,campaign_open_read,AIP Approved,8,367,0.021798365122615803,228,139,0.2255774327906096
STATE_CHANNEL_TIME_PRIOR,,AIP Approved,GRCS,MORNING,0,campaign_open_read,Application OTP Verification,1,367,0.0027247956403269754,228,139,0.2255774327906096
STATE_CHANNEL_TIME_PRIOR,,AIP Approved,GRCS,MORNING,0,campaign_open_read,Application Resume,34,367,0.09264305177111716,228,139,0.2255774327906096
STATE_CHANNEL_TIME_PRIOR,,AIP Approved,GRCS,MORNING,0,campaign_open_read,Bank Approved,6,367,0.01634877384196185,228,139,0.2255774327906096
STATE_CHANNEL_TIME_PRIOR,,AIP Approved,GRCS,MORNING,0,campaign_open_read,Connection Error,3,367,0.008174386920980926,228,139,0.2255774327906096
STATE_CHANNEL_TIME_PRIOR,,AIP Approved,GRCS,MORNING,0,campaign_open_read,Language Selection,1,367,0.0027247956403269754,228,139,0.2255774327906096
STATE_CHANNEL_TIME_PRIOR,,AIP Approved,GRCS,MORNING,0,campaign_open_read,NO_JOURNEY_RESPONSE,10,367,0.027247956403269755,228,139,0.2255774327906096
STATE_CHANNEL_TIME_PRIOR,,AIP Approved,GRCS,MORNING,0,campaign_open_read,Product Selection,17,367,0.04632152588555858,228,139,0.2255774327906096
STATE_CHANNEL_TIME_PRIOR,,AIP Approved,GRCS,MORNING,0,campaign_open_read,listing,2,367,0.005449591280653951,228,139,0.2255774327906096
STATE_CHANNEL_TIME_PRIOR,,AIP Approved,GRCS,MORNING,0,campaign_open_read>campaign_clicked,AIP Approved,2,367,0.005449591280653951,228,139,0.2255774327906096
STATE_CHANNEL_TIME_PRIOR,,AIP Approved,GRCS,MORNING,0,campaign_open_read>campaign_clicked,Application Resume,12,367,0.0326975476839237,228,139,0.2255774327906096
STATE_CHANNEL_TIME_PRIOR,,AIP Approved,GRCS,MORNING,0,campaign_open_read>campaign_clicked,Connection Error,1,367,0.0027247956403269754,228,139,0.2255774327906096
STATE_CHANNEL_TIME_PRIOR,,AIP Approved,GRCS,MORNING,0,campaign_open_read>campaign_clicked,NO_JOURNEY_RESPONSE,5,367,0.013623978201634877,228,139,0.2255774327906096
STATE_CHANNEL_TIME_PRIOR,,AIP Approved,GRCS,MORNING,0,campaign_open_read>campaign_clicked,Product Selection,4,367,0.010899182561307902,228,139,0.2255774327906096
STATE_CHANNEL_TIME_PRIOR,,Application created/Login,GRCS,MORNING,2_PLUS,NO_ENGAGEMENT,NO_JOURNEY_RESPONSE,347,697,0.49784791965566716,253,444,0.02284300110387069
STATE_CHANNEL_TIME_PRIOR,,Application created/Login,GRCS,MORNING,2_PLUS,campaign_clicked>campaign_open_read,NO_JOURNEY_RESPONSE,1,697,0.0014347202295552368,253,444,0.02284300110387069
STATE_CHANNEL_TIME_PRIOR,,Application created/Login,GRCS,MORNING,2_PLUS,campaign_open_read,NO_JOURNEY_RESPONSE,345,697,0.4949784791965567,253,444,0.02284300110387069
STATE_CHANNEL_TIME_PRIOR,,Application created/Login,GRCS,MORNING,2_PLUS,campaign_open_read>campaign_clicked,NO_JOURNEY_RESPONSE,4,697,0.005738880918220947,253,444,0.02284300110387069
STATE_CHANNEL_TIME_PRIOR,,Application created/Login,SMS,AFTERNOON,2_PLUS,NO_ENGAGEMENT,NO_JOURNEY_RESPONSE,1109,1142,0.9711033274956217,728,414,0.0036497319106014742
STATE_CHANNEL_TIME_PRIOR,,Application created/Login,SMS,AFTERNOON,2_PLUS,campaign_clicked,NO_JOURNEY_RESPONSE,33,1142,0.028896672504378284,728,414,0.0036497319106014742
STATE_CHANNEL_TIME_PRIOR,,Application created/Login,SMS,MORNING,2_PLUS,NO_ENGAGEMENT,NO_JOURNEY_RESPONSE,737,869,0.8481012658227848,448,421,0.037092806243637616
STATE_CHANNEL_TIME_PRIOR,,Application created/Login,SMS,MORNING,2_PLUS,campaign_clicked,NO_JOURNEY_RESPONSE,132,869,0.1518987341772152,448,421,0.037092806243637616
STATE_CHANNEL_TIME_PRIOR,,Application created/Login,WA,AFTERNOON,2_PLUS,NO_ENGAGEMENT,NO_JOURNEY_RESPONSE,98,537,0.1824953445065177,349,188,0.18258855087484002
STATE_CHANNEL_TIME_PRIOR,,Application created/Login,WA,AFTERNOON,2_PLUS,campaign_clicked>campaign_open_read,NO_JOURNEY_RESPONSE,12,537,0.0223463687150838,349,188,0.18258855087484002
STATE_CHANNEL_TIME_PRIOR,,Application created/Login,WA,AFTERNOON,2_PLUS,campaign_open_read,Application Resume,1,537,0.00186219739292365,349,188,0.18258855087484002
STATE_CHANNEL_TIME_PRIOR,,Application created/Login,WA,AFTERNOON,2_PLUS,campaign_open_read,NO_JOURNEY_RESPONSE,421,537,0.7839851024208566,349,188,0.18258855087484002
STATE_CHANNEL_TIME_PRIOR,,Application created/Login,WA,AFTERNOON,2_PLUS,campaign_open_read>campaign_clicked,NO_JOURNEY_RESPONSE,5,537,0.00931098696461825,349,188,0.18258855087484002
STATE_CHANNEL_TIME_PRIOR,,Professional details,GRCS,AFTERNOON,2_PLUS,NO_ENGAGEMENT,Application OTP Verification,2,984,0.0020325203252032522,254,730,0.1233416028475893
STATE_CHANNEL_TIME_PRIOR,,Professional details,GRCS,AFTERNOON,2_PLUS,NO_ENGAGEMENT,Application Resume,2,984,0.0020325203252032522,254,730,0.1233416028475893
STATE_CHANNEL_TIME_PRIOR,,Professional details,GRCS,AFTERNOON,2_PLUS,NO_ENGAGEMENT,NO_JOURNEY_RESPONSE,238,984,0.241869918699187,254,730,0.1233416028475893
STATE_CHANNEL_TIME_PRIOR,,Professional details,GRCS,AFTERNOON,2_PLUS,campaign_clicked>campaign_open_read,NO_JOURNEY_RESPONSE,6,984,0.006097560975609756,254,730,0.1233416028475893
STATE_CHANNEL_TIME_PRIOR,,Professional details,GRCS,AFTERNOON,2_PLUS,campaign_open_read,Application Resume,1,984,0.0010162601626016261,254,730,0.1233416028475893
STATE_CHANNEL_TIME_PRIOR,,Professional details,GRCS,AFTERNOON,2_PLUS,campaign_open_read,NO_JOURNEY_RESPONSE,715,984,0.7266260162601627,254,730,0.1233416028475893
STATE_CHANNEL_TIME_PRIOR,,Professional details,GRCS,AFTERNOON,2_PLUS,campaign_open_read>campaign_clicked,Application Resume,2,984,0.0020325203252032522,254,730,0.1233416028475893
STATE_CHANNEL_TIME_PRIOR,,Professional details,GRCS,AFTERNOON,2_PLUS,campaign_open_read>campaign_clicked,NO_JOURNEY_RESPONSE,18,984,0.018292682926829267,254,730,0.1233416028475893
STATE_CHANNEL_TIME_PRIOR,,Professional details,GRCS,MORNING,0,NO_ENGAGEMENT,Application OTP Verification,2,410,0.004878048780487805,288,122,0.09232695810564664
STATE_CHANNEL_TIME_PRIOR,,Professional details,GRCS,MORNING,0,NO_ENGAGEMENT,Application Resume,4,410,0.00975609756097561,288,122,0.09232695810564664
STATE_CHANNEL_TIME_PRIOR,,Professional details,GRCS,MORNING,0,NO_ENGAGEMENT,Language Selection,1,410,0.0024390243902439024,288,122,0.09232695810564664
STATE_CHANNEL_TIME_PRIOR,,Professional details,GRCS,MORNING,0,NO_ENGAGEMENT,NO_JOURNEY_RESPONSE,119,410,0.29024390243902437,288,122,0.09232695810564664
STATE_CHANNEL_TIME_PRIOR,,Professional details,GRCS,MORNING,0,campaign_clicked>campaign_open_read,Application Resume,2,410,0.004878048780487805,288,122,0.09232695810564664
STATE_CHANNEL_TIME_PRIOR,,Professional details,GRCS,MORNING,0,campaign_clicked>campaign_open_read,NO_JOURNEY_RESPONSE,21,410,0.05121951219512195,288,122,0.09232695810564664
STATE_CHANNEL_TIME_PRIOR,,Professional details,GRCS,MORNING,0,campaign_open_read,Application OTP Verification,2,410,0.004878048780487805,288,122,0.09232695810564664
STATE_CHANNEL_TIME_PRIOR,,Professional details,GRCS,MORNING,0,campaign_open_read,Application Resume,1,410,0.0024390243902439024,288,122,0.09232695810564664
STATE_CHANNEL_TIME_PRIOR,,Professional details,GRCS,MORNING,0,campaign_open_read,Journey Close,1,410,0.0024390243902439024,288,122,0.09232695810564664
STATE_CHANNEL_TIME_PRIOR,,Professional details,GRCS,MORNING,0,campaign_open_read,Language Selection,1,410,0.0024390243902439024,288,122,0.09232695810564664
STATE_CHANNEL_TIME_PRIOR,,Professional details,GRCS,MORNING,0,campaign_open_read,NO_JOURNEY_RESPONSE,238,410,0.5804878048780487,288,122,0.09232695810564664
STATE_CHANNEL_TIME_PRIOR,,Professional details,GRCS,MORNING,0,campaign_open_read>campaign_clicked,NO_JOURNEY_RESPONSE,18,410,0.04390243902439024,288,122,0.09232695810564664
STATE_CHANNEL_TIME_PRIOR,,Professional details,GRCS,MORNING,2_PLUS,NO_ENGAGEMENT,Application OTP Verification,3,1244,0.002411575562700965,378,866,0.2598885589647714
STATE_CHANNEL_TIME_PRIOR,,Professional details,GRCS,MORNING,2_PLUS,NO_ENGAGEMENT,Application Resume,4,1244,0.003215434083601286,378,866,0.2598885589647714
STATE_CHANNEL_TIME_PRIOR,,Professional details,GRCS,MORNING,2_PLUS,NO_ENGAGEMENT,NO_JOURNEY_RESPONSE,535,1244,0.430064308681672,378,866,0.2598885589647714
STATE_CHANNEL_TIME_PRIOR,,Professional details,GRCS,MORNING,2_PLUS,campaign_clicked>campaign_open_read,Application Resume,1,1244,0.0008038585209003215,378,866,0.2598885589647714
STATE_CHANNEL_TIME_PRIOR,,Professional details,GRCS,MORNING,2_PLUS,campaign_clicked>campaign_open_read,NO_JOURNEY_RESPONSE,4,1244,0.003215434083601286,378,866,0.2598885589647714
STATE_CHANNEL_TIME_PRIOR,,Professional details,GRCS,MORNING,2_PLUS,campaign_open_read,NO_JOURNEY_RESPONSE,686,1244,0.5514469453376206,378,866,0.2598885589647714
STATE_CHANNEL_TIME_PRIOR,,Professional details,GRCS,MORNING,2_PLUS,campaign_open_read>campaign_clicked,Application OTP Verification,1,1244,0.0008038585209003215,378,866,0.2598885589647714
STATE_CHANNEL_TIME_PRIOR,,Professional details,GRCS,MORNING,2_PLUS,campaign_open_read>campaign_clicked,Application Resume,2,1244,0.001607717041800643,378,866,0.2598885589647714
STATE_CHANNEL_TIME_PRIOR,,Professional details,GRCS,MORNING,2_PLUS,campaign_open_read>campaign_clicked,NO_JOURNEY_RESPONSE,8,1244,0.006430868167202572,378,866,0.2598885589647714
STATE_CHANNEL_TIME_PRIOR,,Professional details,SMS,AFTERNOON,2_PLUS,NO_ENGAGEMENT,Application OTP Verification,1,1509,0.0006626905235255136,1032,477,0.016558188289210664
STATE_CHANNEL_TIME_PRIOR,,Professional details,SMS,AFTERNOON,2_PLUS,NO_ENGAGEMENT,Application Resume,5,1509,0.0033134526176275677,1032,477,0.016558188289210664
STATE_CHANNEL_TIME_PRIOR,,Professional details,SMS,AFTERNOON,2_PLUS,NO_ENGAGEMENT,NO_JOURNEY_RESPONSE,1441,1509,0.9549370444002651,1032,477,0.016558188289210664
STATE_CHANNEL_TIME_PRIOR,,Professional details,SMS,AFTERNOON,2_PLUS,campaign_clicked,Application Resume,2,1509,0.0013253810470510272,1032,477,0.016558188289210664
STATE_CHANNEL_TIME_PRIOR,,Professional details,SMS,AFTERNOON,2_PLUS,campaign_clicked,NO_JOURNEY_RESPONSE,60,1509,0.039761431411530816,1032,477,0.016558188289210664
STATE_CHANNEL_TIME_PRIOR,,Professional details,SMS,MORNING,2_PLUS,NO_ENGAGEMENT,Application OTP Verification,1,1173,0.0008525149190110827,623,550,0.035613599883262834
STATE_CHANNEL_TIME_PRIOR,,Professional details,SMS,MORNING,2_PLUS,NO_ENGAGEMENT,Application Resume,5,1173,0.004262574595055414,623,550,0.035613599883262834
STATE_CHANNEL_TIME_PRIOR,,Professional details,SMS,MORNING,2_PLUS,NO_ENGAGEMENT,NO_JOURNEY_RESPONSE,952,1173,0.8115942028985508,623,550,0.035613599883262834
STATE_CHANNEL_TIME_PRIOR,,Professional details,SMS,MORNING,2_PLUS,campaign_clicked,Application Created,1,1173,0.0008525149190110827,623,550,0.035613599883262834
STATE_CHANNEL_TIME_PRIOR,,Professional details,SMS,MORNING,2_PLUS,campaign_clicked,Application Resume,3,1173,0.0025575447570332483,623,550,0.035613599883262834
STATE_CHANNEL_TIME_PRIOR,,Professional details,SMS,MORNING,2_PLUS,campaign_clicked,NO_JOURNEY_RESPONSE,211,1173,0.17988064791133845,623,550,0.035613599883262834
STATE_CHANNEL_TIME_PRIOR,,Professional details,WA,AFTERNOON,2_PLUS,NO_ENGAGEMENT,Application Resume,3,722,0.004155124653739612,498,224,0.13538080895008603
STATE_CHANNEL_TIME_PRIOR,,Professional details,WA,AFTERNOON,2_PLUS,NO_ENGAGEMENT,NO_JOURNEY_RESPONSE,146,722,0.20221606648199447,498,224,0.13538080895008603
STATE_CHANNEL_TIME_PRIOR,,Professional details,WA,AFTERNOON,2_PLUS,campaign_clicked>campaign_open_read,NO_JOURNEY_RESPONSE,9,722,0.012465373961218837,498,224,0.13538080895008603
STATE_CHANNEL_TIME_PRIOR,,Professional details,WA,AFTERNOON,2_PLUS,campaign_open_read,Application Resume,2,722,0.002770083102493075,498,224,0.13538080895008603
STATE_CHANNEL_TIME_PRIOR,,Professional details,WA,AFTERNOON,2_PLUS,campaign_open_read,NO_JOURNEY_RESPONSE,546,722,0.7562326869806094,498,224,0.13538080895008603
STATE_CHANNEL_TIME_PRIOR,,Professional details,WA,AFTERNOON,2_PLUS,campaign_open_read>campaign_clicked,NO_JOURNEY_RESPONSE,16,722,0.0221606648199446,498,224,0.13538080895008603
STATE_CHANNEL_TIME_PRIOR,,listing,GRCS,AFTERNOON,0,NO_ENGAGEMENT,Application OTP Verification,1,1066,0.0009380863039399625,631,435,0.05725995956063173
STATE_CHANNEL_TIME_PRIOR,,listing,GRCS,AFTERNOON,0,NO_ENGAGEMENT,Connection Error,1,1066,0.0009380863039399625,631,435,0.05725995956063173
STATE_CHANNEL_TIME_PRIOR,,listing,GRCS,AFTERNOON,0,NO_ENGAGEMENT,Language Selection,1,1066,0.0009380863039399625,631,435,0.05725995956063173
STATE_CHANNEL_TIME_PRIOR,,listing,GRCS,AFTERNOON,0,NO_ENGAGEMENT,NO_JOURNEY_RESPONSE,360,1066,0.33771106941838647,631,435,0.05725995956063173
STATE_CHANNEL_TIME_PRIOR,,listing,GRCS,AFTERNOON,0,campaign_clicked>campaign_open_read,Application Resume,8,1066,0.0075046904315197,631,435,0.05725995956063173
STATE_CHANNEL_TIME_PRIOR,,listing,GRCS,AFTERNOON,0,campaign_clicked>campaign_open_read,Connection Error,1,1066,0.0009380863039399625,631,435,0.05725995956063173
STATE_CHANNEL_TIME_PRIOR,,listing,GRCS,AFTERNOON,0,campaign_clicked>campaign_open_read,NO_JOURNEY_RESPONSE,36,1066,0.03377110694183865,631,435,0.05725995956063173
STATE_CHANNEL_TIME_PRIOR,,listing,GRCS,AFTERNOON,0,campaign_open_read,Application OTP Verification,1,1066,0.0009380863039399625,631,435,0.05725995956063173
STATE_CHANNEL_TIME_PRIOR,,listing,GRCS,AFTERNOON,0,campaign_open_read,Application Resume,5,1066,0.004690431519699813,631,435,0.05725995956063173
STATE_CHANNEL_TIME_PRIOR,,listing,GRCS,AFTERNOON,0,campaign_open_read,NO_JOURNEY_RESPONSE,589,1066,0.5525328330206379,631,435,0.05725995956063173
STATE_CHANNEL_TIME_PRIOR,,listing,GRCS,AFTERNOON,0,campaign_open_read>campaign_clicked,Application Resume,7,1066,0.006566604127579738,631,435,0.05725995956063173
STATE_CHANNEL_TIME_PRIOR,,listing,GRCS,AFTERNOON,0,campaign_open_read>campaign_clicked,NO_JOURNEY_RESPONSE,55,1066,0.051594746716697934,631,435,0.05725995956063173
STATE_CHANNEL_TIME_PRIOR,,listing,GRCS,AFTERNOON,0,campaign_open_read>campaign_clicked,Professional Details Submission,1,1066,0.0009380863039399625,631,435,0.05725995956063173
STATE_CHANNEL_TIME_PRIOR,,listing,GRCS,AFTERNOON,1,NO_ENGAGEMENT,Application OTP Verification,2,943,0.0021208907741251328,406,537,0.09837998000201817
STATE_CHANNEL_TIME_PRIOR,,listing,GRCS,AFTERNOON,1,NO_ENGAGEMENT,Application Resume,3,943,0.003181336161187699,406,537,0.09837998000201817
STATE_CHANNEL_TIME_PRIOR,,listing,GRCS,AFTERNOON,1,NO_ENGAGEMENT,Connection Error,2,943,0.0021208907741251328,406,537,0.09837998000201817
STATE_CHANNEL_TIME_PRIOR,,listing,GRCS,AFTERNOON,1,NO_ENGAGEMENT,NO_JOURNEY_RESPONSE,295,943,0.31283138918345704,406,537,0.09837998000201817
STATE_CHANNEL_TIME_PRIOR,,listing,GRCS,AFTERNOON,1,campaign_clicked>campaign_open_read,Application Resume,3,943,0.003181336161187699,406,537,0.09837998000201817
STATE_CHANNEL_TIME_PRIOR,,listing,GRCS,AFTERNOON,1,campaign_clicked>campaign_open_read,NO_JOURNEY_RESPONSE,15,943,0.015906680805938492,406,537,0.09837998000201817
STATE_CHANNEL_TIME_PRIOR,,listing,GRCS,AFTERNOON,1,campaign_open_read,Application OTP Verification,1,943,0.0010604453870625664,406,537,0.09837998000201817
STATE_CHANNEL_TIME_PRIOR,,listing,GRCS,AFTERNOON,1,campaign_open_read,Application Resume,3,943,0.003181336161187699,406,537,0.09837998000201817
STATE_CHANNEL_TIME_PRIOR,,listing,GRCS,AFTERNOON,1,campaign_open_read,Connection Error,1,943,0.0010604453870625664,406,537,0.09837998000201817
STATE_CHANNEL_TIME_PRIOR,,listing,GRCS,AFTERNOON,1,campaign_open_read,NO_JOURNEY_RESPONSE,584,943,0.6193001060445387,406,537,0.09837998000201817
STATE_CHANNEL_TIME_PRIOR,,listing,GRCS,AFTERNOON,1,campaign_open_read>campaign_clicked,Application Resume,3,943,0.003181336161187699,406,537,0.09837998000201817
STATE_CHANNEL_TIME_PRIOR,,listing,GRCS,AFTERNOON,1,campaign_open_read>campaign_clicked,NO_JOURNEY_RESPONSE,31,943,0.032873806998939555,406,537,0.09837998000201817
STATE_CHANNEL_TIME_PRIOR,,listing,GRCS,AFTERNOON,2_PLUS,NO_ENGAGEMENT,AIP Approved,1,5874,0.00017024174327545113,1066,4808,0.04516862140335214
STATE_CHANNEL_TIME_PRIOR,,listing,GRCS,AFTERNOON,2_PLUS,NO_ENGAGEMENT,Application OTP Verification,4,5874,0.0006809669731018045,1066,4808,0.04516862140335214
STATE_CHANNEL_TIME_PRIOR,,listing,GRCS,AFTERNOON,2_PLUS,NO_ENGAGEMENT,Application Resume,26,5874,0.004426285325161729,1066,4808,0.04516862140335214
STATE_CHANNEL_TIME_PRIOR,,listing,GRCS,AFTERNOON,2_PLUS,NO_ENGAGEMENT,NO_JOURNEY_RESPONSE,1214,5874,0.20667347633639768,1066,4808,0.04516862140335214
STATE_CHANNEL_TIME_PRIOR,,listing,GRCS,AFTERNOON,2_PLUS,campaign_clicked>campaign_open_read,Application Resume,4,5874,0.0006809669731018045,1066,4808,0.04516862140335214
STATE_CHANNEL_TIME_PRIOR,,listing,GRCS,AFTERNOON,2_PLUS,campaign_clicked>campaign_open_read,NO_JOURNEY_RESPONSE,40,5874,0.0068096697310180455,1066,4808,0.04516862140335214
STATE_CHANNEL_TIME_PRIOR,,listing,GRCS,AFTERNOON,2_PLUS,campaign_open_read,AIP Approved,3,5874,0.0005107252298263534,1066,4808,0.04516862140335214
STATE_CHANNEL_TIME_PRIOR,,listing,GRCS,AFTERNOON,2_PLUS,campaign_open_read,Application OTP Verification,2,5874,0.00034048348655090226,1066,4808,0.04516862140335214
STATE_CHANNEL_TIME_PRIOR,,listing,GRCS,AFTERNOON,2_PLUS,campaign_open_read,Application Resume,6,5874,0.0010214504596527069,1066,4808,0.04516862140335214
STATE_CHANNEL_TIME_PRIOR,,listing,GRCS,AFTERNOON,2_PLUS,campaign_open_read,Input Field Interaction,1,5874,0.00017024174327545113,1066,4808,0.04516862140335214
STATE_CHANNEL_TIME_PRIOR,,listing,GRCS,AFTERNOON,2_PLUS,campaign_open_read,NO_JOURNEY_RESPONSE,4509,5874,0.7676200204290092,1066,4808,0.04516862140335214
STATE_CHANNEL_TIME_PRIOR,,listing,GRCS,AFTERNOON,2_PLUS,campaign_open_read>campaign_clicked,Application Resume,7,5874,0.001191692202928158,1066,4808,0.04516862140335214
STATE_CHANNEL_TIME_PRIOR,,listing,GRCS,AFTERNOON,2_PLUS,campaign_open_read>campaign_clicked,NO_JOURNEY_RESPONSE,57,5874,0.009703779366700716,1066,4808,0.04516862140335214
STATE_CHANNEL_TIME_PRIOR,,listing,GRCS,EVENING,2_PLUS,NO_ENGAGEMENT,Application OTP Verification,1,451,0.0022172949002217295,205,246,0.07317073170731705
STATE_CHANNEL_TIME_PRIOR,,listing,GRCS,EVENING,2_PLUS,NO_ENGAGEMENT,Application Resume,2,451,0.004434589800443459,205,246,0.07317073170731705
STATE_CHANNEL_TIME_PRIOR,,listing,GRCS,EVENING,2_PLUS,NO_ENGAGEMENT,NO_JOURNEY_RESPONSE,69,451,0.15299334811529933,205,246,0.07317073170731705
STATE_CHANNEL_TIME_PRIOR,,listing,GRCS,EVENING,2_PLUS,campaign_clicked>campaign_open_read,Application Resume,1,451,0.0022172949002217295,205,246,0.07317073170731705
STATE_CHANNEL_TIME_PRIOR,,listing,GRCS,EVENING,2_PLUS,campaign_clicked>campaign_open_read,NO_JOURNEY_RESPONSE,16,451,0.03547671840354767,205,246,0.07317073170731705
STATE_CHANNEL_TIME_PRIOR,,listing,GRCS,EVENING,2_PLUS,campaign_open_read,Application Resume,3,451,0.0066518847006651885,205,246,0.07317073170731705
STATE_CHANNEL_TIME_PRIOR,,listing,GRCS,EVENING,2_PLUS,campaign_open_read,NO_JOURNEY_RESPONSE,322,451,0.7139689578713969,205,246,0.07317073170731705
STATE_CHANNEL_TIME_PRIOR,,listing,GRCS,EVENING,2_PLUS,campaign_open_read>campaign_clicked,Application Resume,5,451,0.011086474501108648,205,246,0.07317073170731705
STATE_CHANNEL_TIME_PRIOR,,listing,GRCS,EVENING,2_PLUS,campaign_open_read>campaign_clicked,NO_JOURNEY_RESPONSE,32,451,0.07095343680709534,205,246,0.07317073170731705
STATE_CHANNEL_TIME_PRIOR,,listing,GRCS,MORNING,0,NO_ENGAGEMENT,AIP Approved,1,2020,0.0004950495049504951,1497,523,0.19045228762177002
STATE_CHANNEL_TIME_PRIOR,,listing,GRCS,MORNING,0,NO_ENGAGEMENT,Application OTP Verification,3,2020,0.0014851485148514852,1497,523,0.19045228762177002
STATE_CHANNEL_TIME_PRIOR,,listing,GRCS,MORNING,0,NO_ENGAGEMENT,Application Resume,12,2020,0.005940594059405941,1497,523,0.19045228762177002
STATE_CHANNEL_TIME_PRIOR,,listing,GRCS,MORNING,0,NO_ENGAGEMENT,Connection Error,1,2020,0.0004950495049504951,1497,523,0.19045228762177002
STATE_CHANNEL_TIME_PRIOR,,listing,GRCS,MORNING,0,NO_ENGAGEMENT,Header Navigation,1,2020,0.0004950495049504951,1497,523,0.19045228762177002
STATE_CHANNEL_TIME_PRIOR,,listing,GRCS,MORNING,0,NO_ENGAGEMENT,NO_JOURNEY_RESPONSE,662,2020,0.32772277227722774,1497,523,0.19045228762177002
STATE_CHANNEL_TIME_PRIOR,,listing,GRCS,MORNING,0,campaign_clicked>campaign_open_read,Application Resume,3,2020,0.0014851485148514852,1497,523,0.19045228762177002
STATE_CHANNEL_TIME_PRIOR,,listing,GRCS,MORNING,0,campaign_clicked>campaign_open_read,NO_JOURNEY_RESPONSE,74,2020,0.03663366336633663,1497,523,0.19045228762177002
STATE_CHANNEL_TIME_PRIOR,,listing,GRCS,MORNING,0,campaign_open_read,AIP Approved,2,2020,0.0009900990099009901,1497,523,0.19045228762177002
STATE_CHANNEL_TIME_PRIOR,,listing,GRCS,MORNING,0,campaign_open_read,Application Resume,8,2020,0.0039603960396039604,1497,523,0.19045228762177002
STATE_CHANNEL_TIME_PRIOR,,listing,GRCS,MORNING,0,campaign_open_read,NO_JOURNEY_RESPONSE,1172,2020,0.5801980198019802,1497,523,0.19045228762177002
STATE_CHANNEL_TIME_PRIOR,,listing,GRCS,MORNING,0,campaign_open_read>campaign_clicked,Application Resume,11,2020,0.005445544554455445,1497,523,0.19045228762177002
STATE_CHANNEL_TIME_PRIOR,,listing,GRCS,MORNING,0,campaign_open_read>campaign_clicked,Bank Approved,1,2020,0.0004950495049504951,1497,523,0.19045228762177002
STATE_CHANNEL_TIME_PRIOR,,listing,GRCS,MORNING,0,campaign_open_read>campaign_clicked,NO_JOURNEY_RESPONSE,69,2020,0.03415841584158416,1497,523,0.19045228762177002
STATE_CHANNEL_TIME_PRIOR,,listing,GRCS,MORNING,1,NO_ENGAGEMENT,AIP Approved,3,1353,0.0022172949002217295,842,511,0.05546388014744507
STATE_CHANNEL_TIME_PRIOR,,listing,GRCS,MORNING,1,NO_ENGAGEMENT,Application OTP Verification,1,1353,0.0007390983000739098,842,511,0.05546388014744507
STATE_CHANNEL_TIME_PRIOR,,listing,GRCS,MORNING,1,NO_ENGAGEMENT,Application Resume,7,1353,0.005173688100517369,842,511,0.05546388014744507
STATE_CHANNEL_TIME_PRIOR,,listing,GRCS,MORNING,1,NO_ENGAGEMENT,NO_JOURNEY_RESPONSE,498,1353,0.36807095343680707,842,511,0.05546388014744507
STATE_CHANNEL_TIME_PRIOR,,listing,GRCS,MORNING,1,NO_ENGAGEMENT,Professional Details Submission,1,1353,0.0007390983000739098,842,511,0.05546388014744507
STATE_CHANNEL_TIME_PRIOR,,listing,GRCS,MORNING,1,campaign_clicked>campaign_open_read,Application Resume,3,1353,0.0022172949002217295,842,511,0.05546388014744507
STATE_CHANNEL_TIME_PRIOR,,listing,GRCS,MORNING,1,campaign_clicked>campaign_open_read,NO_JOURNEY_RESPONSE,21,1353,0.015521064301552107,842,511,0.05546388014744507
STATE_CHANNEL_TIME_PRIOR,,listing,GRCS,MORNING,1,campaign_open_read,Application Resume,3,1353,0.0022172949002217295,842,511,0.05546388014744507
STATE_CHANNEL_TIME_PRIOR,,listing,GRCS,MORNING,1,campaign_open_read,NO_JOURNEY_RESPONSE,783,1353,0.5787139689578714,842,511,0.05546388014744507
STATE_CHANNEL_TIME_PRIOR,,listing,GRCS,MORNING,1,campaign_open_read>campaign_clicked,Application Resume,4,1353,0.0029563932002956393,842,511,0.05546388014744507
STATE_CHANNEL_TIME_PRIOR,,listing,GRCS,MORNING,1,campaign_open_read>campaign_clicked,NO_JOURNEY_RESPONSE,29,1353,0.021433850702143386,842,511,0.05546388014744507
STATE_CHANNEL_TIME_PRIOR,,listing,GRCS,MORNING,2_PLUS,NO_ENGAGEMENT,AIP Approved,7,5919,0.0011826322013853692,2615,3304,0.05022268621613993
STATE_CHANNEL_TIME_PRIOR,,listing,GRCS,MORNING,2_PLUS,NO_ENGAGEMENT,Application OTP Verification,8,5919,0.0013515796587261362,2615,3304,0.05022268621613993
STATE_CHANNEL_TIME_PRIOR,,listing,GRCS,MORNING,2_PLUS,NO_ENGAGEMENT,Application Resume,19,5919,0.0032100016894745734,2615,3304,0.05022268621613993
STATE_CHANNEL_TIME_PRIOR,,listing,GRCS,MORNING,2_PLUS,NO_ENGAGEMENT,Bank Approved,1,5919,0.00016894745734076703,2615,3304,0.05022268621613993
STATE_CHANNEL_TIME_PRIOR,,listing,GRCS,MORNING,2_PLUS,NO_ENGAGEMENT,NO_JOURNEY_RESPONSE,2266,5919,0.3828349383341781,2615,3304,0.05022268621613993
STATE_CHANNEL_TIME_PRIOR,,listing,GRCS,MORNING,2_PLUS,campaign_clicked>campaign_open_read,Application Resume,1,5919,0.00016894745734076703,2615,3304,0.05022268621613993
STATE_CHANNEL_TIME_PRIOR,,listing,GRCS,MORNING,2_PLUS,campaign_clicked>campaign_open_read,NO_JOURNEY_RESPONSE,28,5919,0.004730528805541477,2615,3304,0.05022268621613993
STATE_CHANNEL_TIME_PRIOR,,listing,GRCS,MORNING,2_PLUS,campaign_open_read,AIP Approved,4,5919,0.0006757898293630681,2615,3304,0.05022268621613993
STATE_CHANNEL_TIME_PRIOR,,listing,GRCS,MORNING,2_PLUS,campaign_open_read,Application Resume,8,5919,0.0013515796587261362,2615,3304,0.05022268621613993
STATE_CHANNEL_TIME_PRIOR,,listing,GRCS,MORNING,2_PLUS,campaign_open_read,NO_JOURNEY_RESPONSE,3540,5919,0.5980739989863153,2615,3304,0.05022268621613993
STATE_CHANNEL_TIME_PRIOR,,listing,GRCS,MORNING,2_PLUS,campaign_open_read>campaign_clicked,Application Resume,6,5919,0.0010136847440446021,2615,3304,0.05022268621613993
STATE_CHANNEL_TIME_PRIOR,,listing,GRCS,MORNING,2_PLUS,campaign_open_read>campaign_clicked,NO_JOURNEY_RESPONSE,31,5919,0.005237371177563777,2615,3304,0.05022268621613993
STATE_CHANNEL_TIME_PRIOR,,listing,SMS,AFTERNOON,1,NO_ENGAGEMENT,Application OTP Verification,2,497,0.004024144869215292,347,150,0.044169068203650325
STATE_CHANNEL_TIME_PRIOR,,listing,SMS,AFTERNOON,1,NO_ENGAGEMENT,Application Resume,2,497,0.004024144869215292,347,150,0.044169068203650325
STATE_CHANNEL_TIME_PRIOR,,listing,SMS,AFTERNOON,1,NO_ENGAGEMENT,NO_JOURNEY_RESPONSE,456,497,0.9175050301810865,347,150,0.044169068203650325
STATE_CHANNEL_TIME_PRIOR,,listing,SMS,AFTERNOON,1,campaign_clicked,NO_JOURNEY_RESPONSE,37,497,0.0744466800804829,347,150,0.044169068203650325
STATE_CHANNEL_TIME_PRIOR,,listing,SMS,AFTERNOON,2_PLUS,NO_ENGAGEMENT,AIP Approved,7,6004,0.0011658894070619586,4064,1940,0.007770517087425957
STATE_CHANNEL_TIME_PRIOR,,listing,SMS,AFTERNOON,2_PLUS,NO_ENGAGEMENT,Application OTP Verification,5,6004,0.0008327781479013991,4064,1940,0.007770517087425957
STATE_CHANNEL_TIME_PRIOR,,listing,SMS,AFTERNOON,2_PLUS,NO_ENGAGEMENT,Application Resume,21,6004,0.0034976682211858763,4064,1940,0.007770517087425957
STATE_CHANNEL_TIME_PRIOR,,listing,SMS,AFTERNOON,2_PLUS,NO_ENGAGEMENT,Connection Error,1,6004,0.00016655562958027982,4064,1940,0.007770517087425957
STATE_CHANNEL_TIME_PRIOR,,listing,SMS,AFTERNOON,2_PLUS,NO_ENGAGEMENT,NO_JOURNEY_RESPONSE,5710,6004,0.9510326449033978,4064,1940,0.007770517087425957
STATE_CHANNEL_TIME_PRIOR,,listing,SMS,AFTERNOON,2_PLUS,campaign_clicked,AIP Approved,1,6004,0.00016655562958027982,4064,1940,0.007770517087425957
STATE_CHANNEL_TIME_PRIOR,,listing,SMS,AFTERNOON,2_PLUS,campaign_clicked,Application OTP Verification,1,6004,0.00016655562958027982,4064,1940,0.007770517087425957
STATE_CHANNEL_TIME_PRIOR,,listing,SMS,AFTERNOON,2_PLUS,campaign_clicked,Application Resume,1,6004,0.00016655562958027982,4064,1940,0.007770517087425957
STATE_CHANNEL_TIME_PRIOR,,listing,SMS,AFTERNOON,2_PLUS,campaign_clicked,NO_JOURNEY_RESPONSE,257,6004,0.04280479680213191,4064,1940,0.007770517087425957
STATE_CHANNEL_TIME_PRIOR,,listing,SMS,MORNING,0,NO_ENGAGEMENT,AIP Approved,2,1244,0.001607717041800643,854,390,0.13897195700474385
STATE_CHANNEL_TIME_PRIOR,,listing,SMS,MORNING,0,NO_ENGAGEMENT,Application Created,1,1244,0.0008038585209003215,854,390,0.13897195700474385
STATE_CHANNEL_TIME_PRIOR,,listing,SMS,MORNING,0,NO_ENGAGEMENT,Application OTP Verification,2,1244,0.001607717041800643,854,390,0.13897195700474385
STATE_CHANNEL_TIME_PRIOR,,listing,SMS,MORNING,0,NO_ENGAGEMENT,Application Resume,11,1244,0.008842443729903537,854,390,0.13897195700474385
STATE_CHANNEL_TIME_PRIOR,,listing,SMS,MORNING,0,NO_ENGAGEMENT,Connection Error,1,1244,0.0008038585209003215,854,390,0.13897195700474385
STATE_CHANNEL_TIME_PRIOR,,listing,SMS,MORNING,0,NO_ENGAGEMENT,NO_JOURNEY_RESPONSE,1007,1244,0.8094855305466238,854,390,0.13897195700474385
STATE_CHANNEL_TIME_PRIOR,,listing,SMS,MORNING,0,NO_ENGAGEMENT,Product Selection,1,1244,0.0008038585209003215,854,390,0.13897195700474385
STATE_CHANNEL_TIME_PRIOR,,listing,SMS,MORNING,0,campaign_clicked,AIP Approved,2,1244,0.001607717041800643,854,390,0.13897195700474385
STATE_CHANNEL_TIME_PRIOR,,listing,SMS,MORNING,0,campaign_clicked,Application Created,2,1244,0.001607717041800643,854,390,0.13897195700474385
STATE_CHANNEL_TIME_PRIOR,,listing,SMS,MORNING,0,campaign_clicked,Application OTP Verification,3,1244,0.002411575562700965,854,390,0.13897195700474385
STATE_CHANNEL_TIME_PRIOR,,listing,SMS,MORNING,0,campaign_clicked,Application Resume,5,1244,0.0040192926045016075,854,390,0.13897195700474385
STATE_CHANNEL_TIME_PRIOR,,listing,SMS,MORNING,0,campaign_clicked,NO_JOURNEY_RESPONSE,207,1244,0.16639871382636656,854,390,0.13897195700474385
STATE_CHANNEL_TIME_PRIOR,,listing,SMS,MORNING,1,NO_ENGAGEMENT,AIP Approved,1,1675,0.0005970149253731343,1203,472,0.08535159276948867
STATE_CHANNEL_TIME_PRIOR,,listing,SMS,MORNING,1,NO_ENGAGEMENT,Application OTP Verification,1,1675,0.0005970149253731343,1203,472,0.08535159276948867
STATE_CHANNEL_TIME_PRIOR,,listing,SMS,MORNING,1,NO_ENGAGEMENT,Application Resume,8,1675,0.004776119402985075,1203,472,0.08535159276948867
STATE_CHANNEL_TIME_PRIOR,,listing,SMS,MORNING,1,NO_ENGAGEMENT,Bank Approved,1,1675,0.0005970149253731343,1203,472,0.08535159276948867
STATE_CHANNEL_TIME_PRIOR,,listing,SMS,MORNING,1,NO_ENGAGEMENT,NO_JOURNEY_RESPONSE,1437,1675,0.8579104477611941,1203,472,0.08535159276948867
STATE_CHANNEL_TIME_PRIOR,,listing,SMS,MORNING,1,campaign_clicked,AIP Approved,3,1675,0.001791044776119403,1203,472,0.08535159276948867
STATE_CHANNEL_TIME_PRIOR,,listing,SMS,MORNING,1,campaign_clicked,Application OTP Verification,1,1675,0.0005970149253731343,1203,472,0.08535159276948867
STATE_CHANNEL_TIME_PRIOR,,listing,SMS,MORNING,1,campaign_clicked,Application Resume,4,1675,0.0023880597014925373,1203,472,0.08535159276948867
STATE_CHANNEL_TIME_PRIOR,,listing,SMS,MORNING,1,campaign_clicked,NO_JOURNEY_RESPONSE,219,1675,0.13074626865671643,1203,472,0.08535159276948867
STATE_CHANNEL_TIME_PRIOR,,listing,SMS,MORNING,2_PLUS,NO_ENGAGEMENT,AIP Approved,10,6303,0.0015865460891638901,3438,2865,0.02414194299011054
STATE_CHANNEL_TIME_PRIOR,,listing,SMS,MORNING,2_PLUS,NO_ENGAGEMENT,Application Created,1,6303,0.00015865460891638903,3438,2865,0.02414194299011054
STATE_CHANNEL_TIME_PRIOR,,listing,SMS,MORNING,2_PLUS,NO_ENGAGEMENT,Application OTP Verification,16,6303,0.0025384737426622245,3438,2865,0.02414194299011054
STATE_CHANNEL_TIME_PRIOR,,listing,SMS,MORNING,2_PLUS,NO_ENGAGEMENT,Application Resume,35,6303,0.005552911312073616,3438,2865,0.02414194299011054
STATE_CHANNEL_TIME_PRIOR,,listing,SMS,MORNING,2_PLUS,NO_ENGAGEMENT,Language Selection,2,6303,0.00031730921783277807,3438,2865,0.02414194299011054
STATE_CHANNEL_TIME_PRIOR,,listing,SMS,MORNING,2_PLUS,NO_ENGAGEMENT,NO_JOURNEY_RESPONSE,5267,6303,0.835633825162621,3438,2865,0.02414194299011054
STATE_CHANNEL_TIME_PRIOR,,listing,SMS,MORNING,2_PLUS,campaign_clicked,AIP Approved,15,6303,0.002379819133745835,3438,2865,0.02414194299011054
STATE_CHANNEL_TIME_PRIOR,,listing,SMS,MORNING,2_PLUS,campaign_clicked,Application Created,1,6303,0.00015865460891638903,3438,2865,0.02414194299011054
STATE_CHANNEL_TIME_PRIOR,,listing,SMS,MORNING,2_PLUS,campaign_clicked,Application OTP Verification,15,6303,0.002379819133745835,3438,2865,0.02414194299011054
STATE_CHANNEL_TIME_PRIOR,,listing,SMS,MORNING,2_PLUS,campaign_clicked,Application Resume,22,6303,0.0034904013961605585,3438,2865,0.02414194299011054
STATE_CHANNEL_TIME_PRIOR,,listing,SMS,MORNING,2_PLUS,campaign_clicked,Bank Approved,1,6303,0.00015865460891638903,3438,2865,0.02414194299011054
STATE_CHANNEL_TIME_PRIOR,,listing,SMS,MORNING,2_PLUS,campaign_clicked,Connection Error,1,6303,0.00015865460891638903,3438,2865,0.02414194299011054
STATE_CHANNEL_TIME_PRIOR,,listing,SMS,MORNING,2_PLUS,campaign_clicked,Loan Summary View,1,6303,0.00015865460891638903,3438,2865,0.02414194299011054
STATE_CHANNEL_TIME_PRIOR,,listing,SMS,MORNING,2_PLUS,campaign_clicked,NO_JOURNEY_RESPONSE,914,6303,0.14501031254957958,3438,2865,0.02414194299011054
STATE_CHANNEL_TIME_PRIOR,,listing,SMS,MORNING,2_PLUS,campaign_clicked,Professional Details Submission,2,6303,0.00031730921783277807,3438,2865,0.02414194299011054
STATE_CHANNEL_TIME_PRIOR,,listing,WA,AFTERNOON,2_PLUS,NO_ENGAGEMENT,NO_JOURNEY_RESPONSE,259,2362,0.1096528365791702,1016,1346,0.04147313123749572
STATE_CHANNEL_TIME_PRIOR,,listing,WA,AFTERNOON,2_PLUS,NO_ENGAGEMENT,Professional Details Submission,1,2362,0.0004233700254022015,1016,1346,0.04147313123749572
STATE_CHANNEL_TIME_PRIOR,,listing,WA,AFTERNOON,2_PLUS,campaign_clicked>campaign_open_read,NO_JOURNEY_RESPONSE,71,2362,0.030059271803556307,1016,1346,0.04147313123749572
STATE_CHANNEL_TIME_PRIOR,,listing,WA,AFTERNOON,2_PLUS,campaign_open_read,AIP Approved,1,2362,0.0004233700254022015,1016,1346,0.04147313123749572
STATE_CHANNEL_TIME_PRIOR,,listing,WA,AFTERNOON,2_PLUS,campaign_open_read,Application OTP Verification,4,2362,0.001693480101608806,1016,1346,0.04147313123749572
STATE_CHANNEL_TIME_PRIOR,,listing,WA,AFTERNOON,2_PLUS,campaign_open_read,Application Resume,4,2362,0.001693480101608806,1016,1346,0.04147313123749572
STATE_CHANNEL_TIME_PRIOR,,listing,WA,AFTERNOON,2_PLUS,campaign_open_read,NO_JOURNEY_RESPONSE,1924,2362,0.8145639288738358,1016,1346,0.04147313123749572
STATE_CHANNEL_TIME_PRIOR,,listing,WA,AFTERNOON,2_PLUS,campaign_open_read>campaign_clicked,NO_JOURNEY_RESPONSE,98,2362,0.04149026248941575,1016,1346,0.04147313123749572
STATE_CHANNEL_TIME_PRIOR,,listing,WA,MORNING,2_PLUS,NO_ENGAGEMENT,AIP Approved,1,1201,0.0008326394671107411,703,498,0.1387398812890252
STATE_CHANNEL_TIME_PRIOR,,listing,WA,MORNING,2_PLUS,NO_ENGAGEMENT,Application Resume,1,1201,0.0008326394671107411,703,498,0.1387398812890252
STATE_CHANNEL_TIME_PRIOR,,listing,WA,MORNING,2_PLUS,NO_ENGAGEMENT,NO_JOURNEY_RESPONSE,162,1201,0.13488759367194006,703,498,0.1387398812890252
STATE_CHANNEL_TIME_PRIOR,,listing,WA,MORNING,2_PLUS,campaign_clicked>campaign_open_read,NO_JOURNEY_RESPONSE,31,1201,0.025811823480432972,703,498,0.1387398812890252
STATE_CHANNEL_TIME_PRIOR,,listing,WA,MORNING,2_PLUS,campaign_open_read,Application Resume,2,1201,0.0016652789342214821,703,498,0.1387398812890252
STATE_CHANNEL_TIME_PRIOR,,listing,WA,MORNING,2_PLUS,campaign_open_read,NO_JOURNEY_RESPONSE,973,1201,0.8101582014987511,703,498,0.1387398812890252
STATE_CHANNEL_TIME_PRIOR,,listing,WA,MORNING,2_PLUS,campaign_open_read>campaign_clicked,NO_JOURNEY_RESPONSE,31,1201,0.025811823480432972,703,498,0.1387398812890252
STATE_CHANNEL_TIME,,AIP Approved,GRCS,MORNING,,NO_ENGAGEMENT,AIP Approved,34,534,0.06367041198501873,289,245,0.19878539651154575
STATE_CHANNEL_TIME,,AIP Approved,GRCS,MORNING,,NO_ENGAGEMENT,Application Created,1,534,0.0018726591760299626,289,245,0.19878539651154575
STATE_CHANNEL_TIME,,AIP Approved,GRCS,MORNING,,NO_ENGAGEMENT,Application OTP Verification,3,534,0.0056179775280898875,289,245,0.19878539651154575
STATE_CHANNEL_TIME,,AIP Approved,GRCS,MORNING,,NO_ENGAGEMENT,Application Resume,23,534,0.04307116104868914,289,245,0.19878539651154575
STATE_CHANNEL_TIME,,AIP Approved,GRCS,MORNING,,NO_ENGAGEMENT,Bank Approval Pending,2,534,0.003745318352059925,289,245,0.19878539651154575
STATE_CHANNEL_TIME,,AIP Approved,GRCS,MORNING,,NO_ENGAGEMENT,Bank Approved,7,534,0.013108614232209739,289,245,0.19878539651154575
STATE_CHANNEL_TIME,,AIP Approved,GRCS,MORNING,,NO_ENGAGEMENT,Connection Error,15,534,0.028089887640449437,289,245,0.19878539651154575
STATE_CHANNEL_TIME,,AIP Approved,GRCS,MORNING,,NO_ENGAGEMENT,Language Selection,3,534,0.0056179775280898875,289,245,0.19878539651154575
STATE_CHANNEL_TIME,,AIP Approved,GRCS,MORNING,,NO_ENGAGEMENT,NO_JOURNEY_RESPONSE,90,534,0.16853932584269662,289,245,0.19878539651154575
STATE_CHANNEL_TIME,,AIP Approved,GRCS,MORNING,,NO_ENGAGEMENT,Product Selection,121,534,0.22659176029962547,289,245,0.19878539651154575
STATE_CHANNEL_TIME,,AIP Approved,GRCS,MORNING,,NO_ENGAGEMENT,Professional Details Submission,2,534,0.003745318352059925,289,245,0.19878539651154575
STATE_CHANNEL_TIME,,AIP Approved,GRCS,MORNING,,NO_ENGAGEMENT,listing,10,534,0.018726591760299626,289,245,0.19878539651154575
STATE_CHANNEL_TIME,,AIP Approved,GRCS,MORNING,,campaign_clicked>campaign_open_read,Application Resume,8,534,0.0149812734082397,289,245,0.19878539651154575
STATE_CHANNEL_TIME,,AIP Approved,GRCS,MORNING,,campaign_clicked>campaign_open_read,NO_JOURNEY_RESPONSE,4,534,0.00749063670411985,289,245,0.19878539651154575
STATE_CHANNEL_TIME,,AIP Approved,GRCS,MORNING,,campaign_clicked>campaign_open_read,Product Selection,1,534,0.0018726591760299626,289,245,0.19878539651154575
STATE_CHANNEL_TIME,,AIP Approved,GRCS,MORNING,,campaign_open_read,AIP Approved,11,534,0.020599250936329586,289,245,0.19878539651154575
STATE_CHANNEL_TIME,,AIP Approved,GRCS,MORNING,,campaign_open_read,Application OTP Verification,3,534,0.0056179775280898875,289,245,0.19878539651154575
STATE_CHANNEL_TIME,,AIP Approved,GRCS,MORNING,,campaign_open_read,Application Resume,38,534,0.07116104868913857,289,245,0.19878539651154575
STATE_CHANNEL_TIME,,AIP Approved,GRCS,MORNING,,campaign_open_read,Bank Approved,6,534,0.011235955056179775,289,245,0.19878539651154575
STATE_CHANNEL_TIME,,AIP Approved,GRCS,MORNING,,campaign_open_read,Connection Error,3,534,0.0056179775280898875,289,245,0.19878539651154575
STATE_CHANNEL_TIME,,AIP Approved,GRCS,MORNING,,campaign_open_read,Language Selection,4,534,0.00749063670411985,289,245,0.19878539651154575
STATE_CHANNEL_TIME,,AIP Approved,GRCS,MORNING,,campaign_open_read,NO_JOURNEY_RESPONSE,91,534,0.1704119850187266,289,245,0.19878539651154575
STATE_CHANNEL_TIME,,AIP Approved,GRCS,MORNING,,campaign_open_read,Product Selection,21,534,0.03932584269662921,289,245,0.19878539651154575
STATE_CHANNEL_TIME,,AIP Approved,GRCS,MORNING,,campaign_open_read,listing,2,534,0.003745318352059925,289,245,0.19878539651154575
STATE_CHANNEL_TIME,,AIP Approved,GRCS,MORNING,,campaign_open_read>campaign_clicked,AIP Approved,3,534,0.0056179775280898875,289,245,0.19878539651154575
STATE_CHANNEL_TIME,,AIP Approved,GRCS,MORNING,,campaign_open_read>campaign_clicked,Application OTP Verification,1,534,0.0018726591760299626,289,245,0.19878539651154575
STATE_CHANNEL_TIME,,AIP Approved,GRCS,MORNING,,campaign_open_read>campaign_clicked,Application Resume,15,534,0.028089887640449437,289,245,0.19878539651154575
STATE_CHANNEL_TIME,,AIP Approved,GRCS,MORNING,,campaign_open_read>campaign_clicked,Bank Approved,1,534,0.0018726591760299626,289,245,0.19878539651154575
STATE_CHANNEL_TIME,,AIP Approved,GRCS,MORNING,,campaign_open_read>campaign_clicked,Connection Error,2,534,0.003745318352059925,289,245,0.19878539651154575
STATE_CHANNEL_TIME,,AIP Approved,GRCS,MORNING,,campaign_open_read>campaign_clicked,NO_JOURNEY_RESPONSE,5,534,0.009363295880149813,289,245,0.19878539651154575
STATE_CHANNEL_TIME,,AIP Approved,GRCS,MORNING,,campaign_open_read>campaign_clicked,Product Selection,4,534,0.00749063670411985,289,245,0.19878539651154575
STATE_CHANNEL_TIME,,Application created/Login,GRCS,AFTERNOON,,NO_ENGAGEMENT,Application OTP Verification,1,1056,0.000946969696969697,242,814,0.06622738440920264
STATE_CHANNEL_TIME,,Application created/Login,GRCS,AFTERNOON,,NO_ENGAGEMENT,Application Resume,1,1056,0.000946969696969697,242,814,0.06622738440920264
STATE_CHANNEL_TIME,,Application created/Login,GRCS,AFTERNOON,,NO_ENGAGEMENT,Language Selection,1,1056,0.000946969696969697,242,814,0.06622738440920264
STATE_CHANNEL_TIME,,Application created/Login,GRCS,AFTERNOON,,NO_ENGAGEMENT,NO_JOURNEY_RESPONSE,352,1056,0.3333333333333333,242,814,0.06622738440920264
STATE_CHANNEL_TIME,,Application created/Login,GRCS,AFTERNOON,,campaign_clicked>campaign_open_read,NO_JOURNEY_RESPONSE,12,1056,0.011363636363636364,242,814,0.06622738440920264
STATE_CHANNEL_TIME,,Application created/Login,GRCS,AFTERNOON,,campaign_open_read,Application Resume,1,1056,0.000946969696969697,242,814,0.06622738440920264
STATE_CHANNEL_TIME,,Application created/Login,GRCS,AFTERNOON,,campaign_open_read,NO_JOURNEY_RESPONSE,670,1056,0.634469696969697,242,814,0.06622738440920264
STATE_CHANNEL_TIME,,Application created/Login,GRCS,AFTERNOON,,campaign_open_read>campaign_clicked,NO_JOURNEY_RESPONSE,18,1056,0.017045454545454544,242,814,0.06622738440920264
STATE_CHANNEL_TIME,,Application created/Login,GRCS,MORNING,,NO_ENGAGEMENT,Application Resume,1,1092,0.0009157509157509158,495,597,0.03392721181665903
STATE_CHANNEL_TIME,,Application created/Login,GRCS,MORNING,,NO_ENGAGEMENT,NO_JOURNEY_RESPONSE,509,1092,0.4661172161172161,495,597,0.03392721181665903
STATE_CHANNEL_TIME,,Application created/Login,GRCS,MORNING,,campaign_clicked>campaign_open_read,NO_JOURNEY_RESPONSE,12,1092,0.01098901098901099,495,597,0.03392721181665903
STATE_CHANNEL_TIME,,Application created/Login,GRCS,MORNING,,campaign_open_read,NO_JOURNEY_RESPONSE,549,1092,0.5027472527472527,495,597,0.03392721181665903
STATE_CHANNEL_TIME,,Application created/Login,GRCS,MORNING,,campaign_open_read>campaign_clicked,NO_JOURNEY_RESPONSE,21,1092,0.019230769230769232,495,597,0.03392721181665903
STATE_CHANNEL_TIME,,Application created/Login,SMS,AFTERNOON,,NO_ENGAGEMENT,NO_JOURNEY_RESPONSE,1239,1275,0.971764705882353,803,472,0.0022637566751799575
STATE_CHANNEL_TIME,,Application created/Login,SMS,AFTERNOON,,campaign_clicked,NO_JOURNEY_RESPONSE,36,1275,0.02823529411764706,803,472,0.0022637566751799575
STATE_CHANNEL_TIME,,Application created/Login,SMS,MORNING,,NO_ENGAGEMENT,NO_JOURNEY_RESPONSE,1096,1292,0.848297213622291,634,658,0.034623608487626176
STATE_CHANNEL_TIME,,Application created/Login,SMS,MORNING,,campaign_clicked,NO_JOURNEY_RESPONSE,196,1292,0.15170278637770898,634,658,0.034623608487626176
STATE_CHANNEL_TIME,,Application created/Login,WA,AFTERNOON,,NO_ENGAGEMENT,NO_JOURNEY_RESPONSE,208,828,0.25120772946859904,601,227,0.24291379272431413
STATE_CHANNEL_TIME,,Application created/Login,WA,AFTERNOON,,campaign_clicked>campaign_open_read,NO_JOURNEY_RESPONSE,15,828,0.018115942028985508,601,227,0.24291379272431413
STATE_CHANNEL_TIME,,Application created/Login,WA,AFTERNOON,,campaign_open_read,Application Resume,1,828,0.0012077294685990338,601,227,0.24291379272431413
STATE_CHANNEL_TIME,,Application created/Login,WA,AFTERNOON,,campaign_open_read,NO_JOURNEY_RESPONSE,594,828,0.717391304347826,601,227,0.24291379272431413
STATE_CHANNEL_TIME,,Application created/Login,WA,AFTERNOON,,campaign_open_read>campaign_clicked,NO_JOURNEY_RESPONSE,10,828,0.012077294685990338,601,227,0.24291379272431413
STATE_CHANNEL_TIME,,Professional details,GRCS,AFTERNOON,,NO_ENGAGEMENT,Application OTP Verification,2,1522,0.001314060446780552,529,993,0.08698507701357516
STATE_CHANNEL_TIME,,Professional details,GRCS,AFTERNOON,,NO_ENGAGEMENT,Application Resume,4,1522,0.002628120893561104,529,993,0.08698507701357516
STATE_CHANNEL_TIME,,Professional details,GRCS,AFTERNOON,,NO_ENGAGEMENT,NO_JOURNEY_RESPONSE,414,1522,0.2720105124835742,529,993,0.08698507701357516
STATE_CHANNEL_TIME,,Professional details,GRCS,AFTERNOON,,campaign_clicked>campaign_open_read,Application Resume,4,1522,0.002628120893561104,529,993,0.08698507701357516
STATE_CHANNEL_TIME,,Professional details,GRCS,AFTERNOON,,campaign_clicked>campaign_open_read,NO_JOURNEY_RESPONSE,18,1522,0.011826544021024968,529,993,0.08698507701357516
STATE_CHANNEL_TIME,,Professional details,GRCS,AFTERNOON,,campaign_open_read,Application Resume,3,1522,0.0019710906701708277,529,993,0.08698507701357516
STATE_CHANNEL_TIME,,Professional details,GRCS,AFTERNOON,,campaign_open_read,NO_JOURNEY_RESPONSE,1025,1522,0.6734559789750328,529,993,0.08698507701357516
STATE_CHANNEL_TIME,,Professional details,GRCS,AFTERNOON,,campaign_open_read>campaign_clicked,Application Resume,5,1522,0.0032851511169513796,529,993,0.08698507701357516
STATE_CHANNEL_TIME,,Professional details,GRCS,AFTERNOON,,campaign_open_read>campaign_clicked,NO_JOURNEY_RESPONSE,47,1522,0.03088042049934297,529,993,0.08698507701357516
STATE_CHANNEL_TIME,,Professional details,GRCS,MORNING,,NO_ENGAGEMENT,Application OTP Verification,5,1888,0.0026483050847457626,784,1104,0.2214396628216504
STATE_CHANNEL_TIME,,Professional details,GRCS,MORNING,,NO_ENGAGEMENT,Application Resume,10,1888,0.005296610169491525,784,1104,0.2214396628216504
STATE_CHANNEL_TIME,,Professional details,GRCS,MORNING,,NO_ENGAGEMENT,Language Selection,1,1888,0.0005296610169491525,784,1104,0.2214396628216504
STATE_CHANNEL_TIME,,Professional details,GRCS,MORNING,,NO_ENGAGEMENT,NO_JOURNEY_RESPONSE,743,1888,0.3935381355932203,784,1104,0.2214396628216504
STATE_CHANNEL_TIME,,Professional details,GRCS,MORNING,,campaign_clicked>campaign_open_read,Application Resume,3,1888,0.0015889830508474577,784,1104,0.2214396628216504
STATE_CHANNEL_TIME,,Professional details,GRCS,MORNING,,campaign_clicked>campaign_open_read,NO_JOURNEY_RESPONSE,29,1888,0.015360169491525424,784,1104,0.2214396628216504
STATE_CHANNEL_TIME,,Professional details,GRCS,MORNING,,campaign_open_read,Application OTP Verification,3,1888,0.0015889830508474577,784,1104,0.2214396628216504
STATE_CHANNEL_TIME,,Professional details,GRCS,MORNING,,campaign_open_read,Application Resume,1,1888,0.0005296610169491525,784,1104,0.2214396628216504
STATE_CHANNEL_TIME,,Professional details,GRCS,MORNING,,campaign_open_read,Journey Close,1,1888,0.0005296610169491525,784,1104,0.2214396628216504
STATE_CHANNEL_TIME,,Professional details,GRCS,MORNING,,campaign_open_read,Language Selection,1,1888,0.0005296610169491525,784,1104,0.2214396628216504
STATE_CHANNEL_TIME,,Professional details,GRCS,MORNING,,campaign_open_read,NO_JOURNEY_RESPONSE,1056,1888,0.559322033898305,784,1104,0.2214396628216504
STATE_CHANNEL_TIME,,Professional details,GRCS,MORNING,,campaign_open_read>campaign_clicked,Application OTP Verification,1,1888,0.0005296610169491525,784,1104,0.2214396628216504
STATE_CHANNEL_TIME,,Professional details,GRCS,MORNING,,campaign_open_read>campaign_clicked,Application Resume,3,1888,0.0015889830508474577,784,1104,0.2214396628216504
STATE_CHANNEL_TIME,,Professional details,GRCS,MORNING,,campaign_open_read>campaign_clicked,NO_JOURNEY_RESPONSE,31,1888,0.01641949152542373,784,1104,0.2214396628216504
STATE_CHANNEL_TIME,,Professional details,SMS,AFTERNOON,,NO_ENGAGEMENT,Application OTP Verification,1,1767,0.0005659309564233164,1216,551,0.024359119782214167
STATE_CHANNEL_TIME,,Professional details,SMS,AFTERNOON,,NO_ENGAGEMENT,Application Resume,5,1767,0.0028296547821165816,1216,551,0.024359119782214167
STATE_CHANNEL_TIME,,Professional details,SMS,AFTERNOON,,NO_ENGAGEMENT,NO_JOURNEY_RESPONSE,1688,1767,0.955291454442558,1216,551,0.024359119782214167
STATE_CHANNEL_TIME,,Professional details,SMS,AFTERNOON,,campaign_clicked,Application Resume,2,1767,0.0011318619128466328,1216,551,0.024359119782214167
STATE_CHANNEL_TIME,,Professional details,SMS,AFTERNOON,,campaign_clicked,NO_JOURNEY_RESPONSE,71,1767,0.04018109790605546,1216,551,0.024359119782214167
STATE_CHANNEL_TIME,,Professional details,SMS,MORNING,,NO_ENGAGEMENT,Application OTP Verification,4,1962,0.0020387359836901123,878,1084,0.06207919710176597
STATE_CHANNEL_TIME,,Professional details,SMS,MORNING,,NO_ENGAGEMENT,Application Resume,8,1962,0.004077471967380225,878,1084,0.06207919710176597
STATE_CHANNEL_TIME,,Professional details,SMS,MORNING,,NO_ENGAGEMENT,Connection Error,1,1962,0.0005096839959225281,878,1084,0.06207919710176597
STATE_CHANNEL_TIME,,Professional details,SMS,MORNING,,NO_ENGAGEMENT,Language Selection,1,1962,0.0005096839959225281,878,1084,0.06207919710176597
STATE_CHANNEL_TIME,,Professional details,SMS,MORNING,,NO_ENGAGEMENT,NO_JOURNEY_RESPONSE,1622,1962,0.8267074413863404,878,1084,0.06207919710176597
STATE_CHANNEL_TIME,,Professional details,SMS,MORNING,,campaign_clicked,Application Created,1,1962,0.0005096839959225281,878,1084,0.06207919710176597
STATE_CHANNEL_TIME,,Professional details,SMS,MORNING,,campaign_clicked,Application Resume,7,1962,0.003567787971457696,878,1084,0.06207919710176597
STATE_CHANNEL_TIME,,Professional details,SMS,MORNING,,campaign_clicked,NO_JOURNEY_RESPONSE,318,1962,0.1620795107033639,878,1084,0.06207919710176597
STATE_CHANNEL_TIME,,Professional details,WA,AFTERNOON,,NO_ENGAGEMENT,Application Resume,4,1306,0.0030627871362940277,1011,295,0.21201026002112358
STATE_CHANNEL_TIME,,Professional details,WA,AFTERNOON,,NO_ENGAGEMENT,NO_JOURNEY_RESPONSE,387,1306,0.29632465543644715,1011,295,0.21201026002112358
STATE_CHANNEL_TIME,,Professional details,WA,AFTERNOON,,campaign_clicked>campaign_open_read,NO_JOURNEY_RESPONSE,11,1306,0.008422664624808576,1011,295,0.21201026002112358
STATE_CHANNEL_TIME,,Professional details,WA,AFTERNOON,,campaign_open_read,Application Resume,4,1306,0.0030627871362940277,1011,295,0.21201026002112358
STATE_CHANNEL_TIME,,Professional details,WA,AFTERNOON,,campaign_open_read,NO_JOURNEY_RESPONSE,879,1306,0.6730474732006125,1011,295,0.21201026002112358
STATE_CHANNEL_TIME,,Professional details,WA,AFTERNOON,,campaign_open_read>campaign_clicked,NO_JOURNEY_RESPONSE,21,1306,0.016079632465543645,1011,295,0.21201026002112358
STATE_CHANNEL_TIME,,listing,GRCS,AFTERNOON,,NO_ENGAGEMENT,AIP Approved,1,7883,0.00012685525815045033,2103,5780,0.08276971273530814
STATE_CHANNEL_TIME,,listing,GRCS,AFTERNOON,,NO_ENGAGEMENT,Application OTP Verification,7,7883,0.0008879868070531524,2103,5780,0.08276971273530814
STATE_CHANNEL_TIME,,listing,GRCS,AFTERNOON,,NO_ENGAGEMENT,Application Resume,29,7883,0.0036788024863630597,2103,5780,0.08276971273530814
STATE_CHANNEL_TIME,,listing,GRCS,AFTERNOON,,NO_ENGAGEMENT,Connection Error,3,7883,0.000380565774451351,2103,5780,0.08276971273530814
STATE_CHANNEL_TIME,,listing,GRCS,AFTERNOON,,NO_ENGAGEMENT,Language Selection,1,7883,0.00012685525815045033,2103,5780,0.08276971273530814
STATE_CHANNEL_TIME,,listing,GRCS,AFTERNOON,,NO_ENGAGEMENT,NO_JOURNEY_RESPONSE,1869,7883,0.23709247748319168,2103,5780,0.08276971273530814
STATE_CHANNEL_TIME,,listing,GRCS,AFTERNOON,,campaign_clicked>campaign_open_read,Application Resume,15,7883,0.001902828872256755,2103,5780,0.08276971273530814
STATE_CHANNEL_TIME,,listing,GRCS,AFTERNOON,,campaign_clicked>campaign_open_read,Connection Error,1,7883,0.00012685525815045033,2103,5780,0.08276971273530814
STATE_CHANNEL_TIME,,listing,GRCS,AFTERNOON,,campaign_clicked>campaign_open_read,NO_JOURNEY_RESPONSE,91,7883,0.01154382849169098,2103,5780,0.08276971273530814
STATE_CHANNEL_TIME,,listing,GRCS,AFTERNOON,,campaign_open_read,AIP Approved,3,7883,0.000380565774451351,2103,5780,0.08276971273530814
STATE_CHANNEL_TIME,,listing,GRCS,AFTERNOON,,campaign_open_read,Application OTP Verification,4,7883,0.0005074210326018013,2103,5780,0.08276971273530814
STATE_CHANNEL_TIME,,listing,GRCS,AFTERNOON,,campaign_open_read,Application Resume,14,7883,0.0017759736141063048,2103,5780,0.08276971273530814
STATE_CHANNEL_TIME,,listing,GRCS,AFTERNOON,,campaign_open_read,Connection Error,1,7883,0.00012685525815045033,2103,5780,0.08276971273530814
STATE_CHANNEL_TIME,,listing,GRCS,AFTERNOON,,campaign_open_read,Input Field Interaction,1,7883,0.00012685525815045033,2103,5780,0.08276971273530814
STATE_CHANNEL_TIME,,listing,GRCS,AFTERNOON,,campaign_open_read,NO_JOURNEY_RESPONSE,5682,7883,0.7207915768108588,2103,5780,0.08276971273530814
STATE_CHANNEL_TIME,,listing,GRCS,AFTERNOON,,campaign_open_read>campaign_clicked,Application Resume,17,7883,0.0021565393885576555,2103,5780,0.08276971273530814
STATE_CHANNEL_TIME,,listing,GRCS,AFTERNOON,,campaign_open_read>campaign_clicked,NO_JOURNEY_RESPONSE,143,7883,0.018140301915514398,2103,5780,0.08276971273530814
STATE_CHANNEL_TIME,,listing,GRCS,AFTERNOON,,campaign_open_read>campaign_clicked,Professional Details Submission,1,7883,0.00012685525815045033,2103,5780,0.08276971273530814
STATE_CHANNEL_TIME,,listing,GRCS,EVENING,,NO_ENGAGEMENT,Application OTP Verification,1,728,0.0013736263736263737,353,375,0.06813220018885742
STATE_CHANNEL_TIME,,listing,GRCS,EVENING,,NO_ENGAGEMENT,Application Resume,5,728,0.006868131868131868,353,375,0.06813220018885742
STATE_CHANNEL_TIME,,listing,GRCS,EVENING,,NO_ENGAGEMENT,NO_JOURNEY_RESPONSE,112,728,0.15384615384615385,353,375,0.06813220018885742
STATE_CHANNEL_TIME,,listing,GRCS,EVENING,,campaign_clicked>campaign_open_read,Application Resume,3,728,0.004120879120879121,353,375,0.06813220018885742
STATE_CHANNEL_TIME,,listing,GRCS,EVENING,,campaign_clicked>campaign_open_read,NO_JOURNEY_RESPONSE,34,728,0.046703296703296704,353,375,0.06813220018885742
STATE_CHANNEL_TIME,,listing,GRCS,EVENING,,campaign_open_read,Application Resume,5,728,0.006868131868131868,353,375,0.06813220018885742
STATE_CHANNEL_TIME,,listing,GRCS,EVENING,,campaign_open_read,NO_JOURNEY_RESPONSE,510,728,0.7005494505494505,353,375,0.06813220018885742
STATE_CHANNEL_TIME,,listing,GRCS,EVENING,,campaign_open_read>campaign_clicked,Application Resume,8,728,0.01098901098901099,353,375,0.06813220018885742
STATE_CHANNEL_TIME,,listing,GRCS,EVENING,,campaign_open_read>campaign_clicked,NO_JOURNEY_RESPONSE,50,728,0.06868131868131869,353,375,0.06813220018885742
STATE_CHANNEL_TIME,,listing,GRCS,MORNING,,NO_ENGAGEMENT,AIP Approved,11,9292,0.0011838140335772708,4954,4338,0.06752654620759024
STATE_CHANNEL_TIME,,listing,GRCS,MORNING,,NO_ENGAGEMENT,Application OTP Verification,12,9292,0.0012914334911752045,4954,4338,0.06752654620759024
STATE_CHANNEL_TIME,,listing,GRCS,MORNING,,NO_ENGAGEMENT,Application Resume,38,9292,0.004089539388721481,4954,4338,0.06752654620759024
STATE_CHANNEL_TIME,,listing,GRCS,MORNING,,NO_ENGAGEMENT,Bank Approved,1,9292,0.00010761945759793371,4954,4338,0.06752654620759024
STATE_CHANNEL_TIME,,listing,GRCS,MORNING,,NO_ENGAGEMENT,Connection Error,1,9292,0.00010761945759793371,4954,4338,0.06752654620759024
STATE_CHANNEL_TIME,,listing,GRCS,MORNING,,NO_ENGAGEMENT,Header Navigation,1,9292,0.00010761945759793371,4954,4338,0.06752654620759024
STATE_CHANNEL_TIME,,listing,GRCS,MORNING,,NO_ENGAGEMENT,NO_JOURNEY_RESPONSE,3426,9292,0.3687042617305209,4954,4338,0.06752654620759024
STATE_CHANNEL_TIME,,listing,GRCS,MORNING,,NO_ENGAGEMENT,Professional Details Submission,1,9292,0.00010761945759793371,4954,4338,0.06752654620759024
STATE_CHANNEL_TIME,,listing,GRCS,MORNING,,campaign_clicked>campaign_open_read,Application Resume,7,9292,0.000753336203185536,4954,4338,0.06752654620759024
STATE_CHANNEL_TIME,,listing,GRCS,MORNING,,campaign_clicked>campaign_open_read,NO_JOURNEY_RESPONSE,123,9292,0.013237193284545846,4954,4338,0.06752654620759024
STATE_CHANNEL_TIME,,listing,GRCS,MORNING,,campaign_open_read,AIP Approved,6,9292,0.0006457167455876022,4954,4338,0.06752654620759024
STATE_CHANNEL_TIME,,listing,GRCS,MORNING,,campaign_open_read,Application Resume,19,9292,0.0020447696943607404,4954,4338,0.06752654620759024
STATE_CHANNEL_TIME,,listing,GRCS,MORNING,,campaign_open_read,NO_JOURNEY_RESPONSE,5495,9292,0.5913689195006457,4954,4338,0.06752654620759024
STATE_CHANNEL_TIME,,listing,GRCS,MORNING,,campaign_open_read>campaign_clicked,Application Resume,21,9292,0.002260008609556608,4954,4338,0.06752654620759024
STATE_CHANNEL_TIME,,listing,GRCS,MORNING,,campaign_open_read>campaign_clicked,Bank Approved,1,9292,0.00010761945759793371,4954,4338,0.06752654620759024
STATE_CHANNEL_TIME,,listing,GRCS,MORNING,,campaign_open_read>campaign_clicked,NO_JOURNEY_RESPONSE,129,9292,0.013882910030133448,4954,4338,0.06752654620759024
STATE_CHANNEL_TIME,,listing,SMS,AFTERNOON,,NO_ENGAGEMENT,AIP Approved,8,6789,0.0011783767859773163,4583,2206,0.010003167130526312
STATE_CHANNEL_TIME,,listing,SMS,AFTERNOON,,NO_ENGAGEMENT,Application OTP Verification,7,6789,0.0010310796877301518,4583,2206,0.010003167130526312
STATE_CHANNEL_TIME,,listing,SMS,AFTERNOON,,NO_ENGAGEMENT,Application Resume,29,6789,0.004271615849167771,4583,2206,0.010003167130526312
STATE_CHANNEL_TIME,,listing,SMS,AFTERNOON,,NO_ENGAGEMENT,Connection Error,1,6789,0.00014729709824716454,4583,2206,0.010003167130526312
STATE_CHANNEL_TIME,,listing,SMS,AFTERNOON,,NO_ENGAGEMENT,NO_JOURNEY_RESPONSE,6427,6789,0.9466784504345265,4583,2206,0.010003167130526312
STATE_CHANNEL_TIME,,listing,SMS,AFTERNOON,,campaign_clicked,AIP Approved,1,6789,0.00014729709824716454,4583,2206,0.010003167130526312
STATE_CHANNEL_TIME,,listing,SMS,AFTERNOON,,campaign_clicked,Application OTP Verification,1,6789,0.00014729709824716454,4583,2206,0.010003167130526312
STATE_CHANNEL_TIME,,listing,SMS,AFTERNOON,,campaign_clicked,Application Resume,1,6789,0.00014729709824716454,4583,2206,0.010003167130526312
STATE_CHANNEL_TIME,,listing,SMS,AFTERNOON,,campaign_clicked,NO_JOURNEY_RESPONSE,313,6789,0.0461039917513625,4583,2206,0.010003167130526312
STATE_CHANNEL_TIME,,listing,SMS,AFTERNOON,,campaign_clicked,Professional Details Submission,1,6789,0.00014729709824716454,4583,2206,0.010003167130526312
STATE_CHANNEL_TIME,,listing,SMS,MORNING,,NO_ENGAGEMENT,AIP Approved,13,9222,0.0014096725222294514,5495,3727,0.046725356832186156
STATE_CHANNEL_TIME,,listing,SMS,MORNING,,NO_ENGAGEMENT,Application Created,2,9222,0.00021687269572760788,5495,3727,0.046725356832186156
STATE_CHANNEL_TIME,,listing,SMS,MORNING,,NO_ENGAGEMENT,Application OTP Verification,19,9222,0.002060290609412275,5495,3727,0.046725356832186156
STATE_CHANNEL_TIME,,listing,SMS,MORNING,,NO_ENGAGEMENT,Application Resume,54,9222,0.005855562784645413,5495,3727,0.046725356832186156
STATE_CHANNEL_TIME,,listing,SMS,MORNING,,NO_ENGAGEMENT,Bank Approved,1,9222,0.00010843634786380394,5495,3727,0.046725356832186156
STATE_CHANNEL_TIME,,listing,SMS,MORNING,,NO_ENGAGEMENT,Connection Error,1,9222,0.00010843634786380394,5495,3727,0.046725356832186156
STATE_CHANNEL_TIME,,listing,SMS,MORNING,,NO_ENGAGEMENT,Language Selection,2,9222,0.00021687269572760788,5495,3727,0.046725356832186156
STATE_CHANNEL_TIME,,listing,SMS,MORNING,,NO_ENGAGEMENT,NO_JOURNEY_RESPONSE,7711,9222,0.8361526783777923,5495,3727,0.046725356832186156
STATE_CHANNEL_TIME,,listing,SMS,MORNING,,NO_ENGAGEMENT,Product Selection,1,9222,0.00010843634786380394,5495,3727,0.046725356832186156
STATE_CHANNEL_TIME,,listing,SMS,MORNING,,campaign_clicked,AIP Approved,20,9222,0.002168726957276079,5495,3727,0.046725356832186156
STATE_CHANNEL_TIME,,listing,SMS,MORNING,,campaign_clicked,Application Created,3,9222,0.00032530904359141186,5495,3727,0.046725356832186156
STATE_CHANNEL_TIME,,listing,SMS,MORNING,,campaign_clicked,Application OTP Verification,19,9222,0.002060290609412275,5495,3727,0.046725356832186156
STATE_CHANNEL_TIME,,listing,SMS,MORNING,,campaign_clicked,Application Resume,31,9222,0.0033615267837779224,5495,3727,0.046725356832186156
STATE_CHANNEL_TIME,,listing,SMS,MORNING,,campaign_clicked,Bank Approved,1,9222,0.00010843634786380394,5495,3727,0.046725356832186156
STATE_CHANNEL_TIME,,listing,SMS,MORNING,,campaign_clicked,Connection Error,1,9222,0.00010843634786380394,5495,3727,0.046725356832186156
STATE_CHANNEL_TIME,,listing,SMS,MORNING,,campaign_clicked,Loan Summary View,1,9222,0.00010843634786380394,5495,3727,0.046725356832186156
STATE_CHANNEL_TIME,,listing,SMS,MORNING,,campaign_clicked,NO_JOURNEY_RESPONSE,1340,9222,0.1453047061374973,5495,3727,0.046725356832186156
STATE_CHANNEL_TIME,,listing,SMS,MORNING,,campaign_clicked,Professional Details Submission,2,9222,0.00021687269572760788,5495,3727,0.046725356832186156
STATE_CHANNEL_TIME,,listing,WA,AFTERNOON,,NO_ENGAGEMENT,AIP Approved,1,2842,0.0003518648838845883,1316,1526,0.05496221521987674
STATE_CHANNEL_TIME,,listing,WA,AFTERNOON,,NO_ENGAGEMENT,Application Resume,1,2842,0.0003518648838845883,1316,1526,0.05496221521987674
STATE_CHANNEL_TIME,,listing,WA,AFTERNOON,,NO_ENGAGEMENT,NO_JOURNEY_RESPONSE,355,2842,0.12491203377902885,1316,1526,0.05496221521987674
STATE_CHANNEL_TIME,,listing,WA,AFTERNOON,,NO_ENGAGEMENT,Professional Details Submission,1,2842,0.0003518648838845883,1316,1526,0.05496221521987674
STATE_CHANNEL_TIME,,listing,WA,AFTERNOON,,campaign_clicked>campaign_open_read,NO_JOURNEY_RESPONSE,89,2842,0.03131597466572836,1316,1526,0.05496221521987674
STATE_CHANNEL_TIME,,listing,WA,AFTERNOON,,campaign_open_read,AIP Approved,1,2842,0.0003518648838845883,1316,1526,0.05496221521987674
STATE_CHANNEL_TIME,,listing,WA,AFTERNOON,,campaign_open_read,Application OTP Verification,4,2842,0.0014074595355383533,1316,1526,0.05496221521987674
STATE_CHANNEL_TIME,,listing,WA,AFTERNOON,,campaign_open_read,Application Resume,4,2842,0.0014074595355383533,1316,1526,0.05496221521987674
STATE_CHANNEL_TIME,,listing,WA,AFTERNOON,,campaign_open_read,NO_JOURNEY_RESPONSE,2266,2842,0.7973258268824771,1316,1526,0.05496221521987674
STATE_CHANNEL_TIME,,listing,WA,AFTERNOON,,campaign_open_read>campaign_clicked,NO_JOURNEY_RESPONSE,120,2842,0.0422237860661506,1316,1526,0.05496221521987674
STATE_CHANNEL_TIME,,listing,WA,MORNING,,NO_ENGAGEMENT,AIP Approved,1,1544,0.0006476683937823834,945,599,0.1496603686920882
STATE_CHANNEL_TIME,,listing,WA,MORNING,,NO_ENGAGEMENT,Application Resume,4,1544,0.0025906735751295338,945,599,0.1496603686920882
STATE_CHANNEL_TIME,,listing,WA,MORNING,,NO_ENGAGEMENT,NO_JOURNEY_RESPONSE,216,1544,0.13989637305699482,945,599,0.1496603686920882
STATE_CHANNEL_TIME,,listing,WA,MORNING,,campaign_clicked>campaign_open_read,NO_JOURNEY_RESPONSE,43,1544,0.027849740932642485,945,599,0.1496603686920882
STATE_CHANNEL_TIME,,listing,WA,MORNING,,campaign_open_read,Application OTP Verification,1,1544,0.0006476683937823834,945,599,0.1496603686920882
STATE_CHANNEL_TIME,,listing,WA,MORNING,,campaign_open_read,Application Resume,2,1544,0.0012953367875647669,945,599,0.1496603686920882
STATE_CHANNEL_TIME,,listing,WA,MORNING,,campaign_open_read,NO_JOURNEY_RESPONSE,1237,1544,0.8011658031088082,945,599,0.1496603686920882
STATE_CHANNEL_TIME,,listing,WA,MORNING,,campaign_open_read>campaign_clicked,NO_JOURNEY_RESPONSE,40,1544,0.025906735751295335,945,599,0.1496603686920882
STATE_CHANNEL,,AIP Approved,GRCS,,,NO_ENGAGEMENT,AIP Approved,58,980,0.05918367346938776,424,556,0.2829849328084702
STATE_CHANNEL,,AIP Approved,GRCS,,,NO_ENGAGEMENT,Application Created,1,980,0.0010204081632653062,424,556,0.2829849328084702
STATE_CHANNEL,,AIP Approved,GRCS,,,NO_ENGAGEMENT,Application OTP Verification,6,980,0.006122448979591836,424,556,0.2829849328084702
STATE_CHANNEL,,AIP Approved,GRCS,,,NO_ENGAGEMENT,Application Resume,38,980,0.03877551020408163,424,556,0.2829849328084702
STATE_CHANNEL,,AIP Approved,GRCS,,,NO_ENGAGEMENT,Bank Approval Pending,5,980,0.00510204081632653,424,556,0.2829849328084702
STATE_CHANNEL,,AIP Approved,GRCS,,,NO_ENGAGEMENT,Bank Approved,13,980,0.013265306122448979,424,556,0.2829849328084702
STATE_CHANNEL,,AIP Approved,GRCS,,,NO_ENGAGEMENT,Connection Error,20,980,0.02040816326530612,424,556,0.2829849328084702
STATE_CHANNEL,,AIP Approved,GRCS,,,NO_ENGAGEMENT,Language Selection,6,980,0.006122448979591836,424,556,0.2829849328084702
STATE_CHANNEL,,AIP Approved,GRCS,,,NO_ENGAGEMENT,NO_JOURNEY_RESPONSE,142,980,0.14489795918367346,424,556,0.2829849328084702
STATE_CHANNEL,,AIP Approved,GRCS,,,NO_ENGAGEMENT,Product Selection,166,980,0.16938775510204082,424,556,0.2829849328084702
STATE_CHANNEL,,AIP Approved,GRCS,,,NO_ENGAGEMENT,Professional Details Submission,4,980,0.004081632653061225,424,556,0.2829849328084702
STATE_CHANNEL,,AIP Approved,GRCS,,,NO_ENGAGEMENT,listing,10,980,0.01020408163265306,424,556,0.2829849328084702
STATE_CHANNEL,,AIP Approved,GRCS,,,campaign_clicked>campaign_open_read,AIP Approved,2,980,0.0020408163265306124,424,556,0.2829849328084702
STATE_CHANNEL,,AIP Approved,GRCS,,,campaign_clicked>campaign_open_read,Application Resume,17,980,0.017346938775510204,424,556,0.2829849328084702
STATE_CHANNEL,,AIP Approved,GRCS,,,campaign_clicked>campaign_open_read,NO_JOURNEY_RESPONSE,11,980,0.011224489795918367,424,556,0.2829849328084702
STATE_CHANNEL,,AIP Approved,GRCS,,,campaign_clicked>campaign_open_read,Product Selection,1,980,0.0010204081632653062,424,556,0.2829849328084702
STATE_CHANNEL,,AIP Approved,GRCS,,,campaign_clicked>campaign_open_read,Professional Details Submission,1,980,0.0010204081632653062,424,556,0.2829849328084702
STATE_CHANNEL,,AIP Approved,GRCS,,,campaign_open_read,AIP Approved,17,980,0.017346938775510204,424,556,0.2829849328084702
STATE_CHANNEL,,AIP Approved,GRCS,,,campaign_open_read,Application OTP Verification,4,980,0.004081632653061225,424,556,0.2829849328084702
STATE_CHANNEL,,AIP Approved,GRCS,,,campaign_open_read,Application Resume,53,980,0.05408163265306123,424,556,0.2829849328084702
STATE_CHANNEL,,AIP Approved,GRCS,,,campaign_open_read,Bank Approved,7,980,0.007142857142857143,424,556,0.2829849328084702
STATE_CHANNEL,,AIP Approved,GRCS,,,campaign_open_read,Connection Error,6,980,0.006122448979591836,424,556,0.2829849328084702
STATE_CHANNEL,,AIP Approved,GRCS,,,campaign_open_read,Language Selection,7,980,0.007142857142857143,424,556,0.2829849328084702
STATE_CHANNEL,,AIP Approved,GRCS,,,campaign_open_read,NO_JOURNEY_RESPONSE,281,980,0.286734693877551,424,556,0.2829849328084702
STATE_CHANNEL,,AIP Approved,GRCS,,,campaign_open_read,Product Selection,30,980,0.030612244897959183,424,556,0.2829849328084702
STATE_CHANNEL,,AIP Approved,GRCS,,,campaign_open_read,Professional Details Submission,1,980,0.0010204081632653062,424,556,0.2829849328084702
STATE_CHANNEL,,AIP Approved,GRCS,,,campaign_open_read,listing,3,980,0.003061224489795918,424,556,0.2829849328084702
STATE_CHANNEL,,AIP Approved,GRCS,,,campaign_open_read>campaign_clicked,AIP Approved,3,980,0.003061224489795918,424,556,0.2829849328084702
STATE_CHANNEL,,AIP Approved,GRCS,,,campaign_open_read>campaign_clicked,Application OTP Verification,1,980,0.0010204081632653062,424,556,0.2829849328084702
STATE_CHANNEL,,AIP Approved,GRCS,,,campaign_open_read>campaign_clicked,Application Resume,29,980,0.02959183673469388,424,556,0.2829849328084702
STATE_CHANNEL,,AIP Approved,GRCS,,,campaign_open_read>campaign_clicked,Bank Approved,2,980,0.0020408163265306124,424,556,0.2829849328084702
STATE_CHANNEL,,AIP Approved,GRCS,,,campaign_open_read>campaign_clicked,Connection Error,2,980,0.0020408163265306124,424,556,0.2829849328084702
STATE_CHANNEL,,AIP Approved,GRCS,,,campaign_open_read>campaign_clicked,Language Selection,1,980,0.0010204081632653062,424,556,0.2829849328084702
STATE_CHANNEL,,AIP Approved,GRCS,,,campaign_open_read>campaign_clicked,NO_JOURNEY_RESPONSE,24,980,0.024489795918367346,424,556,0.2829849328084702
STATE_CHANNEL,,AIP Approved,GRCS,,,campaign_open_read>campaign_clicked,Product Selection,8,980,0.00816326530612245,424,556,0.2829849328084702
STATE_CHANNEL,,Application created/Login,GRCS,,,NO_ENGAGEMENT,Application OTP Verification,1,2321,0.00043084877208099956,820,1501,0.029674525925805592
STATE_CHANNEL,,Application created/Login,GRCS,,,NO_ENGAGEMENT,Application Resume,2,2321,0.0008616975441619991,820,1501,0.029674525925805592
STATE_CHANNEL,,Application created/Login,GRCS,,,NO_ENGAGEMENT,Language Selection,1,2321,0.00043084877208099956,820,1501,0.029674525925805592
STATE_CHANNEL,,Application created/Login,GRCS,,,NO_ENGAGEMENT,NO_JOURNEY_RESPONSE,901,2321,0.38819474364498063,820,1501,0.029674525925805592
STATE_CHANNEL,,Application created/Login,GRCS,,,campaign_clicked>campaign_open_read,NO_JOURNEY_RESPONSE,31,2321,0.013356311934510987,820,1501,0.029674525925805592
STATE_CHANNEL,,Application created/Login,GRCS,,,campaign_open_read,Application Resume,1,2321,0.00043084877208099956,820,1501,0.029674525925805592
STATE_CHANNEL,,Application created/Login,GRCS,,,campaign_open_read,NO_JOURNEY_RESPONSE,1336,2321,0.5756139595002154,820,1501,0.029674525925805592
STATE_CHANNEL,,Application created/Login,GRCS,,,campaign_open_read>campaign_clicked,NO_JOURNEY_RESPONSE,48,2321,0.02068074105988798,820,1501,0.029674525925805592
STATE_CHANNEL,,Application created/Login,SMS,,,NO_ENGAGEMENT,NO_JOURNEY_RESPONSE,2400,2633,0.9115077857956704,1447,1186,0.03229336500126446
STATE_CHANNEL,,Application created/Login,SMS,,,campaign_clicked,NO_JOURNEY_RESPONSE,233,2633,0.08849221420432966,1447,1186,0.03229336500126446
STATE_CHANNEL,,Application created/Login,WA,,,NO_ENGAGEMENT,NO_JOURNEY_RESPONSE,461,1632,0.2824754901960784,733,899,0.048075245042619716
STATE_CHANNEL,,Application created/Login,WA,,,campaign_clicked>campaign_open_read,NO_JOURNEY_RESPONSE,26,1632,0.015931372549019607,733,899,0.048075245042619716
STATE_CHANNEL,,Application created/Login,WA,,,campaign_open_read,Application Resume,1,1632,0.0006127450980392157,733,899,0.048075245042619716
STATE_CHANNEL,,Application created/Login,WA,,,campaign_open_read,NO_JOURNEY_RESPONSE,1125,1632,0.6893382352941176,733,899,0.048075245042619716
STATE_CHANNEL,,Application created/Login,WA,,,campaign_open_read>campaign_clicked,NO_JOURNEY_RESPONSE,19,1632,0.011642156862745098,733,899,0.048075245042619716
STATE_CHANNEL,,Professional details,GRCS,,,NO_ENGAGEMENT,Application OTP Verification,7,3646,0.0019199122325836533,1442,2204,0.14155702278797097
STATE_CHANNEL,,Professional details,GRCS,,,NO_ENGAGEMENT,Application Resume,17,3646,0.004662643993417444,1442,2204,0.14155702278797097
STATE_CHANNEL,,Professional details,GRCS,,,NO_ENGAGEMENT,Language Selection,1,3646,0.00027427317608337906,1442,2204,0.14155702278797097
STATE_CHANNEL,,Professional details,GRCS,,,NO_ENGAGEMENT,NO_JOURNEY_RESPONSE,1194,3646,0.3274821722435546,1442,2204,0.14155702278797097
STATE_CHANNEL,,Professional details,GRCS,,,campaign_clicked>campaign_open_read,Application Resume,11,3646,0.0030170049369171695,1442,2204,0.14155702278797097
STATE_CHANNEL,,Professional details,GRCS,,,campaign_clicked>campaign_open_read,NO_JOURNEY_RESPONSE,54,3646,0.014810751508502468,1442,2204,0.14155702278797097
STATE_CHANNEL,,Professional details,GRCS,,,campaign_open_read,Application OTP Verification,3,3646,0.0008228195282501371,1442,2204,0.14155702278797097
STATE_CHANNEL,,Professional details,GRCS,,,campaign_open_read,Application Resume,4,3646,0.0010970927043335162,1442,2204,0.14155702278797097
STATE_CHANNEL,,Professional details,GRCS,,,campaign_open_read,Journey Close,1,3646,0.00027427317608337906,1442,2204,0.14155702278797097
STATE_CHANNEL,,Professional details,GRCS,,,campaign_open_read,Language Selection,1,3646,0.00027427317608337906,1442,2204,0.14155702278797097
STATE_CHANNEL,,Professional details,GRCS,,,campaign_open_read,NO_JOURNEY_RESPONSE,2246,3646,0.6160175534832694,1442,2204,0.14155702278797097
STATE_CHANNEL,,Professional details,GRCS,,,campaign_open_read>campaign_clicked,Application OTP Verification,1,3646,0.00027427317608337906,1442,2204,0.14155702278797097
STATE_CHANNEL,,Professional details,GRCS,,,campaign_open_read>campaign_clicked,Application Resume,10,3646,0.0027427317608337905,1442,2204,0.14155702278797097
STATE_CHANNEL,,Professional details,GRCS,,,campaign_open_read>campaign_clicked,NO_JOURNEY_RESPONSE,96,3646,0.026330224904004388,1442,2204,0.14155702278797097
STATE_CHANNEL,,Professional details,SMS,,,NO_ENGAGEMENT,Application OTP Verification,5,3823,0.0013078733978550876,2105,1718,0.01196137584718458
STATE_CHANNEL,,Professional details,SMS,,,NO_ENGAGEMENT,Application Resume,13,3823,0.0034004708344232276,2105,1718,0.01196137584718458
STATE_CHANNEL,,Professional details,SMS,,,NO_ENGAGEMENT,Connection Error,1,3823,0.0002615746795710175,2105,1718,0.01196137584718458
STATE_CHANNEL,,Professional details,SMS,,,NO_ENGAGEMENT,Language Selection,1,3823,0.0002615746795710175,2105,1718,0.01196137584718458
STATE_CHANNEL,,Professional details,SMS,,,NO_ENGAGEMENT,NO_JOURNEY_RESPONSE,3391,3823,0.8869997384253204,2105,1718,0.01196137584718458
STATE_CHANNEL,,Professional details,SMS,,,campaign_clicked,Application Created,1,3823,0.0002615746795710175,2105,1718,0.01196137584718458
STATE_CHANNEL,,Professional details,SMS,,,campaign_clicked,Application Resume,10,3823,0.0026157467957101752,2105,1718,0.01196137584718458
STATE_CHANNEL,,Professional details,SMS,,,campaign_clicked,Language Selection,1,3823,0.0002615746795710175,2105,1718,0.01196137584718458
STATE_CHANNEL,,Professional details,SMS,,,campaign_clicked,NO_JOURNEY_RESPONSE,400,3823,0.10462987182840701,2105,1718,0.01196137584718458
STATE_CHANNEL,,Professional details,WA,,,NO_ENGAGEMENT,Application OTP Verification,2,2623,0.0007624857033930614,1208,1415,0.01076217443193781
STATE_CHANNEL,,Professional details,WA,,,NO_ENGAGEMENT,Application Resume,4,2623,0.0015249714067861228,1208,1415,0.01076217443193781
STATE_CHANNEL,,Professional details,WA,,,NO_ENGAGEMENT,NO_JOURNEY_RESPONSE,852,2623,0.32481890964544413,1208,1415,0.01076217443193781
STATE_CHANNEL,,Professional details,WA,,,campaign_clicked>campaign_open_read,NO_JOURNEY_RESPONSE,28,2623,0.01067479984750286,1208,1415,0.01076217443193781
STATE_CHANNEL,,Professional details,WA,,,campaign_open_read,Application OTP Verification,2,2623,0.0007624857033930614,1208,1415,0.01076217443193781
STATE_CHANNEL,,Professional details,WA,,,campaign_open_read,Application Resume,4,2623,0.0015249714067861228,1208,1415,0.01076217443193781
STATE_CHANNEL,,Professional details,WA,,,campaign_open_read,Language Selection,1,2623,0.0003812428516965307,1208,1415,0.01076217443193781
STATE_CHANNEL,,Professional details,WA,,,campaign_open_read,NO_JOURNEY_RESPONSE,1695,2623,0.6462066336256195,1208,1415,0.01076217443193781
STATE_CHANNEL,,Professional details,WA,,,campaign_open_read>campaign_clicked,NO_JOURNEY_RESPONSE,35,2623,0.013343499809378575,1208,1415,0.01076217443193781
STATE_CHANNEL,,listing,GRCS,,,NO_ENGAGEMENT,AIP Approved,12,18210,0.0006589785831960461,7561,10649,0.10040679687264897
STATE_CHANNEL,,listing,GRCS,,,NO_ENGAGEMENT,Application OTP Verification,20,18210,0.001098297638660077,7561,10649,0.10040679687264897
STATE_CHANNEL,,listing,GRCS,,,NO_ENGAGEMENT,Application Resume,73,18210,0.004008786381109281,7561,10649,0.10040679687264897
STATE_CHANNEL,,listing,GRCS,,,NO_ENGAGEMENT,Bank Approved,1,18210,5.4914881933003843e-05,7561,10649,0.10040679687264897
STATE_CHANNEL,,listing,GRCS,,,NO_ENGAGEMENT,Connection Error,4,18210,0.00021965952773201537,7561,10649,0.10040679687264897
STATE_CHANNEL,,listing,GRCS,,,NO_ENGAGEMENT,Header Navigation,1,18210,5.4914881933003843e-05,7561,10649,0.10040679687264897
STATE_CHANNEL,,listing,GRCS,,,NO_ENGAGEMENT,Language Selection,1,18210,5.4914881933003843e-05,7561,10649,0.10040679687264897
STATE_CHANNEL,,listing,GRCS,,,NO_ENGAGEMENT,NO_JOURNEY_RESPONSE,5473,18210,0.30054914881933004,7561,10649,0.10040679687264897
STATE_CHANNEL,,listing,GRCS,,,NO_ENGAGEMENT,Professional Details Submission,1,18210,5.4914881933003843e-05,7561,10649,0.10040679687264897
STATE_CHANNEL,,listing,GRCS,,,campaign_clicked>campaign_open_read,Application Resume,30,18210,0.0016474464579901153,7561,10649,0.10040679687264897
STATE_CHANNEL,,listing,GRCS,,,campaign_clicked>campaign_open_read,Connection Error,1,18210,5.4914881933003843e-05,7561,10649,0.10040679687264897
STATE_CHANNEL,,listing,GRCS,,,campaign_clicked>campaign_open_read,NO_JOURNEY_RESPONSE,258,18210,0.014168039538714991,7561,10649,0.10040679687264897
STATE_CHANNEL,,listing,GRCS,,,campaign_open_read,AIP Approved,10,18210,0.0005491488193300384,7561,10649,0.10040679687264897
STATE_CHANNEL,,listing,GRCS,,,campaign_open_read,Application OTP Verification,5,18210,0.0002745744096650192,7561,10649,0.10040679687264897
STATE_CHANNEL,,listing,GRCS,,,campaign_open_read,Application Resume,39,18210,0.00214168039538715,7561,10649,0.10040679687264897
STATE_CHANNEL,,listing,GRCS,,,campaign_open_read,Connection Error,1,18210,5.4914881933003843e-05,7561,10649,0.10040679687264897
STATE_CHANNEL,,listing,GRCS,,,campaign_open_read,Input Field Interaction,1,18210,5.4914881933003843e-05,7561,10649,0.10040679687264897
STATE_CHANNEL,,listing,GRCS,,,campaign_open_read,NO_JOURNEY_RESPONSE,11881,18210,0.6524437122460187,7561,10649,0.10040679687264897
STATE_CHANNEL,,listing,GRCS,,,campaign_open_read>campaign_clicked,Application Resume,51,18210,0.002800658978583196,7561,10649,0.10040679687264897
STATE_CHANNEL,,listing,GRCS,,,campaign_open_read>campaign_clicked,Bank Approved,1,18210,5.4914881933003843e-05,7561,10649,0.10040679687264897
STATE_CHANNEL,,listing,GRCS,,,campaign_open_read>campaign_clicked,NO_JOURNEY_RESPONSE,345,18210,0.018945634266886325,7561,10649,0.10040679687264897
STATE_CHANNEL,,listing,GRCS,,,campaign_open_read>campaign_clicked,Professional Details Submission,1,18210,5.4914881933003843e-05,7561,10649,0.10040679687264897
STATE_CHANNEL,,listing,SMS,,,NO_ENGAGEMENT,AIP Approved,22,17959,0.0012250125285372237,10149,7810,0.019382847303727576
STATE_CHANNEL,,listing,SMS,,,NO_ENGAGEMENT,AIP Declined,1,17959,5.5682387660782896e-05,10149,7810,0.019382847303727576
STATE_CHANNEL,,listing,SMS,,,NO_ENGAGEMENT,Application Created,2,17959,0.00011136477532156579,10149,7810,0.019382847303727576
STATE_CHANNEL,,listing,SMS,,,NO_ENGAGEMENT,Application OTP Verification,28,17959,0.001559106854501921,10149,7810,0.019382847303727576
STATE_CHANNEL,,listing,SMS,,,NO_ENGAGEMENT,Application Resume,91,17959,0.005067097277131244,10149,7810,0.019382847303727576
STATE_CHANNEL,,listing,SMS,,,NO_ENGAGEMENT,Bank Approved,1,17959,5.5682387660782896e-05,10149,7810,0.019382847303727576
STATE_CHANNEL,,listing,SMS,,,NO_ENGAGEMENT,Connection Error,2,17959,0.00011136477532156579,10149,7810,0.019382847303727576
STATE_CHANNEL,,listing,SMS,,,NO_ENGAGEMENT,Language Selection,2,17959,0.00011136477532156579,10149,7810,0.019382847303727576
STATE_CHANNEL,,listing,SMS,,,NO_ENGAGEMENT,NO_JOURNEY_RESPONSE,15979,17959,0.8897488724316499,10149,7810,0.019382847303727576
STATE_CHANNEL,,listing,SMS,,,NO_ENGAGEMENT,Product Selection,1,17959,5.5682387660782896e-05,10149,7810,0.019382847303727576
STATE_CHANNEL,,listing,SMS,,,campaign_clicked,AIP Approved,22,17959,0.0012250125285372237,10149,7810,0.019382847303727576
STATE_CHANNEL,,listing,SMS,,,campaign_clicked,Application Created,6,17959,0.00033409432596469735,10149,7810,0.019382847303727576
STATE_CHANNEL,,listing,SMS,,,campaign_clicked,Application OTP Verification,20,17959,0.001113647753215658,10149,7810,0.019382847303727576
STATE_CHANNEL,,listing,SMS,,,campaign_clicked,Application Resume,34,17959,0.0018932011804666184,10149,7810,0.019382847303727576
STATE_CHANNEL,,listing,SMS,,,campaign_clicked,Bank Approved,1,17959,5.5682387660782896e-05,10149,7810,0.019382847303727576
STATE_CHANNEL,,listing,SMS,,,campaign_clicked,Connection Error,1,17959,5.5682387660782896e-05,10149,7810,0.019382847303727576
STATE_CHANNEL,,listing,SMS,,,campaign_clicked,Loan Summary View,1,17959,5.5682387660782896e-05,10149,7810,0.019382847303727576
STATE_CHANNEL,,listing,SMS,,,campaign_clicked,NO_JOURNEY_RESPONSE,1741,17959,0.09694303691742302,10149,7810,0.019382847303727576
STATE_CHANNEL,,listing,SMS,,,campaign_clicked,OTP Initiation,1,17959,5.5682387660782896e-05,10149,7810,0.019382847303727576
STATE_CHANNEL,,listing,SMS,,,campaign_clicked,Professional Details Submission,3,17959,0.00016704716298234867,10149,7810,0.019382847303727576
STATE_CHANNEL,,listing,WA,,,NO_ENGAGEMENT,AIP Approved,2,5163,0.0003873716831299632,2991,2172,0.09184228560451149
STATE_CHANNEL,,listing,WA,,,NO_ENGAGEMENT,Application OTP Verification,1,5163,0.0001936858415649816,2991,2172,0.09184228560451149
STATE_CHANNEL,,listing,WA,,,NO_ENGAGEMENT,Application Resume,8,5163,0.0015494867325198528,2991,2172,0.09184228560451149
STATE_CHANNEL,,listing,WA,,,NO_ENGAGEMENT,NO_JOURNEY_RESPONSE,743,5163,0.14390858028278133,2991,2172,0.09184228560451149
STATE_CHANNEL,,listing,WA,,,NO_ENGAGEMENT,Professional Details Submission,2,5163,0.0003873716831299632,2991,2172,0.09184228560451149
STATE_CHANNEL,,listing,WA,,,campaign_clicked>campaign_open_read,NO_JOURNEY_RESPONSE,161,5163,0.031183420491962037,2991,2172,0.09184228560451149
STATE_CHANNEL,,listing,WA,,,campaign_open_read,AIP Approved,1,5163,0.0001936858415649816,2991,2172,0.09184228560451149
STATE_CHANNEL,,listing,WA,,,campaign_open_read,Application OTP Verification,5,5163,0.000968429207824908,2991,2172,0.09184228560451149
STATE_CHANNEL,,listing,WA,,,campaign_open_read,Application Resume,8,5163,0.0015494867325198528,2991,2172,0.09184228560451149
STATE_CHANNEL,,listing,WA,,,campaign_open_read,NO_JOURNEY_RESPONSE,4052,5163,0.7848150300213055,2991,2172,0.09184228560451149
STATE_CHANNEL,,listing,WA,,,campaign_open_read>campaign_clicked,Application Created,1,5163,0.0001936858415649816,2991,2172,0.09184228560451149
STATE_CHANNEL,,listing,WA,,,campaign_open_read>campaign_clicked,NO_JOURNEY_RESPONSE,179,5163,0.03466976564013171,2991,2172,0.09184228560451149
STAGE_CHANNEL,AIP,,GRCS,,,NO_ENGAGEMENT,AIP Approved,12,18202,0.0006592682122843643,7535,10667,0.10057580110044254
STAGE_CHANNEL,AIP,,GRCS,,,NO_ENGAGEMENT,Application OTP Verification,20,18202,0.001098780353807274,7535,10667,0.10057580110044254
STAGE_CHANNEL,AIP,,GRCS,,,NO_ENGAGEMENT,Application Resume,75,18202,0.004120426326777277,7535,10667,0.10057580110044254
STAGE_CHANNEL,AIP,,GRCS,,,NO_ENGAGEMENT,Bank Approved,1,18202,5.49390176903637e-05,7535,10667,0.10057580110044254
STAGE_CHANNEL,AIP,,GRCS,,,NO_ENGAGEMENT,Connection Error,3,18202,0.00016481705307109108,7535,10667,0.10057580110044254
STAGE_CHANNEL,AIP,,GRCS,,,NO_ENGAGEMENT,Header Navigation,1,18202,5.49390176903637e-05,7535,10667,0.10057580110044254
STAGE_CHANNEL,AIP,,GRCS,,,NO_ENGAGEMENT,Language Selection,2,18202,0.0001098780353807274,7535,10667,0.10057580110044254
STAGE_CHANNEL,AIP,,GRCS,,,NO_ENGAGEMENT,Loan Summary View,1,18202,5.49390176903637e-05,7535,10667,0.10057580110044254
STAGE_CHANNEL,AIP,,GRCS,,,NO_ENGAGEMENT,NO_JOURNEY_RESPONSE,5447,18202,0.29925282935941105,7535,10667,0.10057580110044254
STAGE_CHANNEL,AIP,,GRCS,,,NO_ENGAGEMENT,Professional Details Submission,1,18202,5.49390176903637e-05,7535,10667,0.10057580110044254
STAGE_CHANNEL,AIP,,GRCS,,,campaign_clicked>campaign_open_read,Application Resume,30,18202,0.0016481705307109108,7535,10667,0.10057580110044254
STAGE_CHANNEL,AIP,,GRCS,,,campaign_clicked>campaign_open_read,Connection Error,1,18202,5.49390176903637e-05,7535,10667,0.10057580110044254
STAGE_CHANNEL,AIP,,GRCS,,,campaign_clicked>campaign_open_read,NO_JOURNEY_RESPONSE,253,18202,0.013899571475662014,7535,10667,0.10057580110044254
STAGE_CHANNEL,AIP,,GRCS,,,campaign_open_read,AIP Approved,10,18202,0.000549390176903637,7535,10667,0.10057580110044254
STAGE_CHANNEL,AIP,,GRCS,,,campaign_open_read,Application OTP Verification,5,18202,0.0002746950884518185,7535,10667,0.10057580110044254
STAGE_CHANNEL,AIP,,GRCS,,,campaign_open_read,Application Resume,42,18202,0.0023074387429952753,7535,10667,0.10057580110044254
STAGE_CHANNEL,AIP,,GRCS,,,campaign_open_read,Connection Error,2,18202,0.0001098780353807274,7535,10667,0.10057580110044254
STAGE_CHANNEL,AIP,,GRCS,,,campaign_open_read,Input Field Interaction,1,18202,5.49390176903637e-05,7535,10667,0.10057580110044254
STAGE_CHANNEL,AIP,,GRCS,,,campaign_open_read,NO_JOURNEY_RESPONSE,11892,18202,0.653334798373805,7535,10667,0.10057580110044254
STAGE_CHANNEL,AIP,,GRCS,,,campaign_open_read>campaign_clicked,Application Resume,50,18202,0.002746950884518185,7535,10667,0.10057580110044254
STAGE_CHANNEL,AIP,,GRCS,,,campaign_open_read>campaign_clicked,Bank Approved,1,18202,5.49390176903637e-05,7535,10667,0.10057580110044254
STAGE_CHANNEL,AIP,,GRCS,,,campaign_open_read>campaign_clicked,NO_JOURNEY_RESPONSE,351,18202,0.019283595209317658,7535,10667,0.10057580110044254
STAGE_CHANNEL,AIP,,GRCS,,,campaign_open_read>campaign_clicked,Professional Details Submission,1,18202,5.49390176903637e-05,7535,10667,0.10057580110044254
STAGE_CHANNEL,AIP,,SMS,,,NO_ENGAGEMENT,AIP Approved,22,17866,0.001231389230941453,10092,7774,0.021794321162210157
STAGE_CHANNEL,AIP,,SMS,,,NO_ENGAGEMENT,AIP Declined,1,17866,5.5972237770066045e-05,10092,7774,0.021794321162210157
STAGE_CHANNEL,AIP,,SMS,,,NO_ENGAGEMENT,Application Created,2,17866,0.00011194447554013209,10092,7774,0.021794321162210157
STAGE_CHANNEL,AIP,,SMS,,,NO_ENGAGEMENT,Application OTP Verification,28,17866,0.0015672226575618492,10092,7774,0.021794321162210157
STAGE_CHANNEL,AIP,,SMS,,,NO_ENGAGEMENT,Application Resume,93,17866,0.005205418112616143,10092,7774,0.021794321162210157
STAGE_CHANNEL,AIP,,SMS,,,NO_ENGAGEMENT,Bank Approved,1,17866,5.5972237770066045e-05,10092,7774,0.021794321162210157
STAGE_CHANNEL,AIP,,SMS,,,NO_ENGAGEMENT,Connection Error,5,17866,0.00027986118885033024,10092,7774,0.021794321162210157
STAGE_CHANNEL,AIP,,SMS,,,NO_ENGAGEMENT,Language Selection,2,17866,0.00011194447554013209,10092,7774,0.021794321162210157
STAGE_CHANNEL,AIP,,SMS,,,NO_ENGAGEMENT,NO_JOURNEY_RESPONSE,15876,17866,0.8886152468375685,10092,7774,0.021794321162210157
STAGE_CHANNEL,AIP,,SMS,,,NO_ENGAGEMENT,Product Selection,1,17866,5.5972237770066045e-05,10092,7774,0.021794321162210157
STAGE_CHANNEL,AIP,,SMS,,,campaign_clicked,AIP Approved,22,17866,0.001231389230941453,10092,7774,0.021794321162210157
STAGE_CHANNEL,AIP,,SMS,,,campaign_clicked,Application Created,6,17866,0.0003358334266203963,10092,7774,0.021794321162210157
STAGE_CHANNEL,AIP,,SMS,,,campaign_clicked,Application OTP Verification,20,17866,0.001119444755401321,10092,7774,0.021794321162210157
STAGE_CHANNEL,AIP,,SMS,,,campaign_clicked,Application Resume,34,17866,0.0019030560841822456,10092,7774,0.021794321162210157
STAGE_CHANNEL,AIP,,SMS,,,campaign_clicked,Bank Approved,1,17866,5.5972237770066045e-05,10092,7774,0.021794321162210157
STAGE_CHANNEL,AIP,,SMS,,,campaign_clicked,Connection Error,1,17866,5.5972237770066045e-05,10092,7774,0.021794321162210157
STAGE_CHANNEL,AIP,,SMS,,,campaign_clicked,Language Selection,1,17866,5.5972237770066045e-05,10092,7774,0.021794321162210157
STAGE_CHANNEL,AIP,,SMS,,,campaign_clicked,Loan Summary View,1,17866,5.5972237770066045e-05,10092,7774,0.021794321162210157
STAGE_CHANNEL,AIP,,SMS,,,campaign_clicked,NO_JOURNEY_RESPONSE,1745,17866,0.09767155490876525,10092,7774,0.021794321162210157
STAGE_CHANNEL,AIP,,SMS,,,campaign_clicked,OTP Initiation,1,17866,5.5972237770066045e-05,10092,7774,0.021794321162210157
STAGE_CHANNEL,AIP,,SMS,,,campaign_clicked,Professional Details Submission,3,17866,0.00016791671331019815,10092,7774,0.021794321162210157
STAGE_CHANNEL,AIP,,WA,,,NO_ENGAGEMENT,AIP Approved,2,5150,0.0003883495145631068,2982,2168,0.09042755920516951
STAGE_CHANNEL,AIP,,WA,,,NO_ENGAGEMENT,Application OTP Verification,1,5150,0.0001941747572815534,2982,2168,0.09042755920516951
STAGE_CHANNEL,AIP,,WA,,,NO_ENGAGEMENT,Application Resume,10,5150,0.001941747572815534,2982,2168,0.09042755920516951
STAGE_CHANNEL,AIP,,WA,,,NO_ENGAGEMENT,NO_JOURNEY_RESPONSE,738,5150,0.1433009708737864,2982,2168,0.09042755920516951
STAGE_CHANNEL,AIP,,WA,,,NO_ENGAGEMENT,Professional Details Submission,2,5150,0.0003883495145631068,2982,2168,0.09042755920516951
STAGE_CHANNEL,AIP,,WA,,,campaign_clicked>campaign_open_read,NO_JOURNEY_RESPONSE,161,5150,0.0312621359223301,2982,2168,0.09042755920516951
STAGE_CHANNEL,AIP,,WA,,,campaign_open_read,AIP Approved,1,5150,0.0001941747572815534,2982,2168,0.09042755920516951
STAGE_CHANNEL,AIP,,WA,,,campaign_open_read,Application OTP Verification,5,5150,0.000970873786407767,2982,2168,0.09042755920516951
STAGE_CHANNEL,AIP,,WA,,,campaign_open_read,Application Resume,8,5150,0.0015533980582524273,2982,2168,0.09042755920516951
STAGE_CHANNEL,AIP,,WA,,,campaign_open_read,NO_JOURNEY_RESPONSE,4043,5150,0.7850485436893204,2982,2168,0.09042755920516951
STAGE_CHANNEL,AIP,,WA,,,campaign_open_read>campaign_clicked,Application Created,1,5150,0.0001941747572815534,2982,2168,0.09042755920516951
STAGE_CHANNEL,AIP,,WA,,,campaign_open_read>campaign_clicked,NO_JOURNEY_RESPONSE,178,5150,0.0345631067961165,2982,2168,0.09042755920516951
STAGE_CHANNEL,Credit Decision,,GRCS,,,NO_ENGAGEMENT,AIP Approved,109,1590,0.06855345911949685,709,881,0.29502632762808007
STAGE_CHANNEL,Credit Decision,,GRCS,,,NO_ENGAGEMENT,Address Submission,7,1590,0.00440251572327044,709,881,0.29502632762808007
STAGE_CHANNEL,Credit Decision,,GRCS,,,NO_ENGAGEMENT,App Lifecycle,1,1590,0.0006289308176100629,709,881,0.29502632762808007
STAGE_CHANNEL,Credit Decision,,GRCS,,,NO_ENGAGEMENT,Application Created,1,1590,0.0006289308176100629,709,881,0.29502632762808007
STAGE_CHANNEL,Credit Decision,,GRCS,,,NO_ENGAGEMENT,Application OTP Verification,12,1590,0.007547169811320755,709,881,0.29502632762808007
STAGE_CHANNEL,Credit Decision,,GRCS,,,NO_ENGAGEMENT,Application Resume,92,1590,0.05786163522012579,709,881,0.29502632762808007
STAGE_CHANNEL,Credit Decision,,GRCS,,,NO_ENGAGEMENT,Bank Approval Pending,27,1590,0.016981132075471698,709,881,0.29502632762808007
STAGE_CHANNEL,Credit Decision,,GRCS,,,NO_ENGAGEMENT,Bank Approved,23,1590,0.014465408805031447,709,881,0.29502632762808007
STAGE_CHANNEL,Credit Decision,,GRCS,,,NO_ENGAGEMENT,Connection Error,25,1590,0.015723270440251572,709,881,0.29502632762808007
STAGE_CHANNEL,Credit Decision,,GRCS,,,NO_ENGAGEMENT,Help / Tooltip,1,1590,0.0006289308176100629,709,881,0.29502632762808007
STAGE_CHANNEL,Credit Decision,,GRCS,,,NO_ENGAGEMENT,Journey Close,1,1590,0.0006289308176100629,709,881,0.29502632762808007
STAGE_CHANNEL,Credit Decision,,GRCS,,,NO_ENGAGEMENT,Language Selection,14,1590,0.00880503144654088,709,881,0.29502632762808007
STAGE_CHANNEL,Credit Decision,,GRCS,,,NO_ENGAGEMENT,NO_JOURNEY_RESPONSE,258,1590,0.16226415094339622,709,881,0.29502632762808007
STAGE_CHANNEL,Credit Decision,,GRCS,,,NO_ENGAGEMENT,OTP Initiation,1,1590,0.0006289308176100629,709,881,0.29502632762808007
STAGE_CHANNEL,Credit Decision,,GRCS,,,NO_ENGAGEMENT,Product Selection,167,1590,0.10503144654088051,709,881,0.29502632762808007
STAGE_CHANNEL,Credit Decision,,GRCS,,,NO_ENGAGEMENT,Professional Details Submission,5,1590,0.0031446540880503146,709,881,0.29502632762808007
STAGE_CHANNEL,Credit Decision,,GRCS,,,NO_ENGAGEMENT,Scroll / Depth,2,1590,0.0012578616352201257,709,881,0.29502632762808007
STAGE_CHANNEL,Credit Decision,,GRCS,,,NO_ENGAGEMENT,listing,10,1590,0.006289308176100629,709,881,0.29502632762808007
STAGE_CHANNEL,Credit Decision,,GRCS,,,campaign_clicked>campaign_open_read,AIP Approved,3,1590,0.0018867924528301887,709,881,0.29502632762808007
STAGE_CHANNEL,Credit Decision,,GRCS,,,campaign_clicked>campaign_open_read,Address Submission,1,1590,0.0006289308176100629,709,881,0.29502632762808007
STAGE_CHANNEL,Credit Decision,,GRCS,,,campaign_clicked>campaign_open_read,Application OTP Verification,1,1590,0.0006289308176100629,709,881,0.29502632762808007
STAGE_CHANNEL,Credit Decision,,GRCS,,,campaign_clicked>campaign_open_read,Application Resume,37,1590,0.023270440251572325,709,881,0.29502632762808007
STAGE_CHANNEL,Credit Decision,,GRCS,,,campaign_clicked>campaign_open_read,Bank Approval Pending,2,1590,0.0012578616352201257,709,881,0.29502632762808007
STAGE_CHANNEL,Credit Decision,,GRCS,,,campaign_clicked>campaign_open_read,Bank Approved,3,1590,0.0018867924528301887,709,881,0.29502632762808007
STAGE_CHANNEL,Credit Decision,,GRCS,,,campaign_clicked>campaign_open_read,Connection Error,1,1590,0.0006289308176100629,709,881,0.29502632762808007
STAGE_CHANNEL,Credit Decision,,GRCS,,,campaign_clicked>campaign_open_read,Language Selection,2,1590,0.0012578616352201257,709,881,0.29502632762808007
STAGE_CHANNEL,Credit Decision,,GRCS,,,campaign_clicked>campaign_open_read,NO_JOURNEY_RESPONSE,18,1590,0.011320754716981131,709,881,0.29502632762808007
STAGE_CHANNEL,Credit Decision,,GRCS,,,campaign_clicked>campaign_open_read,Product Selection,1,1590,0.0006289308176100629,709,881,0.29502632762808007
STAGE_CHANNEL,Credit Decision,,GRCS,,,campaign_clicked>campaign_open_read,Professional Details Submission,1,1590,0.0006289308176100629,709,881,0.29502632762808007
STAGE_CHANNEL,Credit Decision,,GRCS,,,campaign_open_read,AIP Approved,25,1590,0.015723270440251572,709,881,0.29502632762808007
STAGE_CHANNEL,Credit Decision,,GRCS,,,campaign_open_read,Address Submission,3,1590,0.0018867924528301887,709,881,0.29502632762808007
STAGE_CHANNEL,Credit Decision,,GRCS,,,campaign_open_read,Application OTP Verification,7,1590,0.00440251572327044,709,881,0.29502632762808007
STAGE_CHANNEL,Credit Decision,,GRCS,,,campaign_open_read,Application Resume,108,1590,0.06792452830188679,709,881,0.29502632762808007
STAGE_CHANNEL,Credit Decision,,GRCS,,,campaign_open_read,Bank Approval Pending,6,1590,0.0037735849056603774,709,881,0.29502632762808007
STAGE_CHANNEL,Credit Decision,,GRCS,,,campaign_open_read,Bank Approved,12,1590,0.007547169811320755,709,881,0.29502632762808007
STAGE_CHANNEL,Credit Decision,,GRCS,,,campaign_open_read,Connection Error,7,1590,0.00440251572327044,709,881,0.29502632762808007
STAGE_CHANNEL,Credit Decision,,GRCS,,,campaign_open_read,Language Selection,10,1590,0.006289308176100629,709,881,0.29502632762808007
STAGE_CHANNEL,Credit Decision,,GRCS,,,campaign_open_read,NO_JOURNEY_RESPONSE,409,1590,0.2572327044025157,709,881,0.29502632762808007
STAGE_CHANNEL,Credit Decision,,GRCS,,,campaign_open_read,OTP Initiation,1,1590,0.0006289308176100629,709,881,0.29502632762808007
STAGE_CHANNEL,Credit Decision,,GRCS,,,campaign_open_read,Product Selection,30,1590,0.018867924528301886,709,881,0.29502632762808007
STAGE_CHANNEL,Credit Decision,,GRCS,,,campaign_open_read,Professional Details Submission,1,1590,0.0006289308176100629,709,881,0.29502632762808007
STAGE_CHANNEL,Credit Decision,,GRCS,,,campaign_open_read,Scroll / Depth,1,1590,0.0006289308176100629,709,881,0.29502632762808007
STAGE_CHANNEL,Credit Decision,,GRCS,,,campaign_open_read,listing,4,1590,0.0025157232704402514,709,881,0.29502632762808007
STAGE_CHANNEL,Credit Decision,,GRCS,,,campaign_open_read>campaign_clicked,AIP Approved,6,1590,0.0037735849056603774,709,881,0.29502632762808007
STAGE_CHANNEL,Credit Decision,,GRCS,,,campaign_open_read>campaign_clicked,Address Submission,1,1590,0.0006289308176100629,709,881,0.29502632762808007
STAGE_CHANNEL,Credit Decision,,GRCS,,,campaign_open_read>campaign_clicked,Application OTP Verification,1,1590,0.0006289308176100629,709,881,0.29502632762808007
STAGE_CHANNEL,Credit Decision,,GRCS,,,campaign_open_read>campaign_clicked,Application Resume,62,1590,0.0389937106918239,709,881,0.29502632762808007
STAGE_CHANNEL,Credit Decision,,GRCS,,,campaign_open_read>campaign_clicked,Bank Approval Pending,5,1590,0.0031446540880503146,709,881,0.29502632762808007
STAGE_CHANNEL,Credit Decision,,GRCS,,,campaign_open_read>campaign_clicked,Bank Approved,9,1590,0.005660377358490566,709,881,0.29502632762808007
STAGE_CHANNEL,Credit Decision,,GRCS,,,campaign_open_read>campaign_clicked,Connection Error,2,1590,0.0012578616352201257,709,881,0.29502632762808007
STAGE_CHANNEL,Credit Decision,,GRCS,,,campaign_open_read>campaign_clicked,Journey Close,2,1590,0.0012578616352201257,709,881,0.29502632762808007
STAGE_CHANNEL,Credit Decision,,GRCS,,,campaign_open_read>campaign_clicked,Language Selection,2,1590,0.0012578616352201257,709,881,0.29502632762808007
STAGE_CHANNEL,Credit Decision,,GRCS,,,campaign_open_read>campaign_clicked,NO_JOURNEY_RESPONSE,42,1590,0.026415094339622643,709,881,0.29502632762808007
STAGE_CHANNEL,Credit Decision,,GRCS,,,campaign_open_read>campaign_clicked,Product Selection,8,1590,0.005031446540880503,709,881,0.29502632762808007
STAGE_CHANNEL,Inprogress,,GRCS,,,NO_ENGAGEMENT,Application OTP Verification,8,6176,0.0012953367875647669,2364,3812,0.092664006974147
STAGE_CHANNEL,Inprogress,,GRCS,,,NO_ENGAGEMENT,Application Resume,22,6176,0.003562176165803109,2364,3812,0.092664006974147
STAGE_CHANNEL,Inprogress,,GRCS,,,NO_ENGAGEMENT,Connection Error,1,6176,0.00016191709844559586,2364,3812,0.092664006974147
STAGE_CHANNEL,Inprogress,,GRCS,,,NO_ENGAGEMENT,Language Selection,2,6176,0.0003238341968911917,2364,3812,0.092664006974147
STAGE_CHANNEL,Inprogress,,GRCS,,,NO_ENGAGEMENT,NO_JOURNEY_RESPONSE,2173,6176,0.35184585492227977,2364,3812,0.092664006974147
STAGE_CHANNEL,Inprogress,,GRCS,,,campaign_clicked>campaign_open_read,Application Resume,12,6176,0.0019430051813471502,2364,3812,0.092664006974147
STAGE_CHANNEL,Inprogress,,GRCS,,,campaign_clicked>campaign_open_read,NO_JOURNEY_RESPONSE,96,6176,0.015544041450777202,2364,3812,0.092664006974147
STAGE_CHANNEL,Inprogress,,GRCS,,,campaign_open_read,Application OTP Verification,4,6176,0.0006476683937823834,2364,3812,0.092664006974147
STAGE_CHANNEL,Inprogress,,GRCS,,,campaign_open_read,Application Resume,6,6176,0.0009715025906735751,2364,3812,0.092664006974147
STAGE_CHANNEL,Inprogress,,GRCS,,,campaign_open_read,Bank Account Selection,1,6176,0.00016191709844559586,2364,3812,0.092664006974147
STAGE_CHANNEL,Inprogress,,GRCS,,,campaign_open_read,Journey Close,1,6176,0.00016191709844559586,2364,3812,0.092664006974147
STAGE_CHANNEL,Inprogress,,GRCS,,,campaign_open_read,Language Selection,1,6176,0.00016191709844559586,2364,3812,0.092664006974147
STAGE_CHANNEL,Inprogress,,GRCS,,,campaign_open_read,NO_JOURNEY_RESPONSE,3688,6176,0.5971502590673575,2364,3812,0.092664006974147
STAGE_CHANNEL,Inprogress,,GRCS,,,campaign_open_read>campaign_clicked,Application OTP Verification,2,6176,0.0003238341968911917,2364,3812,0.092664006974147
STAGE_CHANNEL,Inprogress,,GRCS,,,campaign_open_read>campaign_clicked,Application Resume,12,6176,0.0019430051813471502,2364,3812,0.092664006974147
STAGE_CHANNEL,Inprogress,,GRCS,,,campaign_open_read>campaign_clicked,NO_JOURNEY_RESPONSE,147,6176,0.023801813471502592,2364,3812,0.092664006974147
STAGE_CHANNEL,Inprogress,,SMS,,,NO_ENGAGEMENT,Application OTP Verification,6,6700,0.0008955223880597015,3690,3010,0.017161404172181257
STAGE_CHANNEL,Inprogress,,SMS,,,NO_ENGAGEMENT,Application Resume,18,6700,0.0026865671641791043,3690,3010,0.017161404172181257
STAGE_CHANNEL,Inprogress,,SMS,,,NO_ENGAGEMENT,Connection Error,1,6700,0.00014925373134328358,3690,3010,0.017161404172181257
STAGE_CHANNEL,Inprogress,,SMS,,,NO_ENGAGEMENT,Language Selection,1,6700,0.00014925373134328358,3690,3010,0.017161404172181257
STAGE_CHANNEL,Inprogress,,SMS,,,NO_ENGAGEMENT,NO_JOURNEY_RESPONSE,6011,6700,0.8971641791044777,3690,3010,0.017161404172181257
STAGE_CHANNEL,Inprogress,,SMS,,,campaign_clicked,AIP Approved,1,6700,0.00014925373134328358,3690,3010,0.017161404172181257
STAGE_CHANNEL,Inprogress,,SMS,,,campaign_clicked,Application Created,1,6700,0.00014925373134328358,3690,3010,0.017161404172181257
STAGE_CHANNEL,Inprogress,,SMS,,,campaign_clicked,Application Resume,13,6700,0.0019402985074626865,3690,3010,0.017161404172181257
STAGE_CHANNEL,Inprogress,,SMS,,,campaign_clicked,Language Selection,1,6700,0.00014925373134328358,3690,3010,0.017161404172181257
STAGE_CHANNEL,Inprogress,,SMS,,,campaign_clicked,NO_JOURNEY_RESPONSE,647,6700,0.09656716417910448,3690,3010,0.017161404172181257
STAGE_CHANNEL,Inprogress,,WA,,,NO_ENGAGEMENT,Application OTP Verification,2,4314,0.0004636068613815484,1979,2335,0.022735078062699005
STAGE_CHANNEL,Inprogress,,WA,,,NO_ENGAGEMENT,Application Resume,4,4314,0.0009272137227630969,1979,2335,0.022735078062699005
STAGE_CHANNEL,Inprogress,,WA,,,NO_ENGAGEMENT,NO_JOURNEY_RESPONSE,1321,4314,0.30621233194251274,1979,2335,0.022735078062699005
STAGE_CHANNEL,Inprogress,,WA,,,campaign_clicked>campaign_open_read,NO_JOURNEY_RESPONSE,54,4314,0.012517385257301807,1979,2335,0.022735078062699005
STAGE_CHANNEL,Inprogress,,WA,,,campaign_open_read,Application OTP Verification,2,4314,0.0004636068613815484,1979,2335,0.022735078062699005
STAGE_CHANNEL,Inprogress,,WA,,,campaign_open_read,Application Resume,5,4314,0.0011590171534538712,1979,2335,0.022735078062699005
STAGE_CHANNEL,Inprogress,,WA,,,campaign_open_read,Language Selection,1,4314,0.0002318034306907742,1979,2335,0.022735078062699005
STAGE_CHANNEL,Inprogress,,WA,,,campaign_open_read,NO_JOURNEY_RESPONSE,2867,4314,0.6645804357904497,1979,2335,0.022735078062699005
STAGE_CHANNEL,Inprogress,,WA,,,campaign_open_read>campaign_clicked,NO_JOURNEY_RESPONSE,58,4314,0.013444598980064905,1979,2335,0.022735078062699005
CHANNEL_TIME_PRIOR,,,GRCS,AFTERNOON,0,NO_ENGAGEMENT,AIP Approved,37,2134,0.017338331771321464,1197,937,0.07429370295179429
CHANNEL_TIME_PRIOR,,,GRCS,AFTERNOON,0,NO_ENGAGEMENT,Address Submission,19,2134,0.008903467666354265,1197,937,0.07429370295179429
CHANNEL_TIME_PRIOR,,,GRCS,AFTERNOON,0,NO_ENGAGEMENT,App Lifecycle,1,2134,0.00046860356138706655,1197,937,0.07429370295179429
CHANNEL_TIME_PRIOR,,,GRCS,AFTERNOON,0,NO_ENGAGEMENT,Application OTP Verification,9,2134,0.004217432052483599,1197,937,0.07429370295179429
CHANNEL_TIME_PRIOR,,,GRCS,AFTERNOON,0,NO_ENGAGEMENT,Application Resume,35,2134,0.01640112464854733,1197,937,0.07429370295179429
CHANNEL_TIME_PRIOR,,,GRCS,AFTERNOON,0,NO_ENGAGEMENT,Application created/Login,1,2134,0.00046860356138706655,1197,937,0.07429370295179429
CHANNEL_TIME_PRIOR,,,GRCS,AFTERNOON,0,NO_ENGAGEMENT,Bank Account Selection,1,2134,0.00046860356138706655,1197,937,0.07429370295179429
CHANNEL_TIME_PRIOR,,,GRCS,AFTERNOON,0,NO_ENGAGEMENT,Bank Approval Pending,5,2134,0.0023430178069353325,1197,937,0.07429370295179429
CHANNEL_TIME_PRIOR,,,GRCS,AFTERNOON,0,NO_ENGAGEMENT,Bank Approved,4,2134,0.0018744142455482662,1197,937,0.07429370295179429
CHANNEL_TIME_PRIOR,,,GRCS,AFTERNOON,0,NO_ENGAGEMENT,Connection Error,18,2134,0.008434864104967198,1197,937,0.07429370295179429
CHANNEL_TIME_PRIOR,,,GRCS,AFTERNOON,0,NO_ENGAGEMENT,Help / Tooltip,1,2134,0.00046860356138706655,1197,937,0.07429370295179429
CHANNEL_TIME_PRIOR,,,GRCS,AFTERNOON,0,NO_ENGAGEMENT,Input Field Interaction,1,2134,0.00046860356138706655,1197,937,0.07429370295179429
CHANNEL_TIME_PRIOR,,,GRCS,AFTERNOON,0,NO_ENGAGEMENT,Journey Close,2,2134,0.0009372071227741331,1197,937,0.07429370295179429
CHANNEL_TIME_PRIOR,,,GRCS,AFTERNOON,0,NO_ENGAGEMENT,Language Selection,7,2134,0.0032802249297094657,1197,937,0.07429370295179429
CHANNEL_TIME_PRIOR,,,GRCS,AFTERNOON,0,NO_ENGAGEMENT,Loan Summary View,1,2134,0.00046860356138706655,1197,937,0.07429370295179429
CHANNEL_TIME_PRIOR,,,GRCS,AFTERNOON,0,NO_ENGAGEMENT,NO_JOURNEY_RESPONSE,631,2134,0.29568884723523897,1197,937,0.07429370295179429
CHANNEL_TIME_PRIOR,,,GRCS,AFTERNOON,0,NO_ENGAGEMENT,OTP Initiation,1,2134,0.00046860356138706655,1197,937,0.07429370295179429
CHANNEL_TIME_PRIOR,,,GRCS,AFTERNOON,0,NO_ENGAGEMENT,Offer Discovery,1,2134,0.00046860356138706655,1197,937,0.07429370295179429
CHANNEL_TIME_PRIOR,,,GRCS,AFTERNOON,0,NO_ENGAGEMENT,Product Browse,1,2134,0.00046860356138706655,1197,937,0.07429370295179429
CHANNEL_TIME_PRIOR,,,GRCS,AFTERNOON,0,NO_ENGAGEMENT,Product Detail View,1,2134,0.00046860356138706655,1197,937,0.07429370295179429
CHANNEL_TIME_PRIOR,,,GRCS,AFTERNOON,0,NO_ENGAGEMENT,Product Selection,30,2134,0.014058106841611996,1197,937,0.07429370295179429
CHANNEL_TIME_PRIOR,,,GRCS,AFTERNOON,0,NO_ENGAGEMENT,Professional Details Submission,12,2134,0.005623242736644799,1197,937,0.07429370295179429
CHANNEL_TIME_PRIOR,,,GRCS,AFTERNOON,0,NO_ENGAGEMENT,Professional details,2,2134,0.0009372071227741331,1197,937,0.07429370295179429
CHANNEL_TIME_PRIOR,,,GRCS,AFTERNOON,0,NO_ENGAGEMENT,Scroll / Depth,1,2134,0.00046860356138706655,1197,937,0.07429370295179429
CHANNEL_TIME_PRIOR,,,GRCS,AFTERNOON,0,NO_ENGAGEMENT,listing,3,2134,0.0014058106841611997,1197,937,0.07429370295179429
CHANNEL_TIME_PRIOR,,,GRCS,AFTERNOON,0,campaign_clicked>campaign_open_read,AIP Approved,4,2134,0.0018744142455482662,1197,937,0.07429370295179429
CHANNEL_TIME_PRIOR,,,GRCS,AFTERNOON,0,campaign_clicked>campaign_open_read,Address Submission,2,2134,0.0009372071227741331,1197,937,0.07429370295179429
CHANNEL_TIME_PRIOR,,,GRCS,AFTERNOON,0,campaign_clicked>campaign_open_read,Application OTP Verification,7,2134,0.0032802249297094657,1197,937,0.07429370295179429
CHANNEL_TIME_PRIOR,,,GRCS,AFTERNOON,0,campaign_clicked>campaign_open_read,Application Resume,29,2134,0.01358950328022493,1197,937,0.07429370295179429
CHANNEL_TIME_PRIOR,,,GRCS,AFTERNOON,0,campaign_clicked>campaign_open_read,Bank Approval Pending,1,2134,0.00046860356138706655,1197,937,0.07429370295179429
CHANNEL_TIME_PRIOR,,,GRCS,AFTERNOON,0,campaign_clicked>campaign_open_read,Bank Approved,2,2134,0.0009372071227741331,1197,937,0.07429370295179429
CHANNEL_TIME_PRIOR,,,GRCS,AFTERNOON,0,campaign_clicked>campaign_open_read,Connection Error,2,2134,0.0009372071227741331,1197,937,0.07429370295179429
CHANNEL_TIME_PRIOR,,,GRCS,AFTERNOON,0,campaign_clicked>campaign_open_read,NO_JOURNEY_RESPONSE,65,2134,0.030459231490159326,1197,937,0.07429370295179429
CHANNEL_TIME_PRIOR,,,GRCS,AFTERNOON,0,campaign_clicked>campaign_open_read,Product Browse,1,2134,0.00046860356138706655,1197,937,0.07429370295179429
CHANNEL_TIME_PRIOR,,,GRCS,AFTERNOON,0,campaign_clicked>campaign_open_read,Professional Details Submission,1,2134,0.00046860356138706655,1197,937,0.07429370295179429
CHANNEL_TIME_PRIOR,,,GRCS,AFTERNOON,0,campaign_clicked>campaign_open_read,Professional details,1,2134,0.00046860356138706655,1197,937,0.07429370295179429
CHANNEL_TIME_PRIOR,,,GRCS,AFTERNOON,0,campaign_clicked>campaign_open_read,Sticky CTA Engagement,1,2134,0.00046860356138706655,1197,937,0.07429370295179429
CHANNEL_TIME_PRIOR,,,GRCS,AFTERNOON,0,campaign_open_read,AIP Approved,10,2134,0.004686035613870665,1197,937,0.07429370295179429
CHANNEL_TIME_PRIOR,,,GRCS,AFTERNOON,0,campaign_open_read,App Lifecycle,1,2134,0.00046860356138706655,1197,937,0.07429370295179429
CHANNEL_TIME_PRIOR,,,GRCS,AFTERNOON,0,campaign_open_read,Application OTP Verification,10,2134,0.004686035613870665,1197,937,0.07429370295179429
CHANNEL_TIME_PRIOR,,,GRCS,AFTERNOON,0,campaign_open_read,Application Resume,47,2134,0.022024367385192128,1197,937,0.07429370295179429
CHANNEL_TIME_PRIOR,,,GRCS,AFTERNOON,0,campaign_open_read,Bank Account Selection,1,2134,0.00046860356138706655,1197,937,0.07429370295179429
CHANNEL_TIME_PRIOR,,,GRCS,AFTERNOON,0,campaign_open_read,Bank Approval Pending,3,2134,0.0014058106841611997,1197,937,0.07429370295179429
CHANNEL_TIME_PRIOR,,,GRCS,AFTERNOON,0,campaign_open_read,Bank Approved,4,2134,0.0018744142455482662,1197,937,0.07429370295179429
CHANNEL_TIME_PRIOR,,,GRCS,AFTERNOON,0,campaign_open_read,Connection Error,7,2134,0.0032802249297094657,1197,937,0.07429370295179429
CHANNEL_TIME_PRIOR,,,GRCS,AFTERNOON,0,campaign_open_read,FAQ / Help,1,2134,0.00046860356138706655,1197,937,0.07429370295179429
CHANNEL_TIME_PRIOR,,,GRCS,AFTERNOON,0,campaign_open_read,Language Selection,4,2134,0.0018744142455482662,1197,937,0.07429370295179429
CHANNEL_TIME_PRIOR,,,GRCS,AFTERNOON,0,campaign_open_read,NO_JOURNEY_RESPONSE,920,2134,0.4311152764761012,1197,937,0.07429370295179429
CHANNEL_TIME_PRIOR,,,GRCS,AFTERNOON,0,campaign_open_read,Product Selection,9,2134,0.004217432052483599,1197,937,0.07429370295179429
CHANNEL_TIME_PRIOR,,,GRCS,AFTERNOON,0,campaign_open_read,Professional Details Submission,2,2134,0.0009372071227741331,1197,937,0.07429370295179429
CHANNEL_TIME_PRIOR,,,GRCS,AFTERNOON,0,campaign_open_read,Scroll / Depth,1,2134,0.00046860356138706655,1197,937,0.07429370295179429
CHANNEL_TIME_PRIOR,,,GRCS,AFTERNOON,0,campaign_open_read,listing,2,2134,0.0009372071227741331,1197,937,0.07429370295179429
CHANNEL_TIME_PRIOR,,,GRCS,AFTERNOON,0,campaign_open_read>campaign_clicked,AIP Approved,2,2134,0.0009372071227741331,1197,937,0.07429370295179429
CHANNEL_TIME_PRIOR,,,GRCS,AFTERNOON,0,campaign_open_read>campaign_clicked,Address Submission,4,2134,0.0018744142455482662,1197,937,0.07429370295179429
CHANNEL_TIME_PRIOR,,,GRCS,AFTERNOON,0,campaign_open_read>campaign_clicked,Application OTP Verification,6,2134,0.0028116213683223993,1197,937,0.07429370295179429
CHANNEL_TIME_PRIOR,,,GRCS,AFTERNOON,0,campaign_open_read>campaign_clicked,Application Resume,38,2134,0.01780693533270853,1197,937,0.07429370295179429
CHANNEL_TIME_PRIOR,,,GRCS,AFTERNOON,0,campaign_open_read>campaign_clicked,Bank Account Selection,1,2134,0.00046860356138706655,1197,937,0.07429370295179429
CHANNEL_TIME_PRIOR,,,GRCS,AFTERNOON,0,campaign_open_read>campaign_clicked,Bank Approval Pending,3,2134,0.0014058106841611997,1197,937,0.07429370295179429
CHANNEL_TIME_PRIOR,,,GRCS,AFTERNOON,0,campaign_open_read>campaign_clicked,Bank Approved,4,2134,0.0018744142455482662,1197,937,0.07429370295179429
CHANNEL_TIME_PRIOR,,,GRCS,AFTERNOON,0,campaign_open_read>campaign_clicked,Connection Error,2,2134,0.0009372071227741331,1197,937,0.07429370295179429
CHANNEL_TIME_PRIOR,,,GRCS,AFTERNOON,0,campaign_open_read>campaign_clicked,DNC Preference,1,2134,0.00046860356138706655,1197,937,0.07429370295179429
CHANNEL_TIME_PRIOR,,,GRCS,AFTERNOON,0,campaign_open_read>campaign_clicked,Journey Close,1,2134,0.00046860356138706655,1197,937,0.07429370295179429
CHANNEL_TIME_PRIOR,,,GRCS,AFTERNOON,0,campaign_open_read>campaign_clicked,Language Selection,1,2134,0.00046860356138706655,1197,937,0.07429370295179429
CHANNEL_TIME_PRIOR,,,GRCS,AFTERNOON,0,campaign_open_read>campaign_clicked,NO_JOURNEY_RESPONSE,100,2134,0.046860356138706656,1197,937,0.07429370295179429
CHANNEL_TIME_PRIOR,,,GRCS,AFTERNOON,0,campaign_open_read>campaign_clicked,Product Selection,4,2134,0.0018744142455482662,1197,937,0.07429370295179429
CHANNEL_TIME_PRIOR,,,GRCS,AFTERNOON,0,campaign_open_read>campaign_clicked,Professional Details Submission,2,2134,0.0009372071227741331,1197,937,0.07429370295179429
CHANNEL_TIME_PRIOR,,,GRCS,AFTERNOON,0,campaign_open_read>campaign_clicked,Scroll / Depth,2,2134,0.0009372071227741331,1197,937,0.07429370295179429
CHANNEL_TIME_PRIOR,,,GRCS,AFTERNOON,2_PLUS,NO_ENGAGEMENT,AIP Approved,3,8598,0.0003489183531053733,1633,6965,0.05084630571279985
CHANNEL_TIME_PRIOR,,,GRCS,AFTERNOON,2_PLUS,NO_ENGAGEMENT,Application OTP Verification,11,8598,0.0012793672947197022,1633,6965,0.05084630571279985
CHANNEL_TIME_PRIOR,,,GRCS,AFTERNOON,2_PLUS,NO_ENGAGEMENT,Application Resume,51,8598,0.005931612002791347,1633,6965,0.05084630571279985
CHANNEL_TIME_PRIOR,,,GRCS,AFTERNOON,2_PLUS,NO_ENGAGEMENT,Bank Account Selection,3,8598,0.0003489183531053733,1633,6965,0.05084630571279985
CHANNEL_TIME_PRIOR,,,GRCS,AFTERNOON,2_PLUS,NO_ENGAGEMENT,Journey Close,1,8598,0.00011630611770179111,1633,6965,0.05084630571279985
CHANNEL_TIME_PRIOR,,,GRCS,AFTERNOON,2_PLUS,NO_ENGAGEMENT,Language Selection,5,8598,0.0005815305885089556,1633,6965,0.05084630571279985
CHANNEL_TIME_PRIOR,,,GRCS,AFTERNOON,2_PLUS,NO_ENGAGEMENT,Loan Summary View,2,8598,0.00023261223540358222,1633,6965,0.05084630571279985
CHANNEL_TIME_PRIOR,,,GRCS,AFTERNOON,2_PLUS,NO_ENGAGEMENT,NO_JOURNEY_RESPONSE,1817,8598,0.21132821586415446,1633,6965,0.05084630571279985
CHANNEL_TIME_PRIOR,,,GRCS,AFTERNOON,2_PLUS,NO_ENGAGEMENT,Professional Details Submission,1,8598,0.00011630611770179111,1633,6965,0.05084630571279985
CHANNEL_TIME_PRIOR,,,GRCS,AFTERNOON,2_PLUS,campaign_clicked>campaign_open_read,Application Resume,15,8598,0.0017445917655268667,1633,6965,0.05084630571279985
CHANNEL_TIME_PRIOR,,,GRCS,AFTERNOON,2_PLUS,campaign_clicked>campaign_open_read,NO_JOURNEY_RESPONSE,68,8598,0.007908816003721796,1633,6965,0.05084630571279985
CHANNEL_TIME_PRIOR,,,GRCS,AFTERNOON,2_PLUS,campaign_open_read,AIP Approved,4,8598,0.00046522447080716444,1633,6965,0.05084630571279985
CHANNEL_TIME_PRIOR,,,GRCS,AFTERNOON,2_PLUS,campaign_open_read,Application OTP Verification,3,8598,0.0003489183531053733,1633,6965,0.05084630571279985
CHANNEL_TIME_PRIOR,,,GRCS,AFTERNOON,2_PLUS,campaign_open_read,Application Resume,23,8598,0.0026750407071411955,1633,6965,0.05084630571279985
CHANNEL_TIME_PRIOR,,,GRCS,AFTERNOON,2_PLUS,campaign_open_read,Bank Account Selection,3,8598,0.0003489183531053733,1633,6965,0.05084630571279985
CHANNEL_TIME_PRIOR,,,GRCS,AFTERNOON,2_PLUS,campaign_open_read,Connection Error,1,8598,0.00011630611770179111,1633,6965,0.05084630571279985
CHANNEL_TIME_PRIOR,,,GRCS,AFTERNOON,2_PLUS,campaign_open_read,Input Field Interaction,1,8598,0.00011630611770179111,1633,6965,0.05084630571279985
CHANNEL_TIME_PRIOR,,,GRCS,AFTERNOON,2_PLUS,campaign_open_read,NO_JOURNEY_RESPONSE,6451,8598,0.7502907652942544,1633,6965,0.05084630571279985
CHANNEL_TIME_PRIOR,,,GRCS,AFTERNOON,2_PLUS,campaign_open_read>campaign_clicked,Application OTP Verification,3,8598,0.0003489183531053733,1633,6965,0.05084630571279985
CHANNEL_TIME_PRIOR,,,GRCS,AFTERNOON,2_PLUS,campaign_open_read>campaign_clicked,Application Resume,17,8598,0.001977204000930449,1633,6965,0.05084630571279985
CHANNEL_TIME_PRIOR,,,GRCS,AFTERNOON,2_PLUS,campaign_open_read>campaign_clicked,Journey Close,2,8598,0.00023261223540358222,1633,6965,0.05084630571279985
CHANNEL_TIME_PRIOR,,,GRCS,AFTERNOON,2_PLUS,campaign_open_read>campaign_clicked,NO_JOURNEY_RESPONSE,112,8598,0.013026285182600605,1633,6965,0.05084630571279985
CHANNEL_TIME_PRIOR,,,GRCS,AFTERNOON,2_PLUS,campaign_open_read>campaign_clicked,Scroll / Depth,1,8598,0.00011630611770179111,1633,6965,0.05084630571279985
CHANNEL_TIME_PRIOR,,,GRCS,MORNING,0,NO_ENGAGEMENT,AA Bank Linking,1,4116,0.00024295432458697764,2822,1294,0.13282916190628502
CHANNEL_TIME_PRIOR,,,GRCS,MORNING,0,NO_ENGAGEMENT,AIP Approved,92,4116,0.022351797862001945,2822,1294,0.13282916190628502
CHANNEL_TIME_PRIOR,,,GRCS,MORNING,0,NO_ENGAGEMENT,Address Submission,64,4116,0.015549076773566569,2822,1294,0.13282916190628502
CHANNEL_TIME_PRIOR,,,GRCS,MORNING,0,NO_ENGAGEMENT,App Lifecycle,1,4116,0.00024295432458697764,2822,1294,0.13282916190628502
CHANNEL_TIME_PRIOR,,,GRCS,MORNING,0,NO_ENGAGEMENT,Application Created,1,4116,0.00024295432458697764,2822,1294,0.13282916190628502
CHANNEL_TIME_PRIOR,,,GRCS,MORNING,0,NO_ENGAGEMENT,Application OTP Verification,46,4116,0.011175898931000973,2822,1294,0.13282916190628502
CHANNEL_TIME_PRIOR,,,GRCS,MORNING,0,NO_ENGAGEMENT,Application Resume,124,4116,0.03012633624878523,2822,1294,0.13282916190628502
CHANNEL_TIME_PRIOR,,,GRCS,MORNING,0,NO_ENGAGEMENT,Application created/Login,5,4116,0.0012147716229348883,2822,1294,0.13282916190628502
CHANNEL_TIME_PRIOR,,,GRCS,MORNING,0,NO_ENGAGEMENT,Bank Approval Pending,35,4116,0.008503401360544218,2822,1294,0.13282916190628502
CHANNEL_TIME_PRIOR,,,GRCS,MORNING,0,NO_ENGAGEMENT,Bank Approved,16,4116,0.003887269193391642,2822,1294,0.13282916190628502
CHANNEL_TIME_PRIOR,,,GRCS,MORNING,0,NO_ENGAGEMENT,Connection Error,50,4116,0.012147716229348883,2822,1294,0.13282916190628502
CHANNEL_TIME_PRIOR,,,GRCS,MORNING,0,NO_ENGAGEMENT,Disb,1,4116,0.00024295432458697764,2822,1294,0.13282916190628502
CHANNEL_TIME_PRIOR,,,GRCS,MORNING,0,NO_ENGAGEMENT,Form filled-Rejected,1,4116,0.00024295432458697764,2822,1294,0.13282916190628502
CHANNEL_TIME_PRIOR,,,GRCS,MORNING,0,NO_ENGAGEMENT,Header Navigation,1,4116,0.00024295432458697764,2822,1294,0.13282916190628502
CHANNEL_TIME_PRIOR,,,GRCS,MORNING,0,NO_ENGAGEMENT,Help / Tooltip,1,4116,0.00024295432458697764,2822,1294,0.13282916190628502
CHANNEL_TIME_PRIOR,,,GRCS,MORNING,0,NO_ENGAGEMENT,Input Field Interaction,1,4116,0.00024295432458697764,2822,1294,0.13282916190628502
CHANNEL_TIME_PRIOR,,,GRCS,MORNING,0,NO_ENGAGEMENT,Journey Close,3,4116,0.0007288629737609329,2822,1294,0.13282916190628502
CHANNEL_TIME_PRIOR,,,GRCS,MORNING,0,NO_ENGAGEMENT,Language Selection,22,4116,0.005344995140913508,2822,1294,0.13282916190628502
CHANNEL_TIME_PRIOR,,,GRCS,MORNING,0,NO_ENGAGEMENT,Loan Confirmation,1,4116,0.00024295432458697764,2822,1294,0.13282916190628502
CHANNEL_TIME_PRIOR,,,GRCS,MORNING,0,NO_ENGAGEMENT,Loan Product Browse,1,4116,0.00024295432458697764,2822,1294,0.13282916190628502
CHANNEL_TIME_PRIOR,,,GRCS,MORNING,0,NO_ENGAGEMENT,Loan Summary View,1,4116,0.00024295432458697764,2822,1294,0.13282916190628502
CHANNEL_TIME_PRIOR,,,GRCS,MORNING,0,NO_ENGAGEMENT,NO_JOURNEY_RESPONSE,1070,4116,0.2599611273080661,2822,1294,0.13282916190628502
CHANNEL_TIME_PRIOR,,,GRCS,MORNING,0,NO_ENGAGEMENT,Product Selection,116,4116,0.028182701652089408,2822,1294,0.13282916190628502
CHANNEL_TIME_PRIOR,,,GRCS,MORNING,0,NO_ENGAGEMENT,Professional Details Submission,122,4116,0.029640427599611274,2822,1294,0.13282916190628502
CHANNEL_TIME_PRIOR,,,GRCS,MORNING,0,NO_ENGAGEMENT,Professional details,2,4116,0.00048590864917395527,2822,1294,0.13282916190628502
CHANNEL_TIME_PRIOR,,,GRCS,MORNING,0,NO_ENGAGEMENT,Scroll / Depth,1,4116,0.00024295432458697764,2822,1294,0.13282916190628502
CHANNEL_TIME_PRIOR,,,GRCS,MORNING,0,NO_ENGAGEMENT,listing,26,4116,0.006316812439261419,2822,1294,0.13282916190628502
CHANNEL_TIME_PRIOR,,,GRCS,MORNING,0,campaign_clicked>campaign_open_read,Address Submission,1,4116,0.00024295432458697764,2822,1294,0.13282916190628502
CHANNEL_TIME_PRIOR,,,GRCS,MORNING,0,campaign_clicked>campaign_open_read,Application Resume,38,4116,0.00923226433430515,2822,1294,0.13282916190628502
CHANNEL_TIME_PRIOR,,,GRCS,MORNING,0,campaign_clicked>campaign_open_read,Bank Account Selection,1,4116,0.00024295432458697764,2822,1294,0.13282916190628502
CHANNEL_TIME_PRIOR,,,GRCS,MORNING,0,campaign_clicked>campaign_open_read,Bank Approval Pending,2,4116,0.00048590864917395527,2822,1294,0.13282916190628502
CHANNEL_TIME_PRIOR,,,GRCS,MORNING,0,campaign_clicked>campaign_open_read,Bank Approved,1,4116,0.00024295432458697764,2822,1294,0.13282916190628502
CHANNEL_TIME_PRIOR,,,GRCS,MORNING,0,campaign_clicked>campaign_open_read,Connection Error,3,4116,0.0007288629737609329,2822,1294,0.13282916190628502
CHANNEL_TIME_PRIOR,,,GRCS,MORNING,0,campaign_clicked>campaign_open_read,Journey Close,1,4116,0.00024295432458697764,2822,1294,0.13282916190628502
CHANNEL_TIME_PRIOR,,,GRCS,MORNING,0,campaign_clicked>campaign_open_read,Language Selection,1,4116,0.00024295432458697764,2822,1294,0.13282916190628502
CHANNEL_TIME_PRIOR,,,GRCS,MORNING,0,campaign_clicked>campaign_open_read,NO_JOURNEY_RESPONSE,123,4116,0.02988338192419825,2822,1294,0.13282916190628502
CHANNEL_TIME_PRIOR,,,GRCS,MORNING,0,campaign_clicked>campaign_open_read,Product Selection,1,4116,0.00024295432458697764,2822,1294,0.13282916190628502
CHANNEL_TIME_PRIOR,,,GRCS,MORNING,0,campaign_clicked>campaign_open_read,Professional Details Submission,1,4116,0.00024295432458697764,2822,1294,0.13282916190628502
CHANNEL_TIME_PRIOR,,,GRCS,MORNING,0,campaign_clicked>campaign_open_read,Scroll / Depth,1,4116,0.00024295432458697764,2822,1294,0.13282916190628502
CHANNEL_TIME_PRIOR,,,GRCS,MORNING,0,campaign_clicked>campaign_open_read,listing,1,4116,0.00024295432458697764,2822,1294,0.13282916190628502
CHANNEL_TIME_PRIOR,,,GRCS,MORNING,0,campaign_open_read,AIP Approved,27,4116,0.006559766763848397,2822,1294,0.13282916190628502
CHANNEL_TIME_PRIOR,,,GRCS,MORNING,0,campaign_open_read,Address Submission,14,4116,0.003401360544217687,2822,1294,0.13282916190628502
CHANNEL_TIME_PRIOR,,,GRCS,MORNING,0,campaign_open_read,Application OTP Verification,19,4116,0.004616132167152575,2822,1294,0.13282916190628502
CHANNEL_TIME_PRIOR,,,GRCS,MORNING,0,campaign_open_read,Application Resume,128,4116,0.031098153547133137,2822,1294,0.13282916190628502
CHANNEL_TIME_PRIOR,,,GRCS,MORNING,0,campaign_open_read,Application created/Login,2,4116,0.00048590864917395527,2822,1294,0.13282916190628502
CHANNEL_TIME_PRIOR,,,GRCS,MORNING,0,campaign_open_read,Bank Account Selection,2,4116,0.00048590864917395527,2822,1294,0.13282916190628502
CHANNEL_TIME_PRIOR,,,GRCS,MORNING,0,campaign_open_read,Bank Approval Pending,8,4116,0.001943634596695821,2822,1294,0.13282916190628502
CHANNEL_TIME_PRIOR,,,GRCS,MORNING,0,campaign_open_read,Bank Approved,8,4116,0.001943634596695821,2822,1294,0.13282916190628502
CHANNEL_TIME_PRIOR,,,GRCS,MORNING,0,campaign_open_read,Banner Engagement,1,4116,0.00024295432458697764,2822,1294,0.13282916190628502
CHANNEL_TIME_PRIOR,,,GRCS,MORNING,0,campaign_open_read,Connection Error,16,4116,0.003887269193391642,2822,1294,0.13282916190628502
CHANNEL_TIME_PRIOR,,,GRCS,MORNING,0,campaign_open_read,Disb,1,4116,0.00024295432458697764,2822,1294,0.13282916190628502
CHANNEL_TIME_PRIOR,,,GRCS,MORNING,0,campaign_open_read,Help / Tooltip,1,4116,0.00024295432458697764,2822,1294,0.13282916190628502
CHANNEL_TIME_PRIOR,,,GRCS,MORNING,0,campaign_open_read,Journey Close,1,4116,0.00024295432458697764,2822,1294,0.13282916190628502
CHANNEL_TIME_PRIOR,,,GRCS,MORNING,0,campaign_open_read,Language Selection,7,4116,0.0017006802721088435,2822,1294,0.13282916190628502
CHANNEL_TIME_PRIOR,,,GRCS,MORNING,0,campaign_open_read,NO_JOURNEY_RESPONSE,1650,4116,0.4008746355685131,2822,1294,0.13282916190628502
CHANNEL_TIME_PRIOR,,,GRCS,MORNING,0,campaign_open_read,OTP Initiation,1,4116,0.00024295432458697764,2822,1294,0.13282916190628502
CHANNEL_TIME_PRIOR,,,GRCS,MORNING,0,campaign_open_read,OTP Verification,1,4116,0.00024295432458697764,2822,1294,0.13282916190628502
CHANNEL_TIME_PRIOR,,,GRCS,MORNING,0,campaign_open_read,Product Selection,18,4116,0.004373177842565598,2822,1294,0.13282916190628502
CHANNEL_TIME_PRIOR,,,GRCS,MORNING,0,campaign_open_read,Professional Details Submission,11,4116,0.002672497570456754,2822,1294,0.13282916190628502
CHANNEL_TIME_PRIOR,,,GRCS,MORNING,0,campaign_open_read,Professional details,1,4116,0.00024295432458697764,2822,1294,0.13282916190628502
CHANNEL_TIME_PRIOR,,,GRCS,MORNING,0,campaign_open_read,Scroll / Depth,1,4116,0.00024295432458697764,2822,1294,0.13282916190628502
CHANNEL_TIME_PRIOR,,,GRCS,MORNING,0,campaign_open_read,listing,4,4116,0.0009718172983479105,2822,1294,0.13282916190628502
CHANNEL_TIME_PRIOR,,,GRCS,MORNING,0,campaign_open_read>campaign_clicked,AIP Approved,4,4116,0.0009718172983479105,2822,1294,0.13282916190628502
CHANNEL_TIME_PRIOR,,,GRCS,MORNING,0,campaign_open_read>campaign_clicked,Application OTP Verification,1,4116,0.00024295432458697764,2822,1294,0.13282916190628502
CHANNEL_TIME_PRIOR,,,GRCS,MORNING,0,campaign_open_read>campaign_clicked,Application Resume,73,4116,0.017735665694849367,2822,1294,0.13282916190628502
CHANNEL_TIME_PRIOR,,,GRCS,MORNING,0,campaign_open_read>campaign_clicked,Bank Approval Pending,1,4116,0.00024295432458697764,2822,1294,0.13282916190628502
CHANNEL_TIME_PRIOR,,,GRCS,MORNING,0,campaign_open_read>campaign_clicked,Bank Approved,4,4116,0.0009718172983479105,2822,1294,0.13282916190628502
CHANNEL_TIME_PRIOR,,,GRCS,MORNING,0,campaign_open_read>campaign_clicked,Connection Error,4,4116,0.0009718172983479105,2822,1294,0.13282916190628502
CHANNEL_TIME_PRIOR,,,GRCS,MORNING,0,campaign_open_read>campaign_clicked,NO_JOURNEY_RESPONSE,120,4116,0.029154518950437316,2822,1294,0.13282916190628502
CHANNEL_TIME_PRIOR,,,GRCS,MORNING,0,campaign_open_read>campaign_clicked,Product Selection,4,4116,0.0009718172983479105,2822,1294,0.13282916190628502
CHANNEL_TIME_PRIOR,,,GRCS,MORNING,0,campaign_open_read>campaign_clicked,Scroll / Depth,1,4116,0.00024295432458697764,2822,1294,0.13282916190628502
CHANNEL_TIME_PRIOR,,,GRCS,MORNING,0,campaign_open_read>campaign_clicked,Sticky CTA Engagement,1,4116,0.00024295432458697764,2822,1294,0.13282916190628502
CHANNEL_TIME_PRIOR,,,GRCS,MORNING,0,campaign_open_read>campaign_clicked,listing,1,4116,0.00024295432458697764,2822,1294,0.13282916190628502
CHANNEL_TIME_PRIOR,,,GRCS,MORNING,1,NO_ENGAGEMENT,AIP Approved,11,1990,0.005527638190954774,1165,825,0.0745636623748212
CHANNEL_TIME_PRIOR,,,GRCS,MORNING,1,NO_ENGAGEMENT,Address Submission,7,1990,0.0035175879396984926,1165,825,0.0745636623748212
CHANNEL_TIME_PRIOR,,,GRCS,MORNING,1,NO_ENGAGEMENT,Application OTP Verification,5,1990,0.002512562814070352,1165,825,0.0745636623748212
CHANNEL_TIME_PRIOR,,,GRCS,MORNING,1,NO_ENGAGEMENT,Application Resume,28,1990,0.01407035175879397,1165,825,0.0745636623748212
CHANNEL_TIME_PRIOR,,,GRCS,MORNING,1,NO_ENGAGEMENT,Bank Approval Pending,4,1990,0.0020100502512562816,1165,825,0.0745636623748212
CHANNEL_TIME_PRIOR,,,GRCS,MORNING,1,NO_ENGAGEMENT,Connection Error,4,1990,0.0020100502512562816,1165,825,0.0745636623748212
CHANNEL_TIME_PRIOR,,,GRCS,MORNING,1,NO_ENGAGEMENT,Journey Close,1,1990,0.0005025125628140704,1165,825,0.0745636623748212
CHANNEL_TIME_PRIOR,,,GRCS,MORNING,1,NO_ENGAGEMENT,Language Selection,2,1990,0.0010050251256281408,1165,825,0.0745636623748212
CHANNEL_TIME_PRIOR,,,GRCS,MORNING,1,NO_ENGAGEMENT,NO_JOURNEY_RESPONSE,693,1990,0.34824120603015074,1165,825,0.0745636623748212
CHANNEL_TIME_PRIOR,,,GRCS,MORNING,1,NO_ENGAGEMENT,OTP Initiation,1,1990,0.0005025125628140704,1165,825,0.0745636623748212
CHANNEL_TIME_PRIOR,,,GRCS,MORNING,1,NO_ENGAGEMENT,Product Selection,5,1990,0.002512562814070352,1165,825,0.0745636623748212
CHANNEL_TIME_PRIOR,,,GRCS,MORNING,1,NO_ENGAGEMENT,Professional Details Submission,5,1990,0.002512562814070352,1165,825,0.0745636623748212
CHANNEL_TIME_PRIOR,,,GRCS,MORNING,1,NO_ENGAGEMENT,Quick Action,1,1990,0.0005025125628140704,1165,825,0.0745636623748212
CHANNEL_TIME_PRIOR,,,GRCS,MORNING,1,NO_ENGAGEMENT,Sticky CTA Engagement,2,1990,0.0010050251256281408,1165,825,0.0745636623748212
CHANNEL_TIME_PRIOR,,,GRCS,MORNING,1,campaign_clicked>campaign_open_read,Application OTP Verification,1,1990,0.0005025125628140704,1165,825,0.0745636623748212
CHANNEL_TIME_PRIOR,,,GRCS,MORNING,1,campaign_clicked>campaign_open_read,Application Resume,12,1990,0.006030150753768844,1165,825,0.0745636623748212
CHANNEL_TIME_PRIOR,,,GRCS,MORNING,1,campaign_clicked>campaign_open_read,NO_JOURNEY_RESPONSE,28,1990,0.01407035175879397,1165,825,0.0745636623748212
CHANNEL_TIME_PRIOR,,,GRCS,MORNING,1,campaign_clicked>campaign_open_read,Product Browse,1,1990,0.0005025125628140704,1165,825,0.0745636623748212
CHANNEL_TIME_PRIOR,,,GRCS,MORNING,1,campaign_open_read,AIP Approved,5,1990,0.002512562814070352,1165,825,0.0745636623748212
CHANNEL_TIME_PRIOR,,,GRCS,MORNING,1,campaign_open_read,Address Submission,3,1990,0.001507537688442211,1165,825,0.0745636623748212
CHANNEL_TIME_PRIOR,,,GRCS,MORNING,1,campaign_open_read,Application OTP Verification,7,1990,0.0035175879396984926,1165,825,0.0745636623748212
CHANNEL_TIME_PRIOR,,,GRCS,MORNING,1,campaign_open_read,Application Resume,28,1990,0.01407035175879397,1165,825,0.0745636623748212
CHANNEL_TIME_PRIOR,,,GRCS,MORNING,1,campaign_open_read,Bank Account Selection,1,1990,0.0005025125628140704,1165,825,0.0745636623748212
CHANNEL_TIME_PRIOR,,,GRCS,MORNING,1,campaign_open_read,Bank Approved,1,1990,0.0005025125628140704,1165,825,0.0745636623748212
CHANNEL_TIME_PRIOR,,,GRCS,MORNING,1,campaign_open_read,Language Selection,3,1990,0.001507537688442211,1165,825,0.0745636623748212
CHANNEL_TIME_PRIOR,,,GRCS,MORNING,1,campaign_open_read,NO_JOURNEY_RESPONSE,1062,1990,0.5336683417085427,1165,825,0.0745636623748212
CHANNEL_TIME_PRIOR,,,GRCS,MORNING,1,campaign_open_read,Product Selection,3,1990,0.001507537688442211,1165,825,0.0745636623748212
CHANNEL_TIME_PRIOR,,,GRCS,MORNING,1,campaign_open_read,Quick Action,1,1990,0.0005025125628140704,1165,825,0.0745636623748212
CHANNEL_TIME_PRIOR,,,GRCS,MORNING,1,campaign_open_read>campaign_clicked,AIP Approved,3,1990,0.001507537688442211,1165,825,0.0745636623748212
CHANNEL_TIME_PRIOR,,,GRCS,MORNING,1,campaign_open_read>campaign_clicked,Application OTP Verification,1,1990,0.0005025125628140704,1165,825,0.0745636623748212
CHANNEL_TIME_PRIOR,,,GRCS,MORNING,1,campaign_open_read>campaign_clicked,Application Resume,13,1990,0.006532663316582915,1165,825,0.0745636623748212
CHANNEL_TIME_PRIOR,,,GRCS,MORNING,1,campaign_open_read>campaign_clicked,Bank Approval Pending,1,1990,0.0005025125628140704,1165,825,0.0745636623748212
CHANNEL_TIME_PRIOR,,,GRCS,MORNING,1,campaign_open_read>campaign_clicked,Bank Approved,2,1990,0.0010050251256281408,1165,825,0.0745636623748212
CHANNEL_TIME_PRIOR,,,GRCS,MORNING,1,campaign_open_read>campaign_clicked,Connection Error,1,1990,0.0005025125628140704,1165,825,0.0745636623748212
CHANNEL_TIME_PRIOR,,,GRCS,MORNING,1,campaign_open_read>campaign_clicked,NO_JOURNEY_RESPONSE,44,1990,0.022110552763819097,1165,825,0.0745636623748212
CHANNEL_TIME_PRIOR,,,GRCS,MORNING,2_PLUS,NO_ENGAGEMENT,AIP Approved,9,8761,0.0010272799908686223,3545,5216,0.008976989538536064
CHANNEL_TIME_PRIOR,,,GRCS,MORNING,2_PLUS,NO_ENGAGEMENT,Application OTP Verification,15,8761,0.0017121333181143706,3545,5216,0.008976989538536064
CHANNEL_TIME_PRIOR,,,GRCS,MORNING,2_PLUS,NO_ENGAGEMENT,Application Resume,42,8761,0.004793973290720238,3545,5216,0.008976989538536064
CHANNEL_TIME_PRIOR,,,GRCS,MORNING,2_PLUS,NO_ENGAGEMENT,Bank Account Selection,5,8761,0.0005707111060381235,3545,5216,0.008976989538536064
CHANNEL_TIME_PRIOR,,,GRCS,MORNING,2_PLUS,NO_ENGAGEMENT,Bank Approved,1,8761,0.0001141422212076247,3545,5216,0.008976989538536064
CHANNEL_TIME_PRIOR,,,GRCS,MORNING,2_PLUS,NO_ENGAGEMENT,Connection Error,1,8761,0.0001141422212076247,3545,5216,0.008976989538536064
CHANNEL_TIME_PRIOR,,,GRCS,MORNING,2_PLUS,NO_ENGAGEMENT,Journey Close,1,8761,0.0001141422212076247,3545,5216,0.008976989538536064
CHANNEL_TIME_PRIOR,,,GRCS,MORNING,2_PLUS,NO_ENGAGEMENT,Language Selection,2,8761,0.0002282844424152494,3545,5216,0.008976989538536064
CHANNEL_TIME_PRIOR,,,GRCS,MORNING,2_PLUS,NO_ENGAGEMENT,NO_JOURNEY_RESPONSE,3404,8761,0.38854012099075447,3545,5216,0.008976989538536064
CHANNEL_TIME_PRIOR,,,GRCS,MORNING,2_PLUS,NO_ENGAGEMENT,Product Selection,2,8761,0.0002282844424152494,3545,5216,0.008976989538536064
CHANNEL_TIME_PRIOR,,,GRCS,MORNING,2_PLUS,NO_ENGAGEMENT,Professional Details Submission,2,8761,0.0002282844424152494,3545,5216,0.008976989538536064
CHANNEL_TIME_PRIOR,,,GRCS,MORNING,2_PLUS,campaign_clicked>campaign_open_read,Application Resume,8,8761,0.0009131377696609977,3545,5216,0.008976989538536064
CHANNEL_TIME_PRIOR,,,GRCS,MORNING,2_PLUS,campaign_clicked>campaign_open_read,NO_JOURNEY_RESPONSE,44,8761,0.005022257733135487,3545,5216,0.008976989538536064
CHANNEL_TIME_PRIOR,,,GRCS,MORNING,2_PLUS,campaign_open_read,AIP Approved,4,8761,0.0004565688848304988,3545,5216,0.008976989538536064
CHANNEL_TIME_PRIOR,,,GRCS,MORNING,2_PLUS,campaign_open_read,Application OTP Verification,3,8761,0.0003424266636228741,3545,5216,0.008976989538536064
CHANNEL_TIME_PRIOR,,,GRCS,MORNING,2_PLUS,campaign_open_read,Application Resume,21,8761,0.002396986645360119,3545,5216,0.008976989538536064
CHANNEL_TIME_PRIOR,,,GRCS,MORNING,2_PLUS,campaign_open_read,Connection Error,2,8761,0.0002282844424152494,3545,5216,0.008976989538536064
CHANNEL_TIME_PRIOR,,,GRCS,MORNING,2_PLUS,campaign_open_read,Language Selection,2,8761,0.0002282844424152494,3545,5216,0.008976989538536064
CHANNEL_TIME_PRIOR,,,GRCS,MORNING,2_PLUS,campaign_open_read,NO_JOURNEY_RESPONSE,5106,8761,0.5828101814861317,3545,5216,0.008976989538536064
CHANNEL_TIME_PRIOR,,,GRCS,MORNING,2_PLUS,campaign_open_read,Product Selection,1,8761,0.0001141422212076247,3545,5216,0.008976989538536064
CHANNEL_TIME_PRIOR,,,GRCS,MORNING,2_PLUS,campaign_open_read>campaign_clicked,AIP Approved,1,8761,0.0001141422212076247,3545,5216,0.008976989538536064
CHANNEL_TIME_PRIOR,,,GRCS,MORNING,2_PLUS,campaign_open_read>campaign_clicked,Application OTP Verification,3,8761,0.0003424266636228741,3545,5216,0.008976989538536064
CHANNEL_TIME_PRIOR,,,GRCS,MORNING,2_PLUS,campaign_open_read>campaign_clicked,Application Resume,15,8761,0.0017121333181143706,3545,5216,0.008976989538536064
CHANNEL_TIME_PRIOR,,,GRCS,MORNING,2_PLUS,campaign_open_read>campaign_clicked,Disb,1,8761,0.0001141422212076247,3545,5216,0.008976989538536064
CHANNEL_TIME_PRIOR,,,GRCS,MORNING,2_PLUS,campaign_open_read>campaign_clicked,Language Selection,1,8761,0.0001141422212076247,3545,5216,0.008976989538536064
CHANNEL_TIME_PRIOR,,,GRCS,MORNING,2_PLUS,campaign_open_read>campaign_clicked,NO_JOURNEY_RESPONSE,65,8761,0.007419244378495606,3545,5216,0.008976989538536064
CHANNEL_TIME_PRIOR,,,SMS,AFTERNOON,2_PLUS,NO_ENGAGEMENT,AIP Approved,8,9494,0.0008426374552348852,6199,3295,0.009774105716302064
CHANNEL_TIME_PRIOR,,,SMS,AFTERNOON,2_PLUS,NO_ENGAGEMENT,Application OTP Verification,13,9494,0.0013692858647566884,6199,3295,0.009774105716302064
CHANNEL_TIME_PRIOR,,,SMS,AFTERNOON,2_PLUS,NO_ENGAGEMENT,Application Resume,59,9494,0.0062144512323572786,6199,3295,0.009774105716302064
CHANNEL_TIME_PRIOR,,,SMS,AFTERNOON,2_PLUS,NO_ENGAGEMENT,Bank Account Selection,3,9494,0.00031598904571308195,6199,3295,0.009774105716302064
CHANNEL_TIME_PRIOR,,,SMS,AFTERNOON,2_PLUS,NO_ENGAGEMENT,Bank Approved,1,9494,0.00010532968190436065,6199,3295,0.009774105716302064
CHANNEL_TIME_PRIOR,,,SMS,AFTERNOON,2_PLUS,NO_ENGAGEMENT,Connection Error,3,9494,0.00031598904571308195,6199,3295,0.009774105716302064
CHANNEL_TIME_PRIOR,,,SMS,AFTERNOON,2_PLUS,NO_ENGAGEMENT,Disb,1,9494,0.00010532968190436065,6199,3295,0.009774105716302064
CHANNEL_TIME_PRIOR,,,SMS,AFTERNOON,2_PLUS,NO_ENGAGEMENT,Journey Close,1,9494,0.00010532968190436065,6199,3295,0.009774105716302064
CHANNEL_TIME_PRIOR,,,SMS,AFTERNOON,2_PLUS,NO_ENGAGEMENT,Language Selection,1,9494,0.00010532968190436065,6199,3295,0.009774105716302064
CHANNEL_TIME_PRIOR,,,SMS,AFTERNOON,2_PLUS,NO_ENGAGEMENT,NO_JOURNEY_RESPONSE,8971,9494,0.9449125763640194,6199,3295,0.009774105716302064
CHANNEL_TIME_PRIOR,,,SMS,AFTERNOON,2_PLUS,NO_ENGAGEMENT,Product Selection,2,9494,0.0002106593638087213,6199,3295,0.009774105716302064
CHANNEL_TIME_PRIOR,,,SMS,AFTERNOON,2_PLUS,NO_ENGAGEMENT,Professional Details Submission,2,9494,0.0002106593638087213,6199,3295,0.009774105716302064
CHANNEL_TIME_PRIOR,,,SMS,AFTERNOON,2_PLUS,NO_ENGAGEMENT,Scroll / Depth,1,9494,0.00010532968190436065,6199,3295,0.009774105716302064
CHANNEL_TIME_PRIOR,,,SMS,AFTERNOON,2_PLUS,NO_ENGAGEMENT,listing,2,9494,0.0002106593638087213,6199,3295,0.009774105716302064
CHANNEL_TIME_PRIOR,,,SMS,AFTERNOON,2_PLUS,campaign_clicked,AIP Approved,1,9494,0.00010532968190436065,6199,3295,0.009774105716302064
CHANNEL_TIME_PRIOR,,,SMS,AFTERNOON,2_PLUS,campaign_clicked,Application OTP Verification,3,9494,0.00031598904571308195,6199,3295,0.009774105716302064
CHANNEL_TIME_PRIOR,,,SMS,AFTERNOON,2_PLUS,campaign_clicked,Application Resume,6,9494,0.0006319780914261639,6199,3295,0.009774105716302064
CHANNEL_TIME_PRIOR,,,SMS,AFTERNOON,2_PLUS,campaign_clicked,Connection Error,1,9494,0.00010532968190436065,6199,3295,0.009774105716302064
CHANNEL_TIME_PRIOR,,,SMS,AFTERNOON,2_PLUS,campaign_clicked,NO_JOURNEY_RESPONSE,415,9494,0.04371181799030967,6199,3295,0.009774105716302064
CHANNEL_TIME_PRIOR,,,SMS,MORNING,1,NO_ENGAGEMENT,AIP Approved,6,2550,0.002352941176470588,1569,981,0.11666208633247767
CHANNEL_TIME_PRIOR,,,SMS,MORNING,1,NO_ENGAGEMENT,Address Submission,2,2550,0.000784313725490196,1569,981,0.11666208633247767
CHANNEL_TIME_PRIOR,,,SMS,MORNING,1,NO_ENGAGEMENT,Application OTP Verification,41,2550,0.01607843137254902,1569,981,0.11666208633247767
CHANNEL_TIME_PRIOR,,,SMS,MORNING,1,NO_ENGAGEMENT,Application Resume,24,2550,0.009411764705882352,1569,981,0.11666208633247767
CHANNEL_TIME_PRIOR,,,SMS,MORNING,1,NO_ENGAGEMENT,Application created/Login,2,2550,0.000784313725490196,1569,981,0.11666208633247767
CHANNEL_TIME_PRIOR,,,SMS,MORNING,1,NO_ENGAGEMENT,Bank Account Selection,2,2550,0.000784313725490196,1569,981,0.11666208633247767
CHANNEL_TIME_PRIOR,,,SMS,MORNING,1,NO_ENGAGEMENT,Bank Approved,3,2550,0.001176470588235294,1569,981,0.11666208633247767
CHANNEL_TIME_PRIOR,,,SMS,MORNING,1,NO_ENGAGEMENT,Connection Error,2,2550,0.000784313725490196,1569,981,0.11666208633247767
CHANNEL_TIME_PRIOR,,,SMS,MORNING,1,NO_ENGAGEMENT,Disb,1,2550,0.000392156862745098,1569,981,0.11666208633247767
CHANNEL_TIME_PRIOR,,,SMS,MORNING,1,NO_ENGAGEMENT,Language Selection,2,2550,0.000784313725490196,1569,981,0.11666208633247767
CHANNEL_TIME_PRIOR,,,SMS,MORNING,1,NO_ENGAGEMENT,NO_JOURNEY_RESPONSE,2061,2550,0.808235294117647,1569,981,0.11666208633247767
CHANNEL_TIME_PRIOR,,,SMS,MORNING,1,NO_ENGAGEMENT,Product Selection,7,2550,0.0027450980392156863,1569,981,0.11666208633247767
CHANNEL_TIME_PRIOR,,,SMS,MORNING,1,NO_ENGAGEMENT,Professional Details Submission,20,2550,0.00784313725490196,1569,981,0.11666208633247767
CHANNEL_TIME_PRIOR,,,SMS,MORNING,1,NO_ENGAGEMENT,Professional details,3,2550,0.001176470588235294,1569,981,0.11666208633247767
CHANNEL_TIME_PRIOR,,,SMS,MORNING,1,NO_ENGAGEMENT,System / Error Telemetry,1,2550,0.000392156862745098,1569,981,0.11666208633247767
CHANNEL_TIME_PRIOR,,,SMS,MORNING,1,NO_ENGAGEMENT,listing,2,2550,0.000784313725490196,1569,981,0.11666208633247767
CHANNEL_TIME_PRIOR,,,SMS,MORNING,1,campaign_clicked,AIP Approved,3,2550,0.001176470588235294,1569,981,0.11666208633247767
CHANNEL_TIME_PRIOR,,,SMS,MORNING,1,campaign_clicked,Application Created,1,2550,0.000392156862745098,1569,981,0.11666208633247767
CHANNEL_TIME_PRIOR,,,SMS,MORNING,1,campaign_clicked,Application OTP Verification,3,2550,0.001176470588235294,1569,981,0.11666208633247767
CHANNEL_TIME_PRIOR,,,SMS,MORNING,1,campaign_clicked,Application Resume,15,2550,0.0058823529411764705,1569,981,0.11666208633247767
CHANNEL_TIME_PRIOR,,,SMS,MORNING,1,campaign_clicked,Bank Account Selection,2,2550,0.000784313725490196,1569,981,0.11666208633247767
CHANNEL_TIME_PRIOR,,,SMS,MORNING,1,campaign_clicked,Language Selection,2,2550,0.000784313725490196,1569,981,0.11666208633247767
CHANNEL_TIME_PRIOR,,,SMS,MORNING,1,campaign_clicked,NO_JOURNEY_RESPONSE,339,2550,0.13294117647058823,1569,981,0.11666208633247767
CHANNEL_TIME_PRIOR,,,SMS,MORNING,1,campaign_clicked,Professional Details Submission,4,2550,0.001568627450980392,1569,981,0.11666208633247767
CHANNEL_TIME_PRIOR,,,SMS,MORNING,1,campaign_clicked,Professional details,2,2550,0.000784313725490196,1569,981,0.11666208633247767
CHANNEL_TIME_PRIOR,,,SMS,MORNING,2_PLUS,NO_ENGAGEMENT,AIP Approved,12,9287,0.0012921287821686229,4831,4456,0.023383030450780377
CHANNEL_TIME_PRIOR,,,SMS,MORNING,2_PLUS,NO_ENGAGEMENT,Application Created,1,9287,0.0001076773985140519,4831,4456,0.023383030450780377
CHANNEL_TIME_PRIOR,,,SMS,MORNING,2_PLUS,NO_ENGAGEMENT,Application OTP Verification,27,9287,0.002907289759879401,4831,4456,0.023383030450780377
CHANNEL_TIME_PRIOR,,,SMS,MORNING,2_PLUS,NO_ENGAGEMENT,Application Resume,82,9287,0.008829546678152255,4831,4456,0.023383030450780377
CHANNEL_TIME_PRIOR,,,SMS,MORNING,2_PLUS,NO_ENGAGEMENT,Application created/Login,1,9287,0.0001076773985140519,4831,4456,0.023383030450780377
CHANNEL_TIME_PRIOR,,,SMS,MORNING,2_PLUS,NO_ENGAGEMENT,Bank Account Selection,2,9287,0.0002153547970281038,4831,4456,0.023383030450780377
CHANNEL_TIME_PRIOR,,,SMS,MORNING,2_PLUS,NO_ENGAGEMENT,Bank Approved,1,9287,0.0001076773985140519,4831,4456,0.023383030450780377
CHANNEL_TIME_PRIOR,,,SMS,MORNING,2_PLUS,NO_ENGAGEMENT,Connection Error,2,9287,0.0002153547970281038,4831,4456,0.023383030450780377
CHANNEL_TIME_PRIOR,,,SMS,MORNING,2_PLUS,NO_ENGAGEMENT,Disb,1,9287,0.0001076773985140519,4831,4456,0.023383030450780377
CHANNEL_TIME_PRIOR,,,SMS,MORNING,2_PLUS,NO_ENGAGEMENT,Journey Close,1,9287,0.0001076773985140519,4831,4456,0.023383030450780377
CHANNEL_TIME_PRIOR,,,SMS,MORNING,2_PLUS,NO_ENGAGEMENT,Language Selection,3,9287,0.0003230321955421557,4831,4456,0.023383030450780377
CHANNEL_TIME_PRIOR,,,SMS,MORNING,2_PLUS,NO_ENGAGEMENT,NO_JOURNEY_RESPONSE,7565,9287,0.8145795197588026,4831,4456,0.023383030450780377
CHANNEL_TIME_PRIOR,,,SMS,MORNING,2_PLUS,NO_ENGAGEMENT,OTP Initiation,1,9287,0.0001076773985140519,4831,4456,0.023383030450780377
CHANNEL_TIME_PRIOR,,,SMS,MORNING,2_PLUS,NO_ENGAGEMENT,Professional Details Submission,4,9287,0.0004307095940562076,4831,4456,0.023383030450780377
CHANNEL_TIME_PRIOR,,,SMS,MORNING,2_PLUS,NO_ENGAGEMENT,Scroll / Depth,2,9287,0.0002153547970281038,4831,4456,0.023383030450780377
CHANNEL_TIME_PRIOR,,,SMS,MORNING,2_PLUS,campaign_clicked,AIP Approved,19,9287,0.002045870571766986,4831,4456,0.023383030450780377
CHANNEL_TIME_PRIOR,,,SMS,MORNING,2_PLUS,campaign_clicked,Application Created,2,9287,0.0002153547970281038,4831,4456,0.023383030450780377
CHANNEL_TIME_PRIOR,,,SMS,MORNING,2_PLUS,campaign_clicked,Application OTP Verification,20,9287,0.002153547970281038,4831,4456,0.023383030450780377
CHANNEL_TIME_PRIOR,,,SMS,MORNING,2_PLUS,campaign_clicked,Application Resume,46,9287,0.004953160331646387,4831,4456,0.023383030450780377
CHANNEL_TIME_PRIOR,,,SMS,MORNING,2_PLUS,campaign_clicked,Bank Account Selection,1,9287,0.0001076773985140519,4831,4456,0.023383030450780377
CHANNEL_TIME_PRIOR,,,SMS,MORNING,2_PLUS,campaign_clicked,Bank Approved,1,9287,0.0001076773985140519,4831,4456,0.023383030450780377
CHANNEL_TIME_PRIOR,,,SMS,MORNING,2_PLUS,campaign_clicked,Connection Error,1,9287,0.0001076773985140519,4831,4456,0.023383030450780377
CHANNEL_TIME_PRIOR,,,SMS,MORNING,2_PLUS,campaign_clicked,Loan Summary View,1,9287,0.0001076773985140519,4831,4456,0.023383030450780377
CHANNEL_TIME_PRIOR,,,SMS,MORNING,2_PLUS,campaign_clicked,NO_JOURNEY_RESPONSE,1489,9287,0.16033164638742328,4831,4456,0.023383030450780377
CHANNEL_TIME_PRIOR,,,SMS,MORNING,2_PLUS,campaign_clicked,Professional Details Submission,2,9287,0.0002153547970281038,4831,4456,0.023383030450780377
CHANNEL_TIME_PRIOR,,,WA,AFTERNOON,2_PLUS,NO_ENGAGEMENT,Application Resume,9,4099,0.0021956574774335204,2074,2025,0.07869281045751635
CHANNEL_TIME_PRIOR,,,WA,AFTERNOON,2_PLUS,NO_ENGAGEMENT,NO_JOURNEY_RESPONSE,552,4099,0.1346669919492559,2074,2025,0.07869281045751635
CHANNEL_TIME_PRIOR,,,WA,AFTERNOON,2_PLUS,NO_ENGAGEMENT,Professional Details Submission,1,4099,0.00024396194193705782,2074,2025,0.07869281045751635
CHANNEL_TIME_PRIOR,,,WA,AFTERNOON,2_PLUS,campaign_clicked>campaign_open_read,Application OTP Verification,1,4099,0.00024396194193705782,2074,2025,0.07869281045751635
CHANNEL_TIME_PRIOR,,,WA,AFTERNOON,2_PLUS,campaign_clicked>campaign_open_read,Application Resume,1,4099,0.00024396194193705782,2074,2025,0.07869281045751635
CHANNEL_TIME_PRIOR,,,WA,AFTERNOON,2_PLUS,campaign_clicked>campaign_open_read,NO_JOURNEY_RESPONSE,115,4099,0.02805562332276165,2074,2025,0.07869281045751635
CHANNEL_TIME_PRIOR,,,WA,AFTERNOON,2_PLUS,campaign_open_read,AIP Approved,1,4099,0.00024396194193705782,2074,2025,0.07869281045751635
CHANNEL_TIME_PRIOR,,,WA,AFTERNOON,2_PLUS,campaign_open_read,Application OTP Verification,5,4099,0.0012198097096852891,2074,2025,0.07869281045751635
CHANNEL_TIME_PRIOR,,,WA,AFTERNOON,2_PLUS,campaign_open_read,Application Resume,9,4099,0.0021956574774335204,2074,2025,0.07869281045751635
CHANNEL_TIME_PRIOR,,,WA,AFTERNOON,2_PLUS,campaign_open_read,Bank Account Selection,1,4099,0.00024396194193705782,2074,2025,0.07869281045751635
CHANNEL_TIME_PRIOR,,,WA,AFTERNOON,2_PLUS,campaign_open_read,NO_JOURNEY_RESPONSE,3261,4099,0.7955598926567455,2074,2025,0.07869281045751635
CHANNEL_TIME_PRIOR,,,WA,AFTERNOON,2_PLUS,campaign_open_read>campaign_clicked,NO_JOURNEY_RESPONSE,143,4099,0.03488655769699927,2074,2025,0.07869281045751635
CHANNEL,,,GRCS,,,NO_ENGAGEMENT,AA Bank Linking,1,29013,3.446730775859098e-05,11920,17093,0.08493610948710507
CHANNEL,,,GRCS,,,NO_ENGAGEMENT,AIP Approved,173,29013,0.005962844242236239,11920,17093,0.08493610948710507
CHANNEL,,,GRCS,,,NO_ENGAGEMENT,Address Submission,98,29013,0.0033777961603419157,11920,17093,0.08493610948710507
CHANNEL,,,GRCS,,,NO_ENGAGEMENT,App Lifecycle,3,29013,0.00010340192327577293,11920,17093,0.08493610948710507
CHANNEL,,,GRCS,,,NO_ENGAGEMENT,Application Created,1,29013,3.446730775859098e-05,11920,17093,0.08493610948710507
CHANNEL,,,GRCS,,,NO_ENGAGEMENT,Application OTP Verification,101,29013,0.0034811980836176887,11920,17093,0.08493610948710507
CHANNEL,,,GRCS,,,NO_ENGAGEMENT,Application Resume,329,29013,0.01133974425257643,11920,17093,0.08493610948710507
CHANNEL,,,GRCS,,,NO_ENGAGEMENT,Application created/Login,6,29013,0.00020680384655154586,11920,17093,0.08493610948710507
CHANNEL,,,GRCS,,,NO_ENGAGEMENT,Bank Account Selection,10,29013,0.00034467307758590974,11920,17093,0.08493610948710507
CHANNEL,,,GRCS,,,NO_ENGAGEMENT,Bank Approval Pending,51,29013,0.0017578326956881399,11920,17093,0.08493610948710507
CHANNEL,,,GRCS,,,NO_ENGAGEMENT,Bank Approved,27,29013,0.0009306173094819563,11920,17093,0.08493610948710507
CHANNEL,,,GRCS,,,NO_ENGAGEMENT,Connection Error,78,29013,0.0026884500051700963,11920,17093,0.08493610948710507
CHANNEL,,,GRCS,,,NO_ENGAGEMENT,Disb,1,29013,3.446730775859098e-05,11920,17093,0.08493610948710507
CHANNEL,,,GRCS,,,NO_ENGAGEMENT,Form filled-Rejected,1,29013,3.446730775859098e-05,11920,17093,0.08493610948710507
CHANNEL,,,GRCS,,,NO_ENGAGEMENT,Header Navigation,1,29013,3.446730775859098e-05,11920,17093,0.08493610948710507
CHANNEL,,,GRCS,,,NO_ENGAGEMENT,Help / Tooltip,2,29013,6.893461551718196e-05,11920,17093,0.08493610948710507
CHANNEL,,,GRCS,,,NO_ENGAGEMENT,Input Field Interaction,2,29013,6.893461551718196e-05,11920,17093,0.08493610948710507
CHANNEL,,,GRCS,,,NO_ENGAGEMENT,Journey Close,9,29013,0.0003102057698273188,11920,17093,0.08493610948710507
CHANNEL,,,GRCS,,,NO_ENGAGEMENT,Language Selection,46,29013,0.0015854961568951848,11920,17093,0.08493610948710507
CHANNEL,,,GRCS,,,NO_ENGAGEMENT,Loan Confirmation,1,29013,3.446730775859098e-05,11920,17093,0.08493610948710507
CHANNEL,,,GRCS,,,NO_ENGAGEMENT,Loan Product Browse,1,29013,3.446730775859098e-05,11920,17093,0.08493610948710507
CHANNEL,,,GRCS,,,NO_ENGAGEMENT,Loan Summary View,4,29013,0.0001378692310343639,11920,17093,0.08493610948710507
CHANNEL,,,GRCS,,,NO_ENGAGEMENT,NO_JOURNEY_RESPONSE,8372,29013,0.28856030055492365,11920,17093,0.08493610948710507
CHANNEL,,,GRCS,,,NO_ENGAGEMENT,OTP Initiation,3,29013,0.00010340192327577293,11920,17093,0.08493610948710507
CHANNEL,,,GRCS,,,NO_ENGAGEMENT,Offer Discovery,1,29013,3.446730775859098e-05,11920,17093,0.08493610948710507
CHANNEL,,,GRCS,,,NO_ENGAGEMENT,Product Browse,1,29013,3.446730775859098e-05,11920,17093,0.08493610948710507
CHANNEL,,,GRCS,,,NO_ENGAGEMENT,Product Detail View,1,29013,3.446730775859098e-05,11920,17093,0.08493610948710507
CHANNEL,,,GRCS,,,NO_ENGAGEMENT,Product Selection,168,29013,0.005790507703443284,11920,17093,0.08493610948710507
CHANNEL,,,GRCS,,,NO_ENGAGEMENT,Professional Details Submission,153,29013,0.00527349808706442,11920,17093,0.08493610948710507
CHANNEL,,,GRCS,,,NO_ENGAGEMENT,Professional details,4,29013,0.0001378692310343639,11920,17093,0.08493610948710507
CHANNEL,,,GRCS,,,NO_ENGAGEMENT,Quick Action,1,29013,3.446730775859098e-05,11920,17093,0.08493610948710507
CHANNEL,,,GRCS,,,NO_ENGAGEMENT,Scroll / Depth,4,29013,0.0001378692310343639,11920,17093,0.08493610948710507
CHANNEL,,,GRCS,,,NO_ENGAGEMENT,Sticky CTA Engagement,2,29013,6.893461551718196e-05,11920,17093,0.08493610948710507
CHANNEL,,,GRCS,,,NO_ENGAGEMENT,listing,29,29013,0.0009995519249991383,11920,17093,0.08493610948710507
CHANNEL,,,GRCS,,,campaign_clicked>campaign_open_read,AIP Approved,4,29013,0.0001378692310343639,11920,17093,0.08493610948710507
CHANNEL,,,GRCS,,,campaign_clicked>campaign_open_read,Address Submission,3,29013,0.00010340192327577293,11920,17093,0.08493610948710507
CHANNEL,,,GRCS,,,campaign_clicked>campaign_open_read,Application OTP Verification,11,29013,0.00037914038534450075,11920,17093,0.08493610948710507
CHANNEL,,,GRCS,,,campaign_clicked>campaign_open_read,Application Resume,140,29013,0.0048254230862027365,11920,17093,0.08493610948710507
CHANNEL,,,GRCS,,,campaign_clicked>campaign_open_read,Bank Account Selection,1,29013,3.446730775859098e-05,11920,17093,0.08493610948710507
CHANNEL,,,GRCS,,,campaign_clicked>campaign_open_read,Bank Approval Pending,3,29013,0.00010340192327577293,11920,17093,0.08493610948710507
CHANNEL,,,GRCS,,,campaign_clicked>campaign_open_read,Bank Approved,4,29013,0.0001378692310343639,11920,17093,0.08493610948710507
CHANNEL,,,GRCS,,,campaign_clicked>campaign_open_read,Connection Error,5,29013,0.00017233653879295487,11920,17093,0.08493610948710507
CHANNEL,,,GRCS,,,campaign_clicked>campaign_open_read,Journey Close,1,29013,3.446730775859098e-05,11920,17093,0.08493610948710507
CHANNEL,,,GRCS,,,campaign_clicked>campaign_open_read,Language Selection,2,29013,6.893461551718196e-05,11920,17093,0.08493610948710507
CHANNEL,,,GRCS,,,campaign_clicked>campaign_open_read,NO_JOURNEY_RESPONSE,435,29013,0.014993278874987075,11920,17093,0.08493610948710507
CHANNEL,,,GRCS,,,campaign_clicked>campaign_open_read,Other,1,29013,3.446730775859098e-05,11920,17093,0.08493610948710507
CHANNEL,,,GRCS,,,campaign_clicked>campaign_open_read,Product Browse,2,29013,6.893461551718196e-05,11920,17093,0.08493610948710507
CHANNEL,,,GRCS,,,campaign_clicked>campaign_open_read,Product Selection,1,29013,3.446730775859098e-05,11920,17093,0.08493610948710507
CHANNEL,,,GRCS,,,campaign_clicked>campaign_open_read,Professional Details Submission,2,29013,6.893461551718196e-05,11920,17093,0.08493610948710507
CHANNEL,,,GRCS,,,campaign_clicked>campaign_open_read,Professional details,1,29013,3.446730775859098e-05,11920,17093,0.08493610948710507
CHANNEL,,,GRCS,,,campaign_clicked>campaign_open_read,Scroll / Depth,1,29013,3.446730775859098e-05,11920,17093,0.08493610948710507
CHANNEL,,,GRCS,,,campaign_clicked>campaign_open_read,Sticky CTA Engagement,1,29013,3.446730775859098e-05,11920,17093,0.08493610948710507
CHANNEL,,,GRCS,,,campaign_clicked>campaign_open_read,listing,1,29013,3.446730775859098e-05,11920,17093,0.08493610948710507
CHANNEL,,,GRCS,,,campaign_open_read,AIP Approved,54,29013,0.0018612346189639127,11920,17093,0.08493610948710507
CHANNEL,,,GRCS,,,campaign_open_read,Address Submission,18,29013,0.0006204115396546376,11920,17093,0.08493610948710507
CHANNEL,,,GRCS,,,campaign_open_read,App Lifecycle,1,29013,3.446730775859098e-05,11920,17093,0.08493610948710507
CHANNEL,,,GRCS,,,campaign_open_read,Application OTP Verification,45,29013,0.001551028849136594,11920,17093,0.08493610948710507
CHANNEL,,,GRCS,,,campaign_open_read,Application Resume,274,29013,0.009444042325853927,11920,17093,0.08493610948710507
CHANNEL,,,GRCS,,,campaign_open_read,Application created/Login,2,29013,6.893461551718196e-05,11920,17093,0.08493610948710507
CHANNEL,,,GRCS,,,campaign_open_read,Bank Account Selection,7,29013,0.00024127115431013684,11920,17093,0.08493610948710507
CHANNEL,,,GRCS,,,campaign_open_read,Bank Approval Pending,13,29013,0.00044807500086168267,11920,17093,0.08493610948710507
CHANNEL,,,GRCS,,,campaign_open_read,Bank Approved,15,29013,0.0005170096163788646,11920,17093,0.08493610948710507
CHANNEL,,,GRCS,,,campaign_open_read,Banner Engagement,1,29013,3.446730775859098e-05,11920,17093,0.08493610948710507
CHANNEL,,,GRCS,,,campaign_open_read,Connection Error,32,29013,0.0011029538482749113,11920,17093,0.08493610948710507
CHANNEL,,,GRCS,,,campaign_open_read,Disb,1,29013,3.446730775859098e-05,11920,17093,0.08493610948710507
CHANNEL,,,GRCS,,,campaign_open_read,FAQ / Help,1,29013,3.446730775859098e-05,11920,17093,0.08493610948710507
CHANNEL,,,GRCS,,,campaign_open_read,Help / Tooltip,1,29013,3.446730775859098e-05,11920,17093,0.08493610948710507
CHANNEL,,,GRCS,,,campaign_open_read,Input Field Interaction,1,29013,3.446730775859098e-05,11920,17093,0.08493610948710507
CHANNEL,,,GRCS,,,campaign_open_read,Journey Close,2,29013,6.893461551718196e-05,11920,17093,0.08493610948710507
CHANNEL,,,GRCS,,,campaign_open_read,Language Selection,16,29013,0.0005514769241374557,11920,17093,0.08493610948710507
CHANNEL,,,GRCS,,,campaign_open_read,NO_JOURNEY_RESPONSE,17234,29013,0.5940095819115568,11920,17093,0.08493610948710507
CHANNEL,,,GRCS,,,campaign_open_read,OTP Initiation,2,29013,6.893461551718196e-05,11920,17093,0.08493610948710507
CHANNEL,,,GRCS,,,campaign_open_read,OTP Verification,1,29013,3.446730775859098e-05,11920,17093,0.08493610948710507
CHANNEL,,,GRCS,,,campaign_open_read,Product Selection,31,29013,0.0010684865405163203,11920,17093,0.08493610948710507
CHANNEL,,,GRCS,,,campaign_open_read,Professional Details Submission,18,29013,0.0006204115396546376,11920,17093,0.08493610948710507
CHANNEL,,,GRCS,,,campaign_open_read,Professional details,1,29013,3.446730775859098e-05,11920,17093,0.08493610948710507
CHANNEL,,,GRCS,,,campaign_open_read,Quick Action,1,29013,3.446730775859098e-05,11920,17093,0.08493610948710507
CHANNEL,,,GRCS,,,campaign_open_read,Scroll / Depth,2,29013,6.893461551718196e-05,11920,17093,0.08493610948710507
CHANNEL,,,GRCS,,,campaign_open_read,Sticky CTA Engagement,1,29013,3.446730775859098e-05,11920,17093,0.08493610948710507
CHANNEL,,,GRCS,,,campaign_open_read,listing,6,29013,0.00020680384655154586,11920,17093,0.08493610948710507
CHANNEL,,,GRCS,,,campaign_open_read>campaign_clicked,AIP Approved,11,29013,0.00037914038534450075,11920,17093,0.08493610948710507
CHANNEL,,,GRCS,,,campaign_open_read>campaign_clicked,Address Submission,4,29013,0.0001378692310343639,11920,17093,0.08493610948710507
CHANNEL,,,GRCS,,,campaign_open_read>campaign_clicked,Application OTP Verification,19,29013,0.0006548788474132286,11920,17093,0.08493610948710507
CHANNEL,,,GRCS,,,campaign_open_read>campaign_clicked,Application Resume,203,29013,0.0069968634749939685,11920,17093,0.08493610948710507
CHANNEL,,,GRCS,,,campaign_open_read>campaign_clicked,Bank Account Selection,1,29013,3.446730775859098e-05,11920,17093,0.08493610948710507
CHANNEL,,,GRCS,,,campaign_open_read>campaign_clicked,Bank Approval Pending,5,29013,0.00017233653879295487,11920,17093,0.08493610948710507
CHANNEL,,,GRCS,,,campaign_open_read>campaign_clicked,Bank Approved,11,29013,0.00037914038534450075,11920,17093,0.08493610948710507
CHANNEL,,,GRCS,,,campaign_open_read>campaign_clicked,Connection Error,7,29013,0.00024127115431013684,11920,17093,0.08493610948710507
CHANNEL,,,GRCS,,,campaign_open_read>campaign_clicked,DNC Preference,1,29013,3.446730775859098e-05,11920,17093,0.08493610948710507
CHANNEL,,,GRCS,,,campaign_open_read>campaign_clicked,Disb,1,29013,3.446730775859098e-05,11920,17093,0.08493610948710507
CHANNEL,,,GRCS,,,campaign_open_read>campaign_clicked,Journey Close,5,29013,0.00017233653879295487,11920,17093,0.08493610948710507
CHANNEL,,,GRCS,,,campaign_open_read>campaign_clicked,Language Selection,5,29013,0.00017233653879295487,11920,17093,0.08493610948710507
CHANNEL,,,GRCS,,,campaign_open_read>campaign_clicked,Loan Summary View,1,29013,3.446730775859098e-05,11920,17093,0.08493610948710507
CHANNEL,,,GRCS,,,campaign_open_read>campaign_clicked,NO_JOURNEY_RESPONSE,637,29013,0.021955675042222452,11920,17093,0.08493610948710507
CHANNEL,,,GRCS,,,campaign_open_read>campaign_clicked,Offer Discovery,1,29013,3.446730775859098e-05,11920,17093,0.08493610948710507
CHANNEL,,,GRCS,,,campaign_open_read>campaign_clicked,Product Selection,8,29013,0.0002757384620687278,11920,17093,0.08493610948710507
CHANNEL,,,GRCS,,,campaign_open_read>campaign_clicked,Professional Details Submission,2,29013,6.893461551718196e-05,11920,17093,0.08493610948710507
CHANNEL,,,GRCS,,,campaign_open_read>campaign_clicked,Scroll / Depth,4,29013,0.0001378692310343639,11920,17093,0.08493610948710507
CHANNEL,,,GRCS,,,campaign_open_read>campaign_clicked,Sticky CTA Engagement,1,29013,3.446730775859098e-05,11920,17093,0.08493610948710507
CHANNEL,,,GRCS,,,campaign_open_read>campaign_clicked,listing,1,29013,3.446730775859098e-05,11920,17093,0.08493610948710507
CHANNEL,,,SMS,,,NO_ENGAGEMENT,AIP Approved,97,30423,0.0031883772146073693,14923,15500,0.18788976531139423
CHANNEL,,,SMS,,,NO_ENGAGEMENT,AIP Declined,1,30423,3.286986819182855e-05,14923,15500,0.18788976531139423
CHANNEL,,,SMS,,,NO_ENGAGEMENT,Address Submission,33,30423,0.0010847056503303421,14923,15500,0.18788976531139423
CHANNEL,,,SMS,,,NO_ENGAGEMENT,App Lifecycle,2,30423,6.57397363836571e-05,14923,15500,0.18788976531139423
CHANNEL,,,SMS,,,NO_ENGAGEMENT,Application Created,2,30423,6.57397363836571e-05,14923,15500,0.18788976531139423
CHANNEL,,,SMS,,,NO_ENGAGEMENT,Application OTP Verification,1775,30423,0.058344016040495675,14923,15500,0.18788976531139423
CHANNEL,,,SMS,,,NO_ENGAGEMENT,Application Resume,279,30423,0.009170693225520166,14923,15500,0.18788976531139423
CHANNEL,,,SMS,,,NO_ENGAGEMENT,Application created/Login,90,30423,0.0029582881372645694,14923,15500,0.18788976531139423
CHANNEL,,,SMS,,,NO_ENGAGEMENT,Bank Account Selection,9,30423,0.00029582881372645697,14923,15500,0.18788976531139423
CHANNEL,,,SMS,,,NO_ENGAGEMENT,Bank Approval Pending,27,30423,0.0008874864411793709,14923,15500,0.18788976531139423
CHANNEL,,,SMS,,,NO_ENGAGEMENT,Bank Approved,16,30423,0.0005259178910692568,14923,15500,0.18788976531139423
CHANNEL,,,SMS,,,NO_ENGAGEMENT,Bottom Navigation,1,30423,3.286986819182855e-05,14923,15500,0.18788976531139423
CHANNEL,,,SMS,,,NO_ENGAGEMENT,Connection Error,47,30423,0.0015448838050159419,14923,15500,0.18788976531139423
CHANNEL,,,SMS,,,NO_ENGAGEMENT,Disb,11,30423,0.0003615685501101141,14923,15500,0.18788976531139423
CHANNEL,,,SMS,,,NO_ENGAGEMENT,Journey Close,23,30423,0.0007560069684120566,14923,15500,0.18788976531139423
CHANNEL,,,SMS,,,NO_ENGAGEMENT,Language Selection,22,30423,0.0007231371002202282,14923,15500,0.18788976531139423
CHANNEL,,,SMS,,,NO_ENGAGEMENT,NO_JOURNEY_RESPONSE,23771,30423,0.7813496367879564,14923,15500,0.18788976531139423
CHANNEL,,,SMS,,,NO_ENGAGEMENT,OTP Initiation,1,30423,3.286986819182855e-05,14923,15500,0.18788976531139423
CHANNEL,,,SMS,,,NO_ENGAGEMENT,Offer Discovery,1,30423,3.286986819182855e-05,14923,15500,0.18788976531139423
CHANNEL,,,SMS,,,NO_ENGAGEMENT,Product Browse,1,30423,3.286986819182855e-05,14923,15500,0.18788976531139423
CHANNEL,,,SMS,,,NO_ENGAGEMENT,Product Selection,86,30423,0.0028268086644972555,14923,15500,0.18788976531139423
CHANNEL,,,SMS,,,NO_ENGAGEMENT,Professional Details Submission,847,30423,0.02784077835847878,14923,15500,0.18788976531139423
CHANNEL,,,SMS,,,NO_ENGAGEMENT,Professional details,28,30423,0.0009203563093711994,14923,15500,0.18788976531139423
CHANNEL,,,SMS,,,NO_ENGAGEMENT,Quick Action,4,30423,0.0001314794727673142,14923,15500,0.18788976531139423
CHANNEL,,,SMS,,,NO_ENGAGEMENT,Scroll / Depth,4,30423,0.0001314794727673142,14923,15500,0.18788976531139423
CHANNEL,,,SMS,,,NO_ENGAGEMENT,Secondary Navigation,1,30423,3.286986819182855e-05,14923,15500,0.18788976531139423
CHANNEL,,,SMS,,,NO_ENGAGEMENT,System / Error Telemetry,1,30423,3.286986819182855e-05,14923,15500,0.18788976531139423
CHANNEL,,,SMS,,,NO_ENGAGEMENT,listing,120,30423,0.0039443841830194264,14923,15500,0.18788976531139423
CHANNEL,,,SMS,,,campaign_clicked,AIP Approved,29,30423,0.000953226177563028,14923,15500,0.18788976531139423
CHANNEL,,,SMS,,,campaign_clicked,Application Created,9,30423,0.00029582881372645697,14923,15500,0.18788976531139423
CHANNEL,,,SMS,,,campaign_clicked,Application OTP Verification,85,30423,0.0027939387963054267,14923,15500,0.18788976531139423
CHANNEL,,,SMS,,,campaign_clicked,Application Resume,137,30423,0.004503171942280512,14923,15500,0.18788976531139423
CHANNEL,,,SMS,,,campaign_clicked,Application created/Login,1,30423,3.286986819182855e-05,14923,15500,0.18788976531139423
CHANNEL,,,SMS,,,campaign_clicked,Bank Account Selection,3,30423,9.860960457548565e-05,14923,15500,0.18788976531139423
CHANNEL,,,SMS,,,campaign_clicked,Bank Approved,5,30423,0.00016434934095914275,14923,15500,0.18788976531139423
CHANNEL,,,SMS,,,campaign_clicked,Connection Error,2,30423,6.57397363836571e-05,14923,15500,0.18788976531139423
CHANNEL,,,SMS,,,campaign_clicked,Language Selection,11,30423,0.0003615685501101141,14923,15500,0.18788976531139423
CHANNEL,,,SMS,,,campaign_clicked,Loan Summary View,1,30423,3.286986819182855e-05,14923,15500,0.18788976531139423
CHANNEL,,,SMS,,,campaign_clicked,NO_JOURNEY_RESPONSE,2793,30423,0.09180554185977714,14923,15500,0.18788976531139423
CHANNEL,,,SMS,,,campaign_clicked,OTP Initiation,3,30423,9.860960457548565e-05,14923,15500,0.18788976531139423
CHANNEL,,,SMS,,,campaign_clicked,Product Selection,5,30423,0.00016434934095914275,14923,15500,0.18788976531139423
CHANNEL,,,SMS,,,campaign_clicked,Professional Details Submission,31,30423,0.001018965913946685,14923,15500,0.18788976531139423
CHANNEL,,,SMS,,,campaign_clicked,Professional details,2,30423,6.57397363836571e-05,14923,15500,0.18788976531139423
CHANNEL,,,SMS,,,campaign_clicked,listing,6,30423,0.0001972192091509713,14923,15500,0.18788976531139423
CHANNEL,,,WA,,,NO_ENGAGEMENT,AIP Approved,13,10599,0.001226530804792905,5573,5026,0.03933513074556714
CHANNEL,,,WA,,,NO_ENGAGEMENT,Address Submission,6,10599,0.0005660911406736484,5573,5026,0.03933513074556714
CHANNEL,,,WA,,,NO_ENGAGEMENT,App Lifecycle,1,10599,9.434852344560808e-05,5573,5026,0.03933513074556714
CHANNEL,,,WA,,,NO_ENGAGEMENT,Application OTP Verification,13,10599,0.001226530804792905,5573,5026,0.03933513074556714
CHANNEL,,,WA,,,NO_ENGAGEMENT,Application Resume,32,10599,0.0030191527502594585,5573,5026,0.03933513074556714
CHANNEL,,,WA,,,NO_ENGAGEMENT,Application created/Login,1,10599,9.434852344560808e-05,5573,5026,0.03933513074556714
CHANNEL,,,WA,,,NO_ENGAGEMENT,Bank Approval Pending,4,10599,0.0003773940937824323,5573,5026,0.03933513074556714
CHANNEL,,,WA,,,NO_ENGAGEMENT,Bank Approved,4,10599,0.0003773940937824323,5573,5026,0.03933513074556714
CHANNEL,,,WA,,,NO_ENGAGEMENT,Connection Error,6,10599,0.0005660911406736484,5573,5026,0.03933513074556714
CHANNEL,,,WA,,,NO_ENGAGEMENT,Language Selection,2,10599,0.00018869704689121616,5573,5026,0.03933513074556714
CHANNEL,,,WA,,,NO_ENGAGEMENT,Loan Summary View,1,10599,9.434852344560808e-05,5573,5026,0.03933513074556714
CHANNEL,,,WA,,,NO_ENGAGEMENT,NO_JOURNEY_RESPONSE,2193,10599,0.2069063119162185,5573,5026,0.03933513074556714
CHANNEL,,,WA,,,NO_ENGAGEMENT,Product Browse,1,10599,9.434852344560808e-05,5573,5026,0.03933513074556714
CHANNEL,,,WA,,,NO_ENGAGEMENT,Product Selection,10,10599,0.0009434852344560807,5573,5026,0.03933513074556714
CHANNEL,,,WA,,,NO_ENGAGEMENT,Professional Details Submission,27,10599,0.002547410133031418,5573,5026,0.03933513074556714
CHANNEL,,,WA,,,NO_ENGAGEMENT,Professional details,1,10599,9.434852344560808e-05,5573,5026,0.03933513074556714
CHANNEL,,,WA,,,NO_ENGAGEMENT,listing,6,10599,0.0005660911406736484,5573,5026,0.03933513074556714
CHANNEL,,,WA,,,campaign_clicked>campaign_open_read,Application OTP Verification,2,10599,0.00018869704689121616,5573,5026,0.03933513074556714
CHANNEL,,,WA,,,campaign_clicked>campaign_open_read,Application Resume,2,10599,0.00018869704689121616,5573,5026,0.03933513074556714
CHANNEL,,,WA,,,campaign_clicked>campaign_open_read,NO_JOURNEY_RESPONSE,267,10599,0.025191055759977356,5573,5026,0.03933513074556714
CHANNEL,,,WA,,,campaign_clicked>campaign_open_read,OTP Initiation,1,10599,9.434852344560808e-05,5573,5026,0.03933513074556714
CHANNEL,,,WA,,,campaign_open_read,AIP Approved,1,10599,9.434852344560808e-05,5573,5026,0.03933513074556714
CHANNEL,,,WA,,,campaign_open_read,App Lifecycle,1,10599,9.434852344560808e-05,5573,5026,0.03933513074556714
CHANNEL,,,WA,,,campaign_open_read,Application OTP Verification,11,10599,0.0010378337579016888,5573,5026,0.03933513074556714
CHANNEL,,,WA,,,campaign_open_read,Application Resume,36,10599,0.003396546844041891,5573,5026,0.03933513074556714
CHANNEL,,,WA,,,campaign_open_read,Bank Account Selection,1,10599,9.434852344560808e-05,5573,5026,0.03933513074556714
CHANNEL,,,WA,,,campaign_open_read,Bank Approved,2,10599,0.00018869704689121616,5573,5026,0.03933513074556714
CHANNEL,,,WA,,,campaign_open_read,Language Selection,2,10599,0.00018869704689121616,5573,5026,0.03933513074556714
CHANNEL,,,WA,,,campaign_open_read,NO_JOURNEY_RESPONSE,7659,10599,0.7226153410699122,5573,5026,0.03933513074556714
CHANNEL,,,WA,,,campaign_open_read,Product Selection,4,10599,0.0003773940937824323,5573,5026,0.03933513074556714
CHANNEL,,,WA,,,campaign_open_read,Professional Details Submission,3,10599,0.0002830455703368242,5573,5026,0.03933513074556714
CHANNEL,,,WA,,,campaign_open_read,listing,2,10599,0.00018869704689121616,5573,5026,0.03933513074556714
CHANNEL,,,WA,,,campaign_open_read>campaign_clicked,Application Created,1,10599,9.434852344560808e-05,5573,5026,0.03933513074556714
CHANNEL,,,WA,,,campaign_open_read>campaign_clicked,Application Resume,2,10599,0.00018869704689121616,5573,5026,0.03933513074556714
CHANNEL,,,WA,,,campaign_open_read>campaign_clicked,NO_JOURNEY_RESPONSE,281,10599,0.02651193508821587,5573,5026,0.03933513074556714
GLOBAL,,,,,,NO_ENGAGEMENT,AA Bank Linking,1,70035,1.4278574998215179e-05,32416,37619,0.13442284906387353
GLOBAL,,,,,,NO_ENGAGEMENT,AIP Approved,283,70035,0.004040836724494895,32416,37619,0.13442284906387353
GLOBAL,,,,,,NO_ENGAGEMENT,AIP Declined,1,70035,1.4278574998215179e-05,32416,37619,0.13442284906387353
GLOBAL,,,,,,NO_ENGAGEMENT,Address Submission,137,70035,0.001956164774755479,32416,37619,0.13442284906387353
GLOBAL,,,,,,NO_ENGAGEMENT,App Lifecycle,6,70035,8.567144998929107e-05,32416,37619,0.13442284906387353
GLOBAL,,,,,,NO_ENGAGEMENT,Application Created,3,70035,4.2835724994645534e-05,32416,37619,0.13442284906387353
GLOBAL,,,,,,NO_ENGAGEMENT,Application OTP Verification,1889,70035,0.026972228171628473,32416,37619,0.13442284906387353
GLOBAL,,,,,,NO_ENGAGEMENT,Application Resume,640,70035,0.009138287998857714,32416,37619,0.13442284906387353
GLOBAL,,,,,,NO_ENGAGEMENT,Application created/Login,97,70035,0.0013850217748268723,32416,37619,0.13442284906387353
GLOBAL,,,,,,NO_ENGAGEMENT,Bank Account Selection,19,70035,0.0002712929249660884,32416,37619,0.13442284906387353
GLOBAL,,,,,,NO_ENGAGEMENT,Bank Approval Pending,82,70035,0.0011708431498536447,32416,37619,0.13442284906387353
GLOBAL,,,,,,NO_ENGAGEMENT,Bank Approved,47,70035,0.0006710930249161133,32416,37619,0.13442284906387353
GLOBAL,,,,,,NO_ENGAGEMENT,Bottom Navigation,1,70035,1.4278574998215179e-05,32416,37619,0.13442284906387353
GLOBAL,,,,,,NO_ENGAGEMENT,Connection Error,131,70035,0.0018704933247661883,32416,37619,0.13442284906387353
GLOBAL,,,,,,NO_ENGAGEMENT,Disb,12,70035,0.00017134289997858214,32416,37619,0.13442284906387353
GLOBAL,,,,,,NO_ENGAGEMENT,Form filled-Rejected,1,70035,1.4278574998215179e-05,32416,37619,0.13442284906387353
GLOBAL,,,,,,NO_ENGAGEMENT,Header Navigation,1,70035,1.4278574998215179e-05,32416,37619,0.13442284906387353
GLOBAL,,,,,,NO_ENGAGEMENT,Help / Tooltip,2,70035,2.8557149996430357e-05,32416,37619,0.13442284906387353
GLOBAL,,,,,,NO_ENGAGEMENT,Input Field Interaction,2,70035,2.8557149996430357e-05,32416,37619,0.13442284906387353
GLOBAL,,,,,,NO_ENGAGEMENT,Journey Close,32,70035,0.0004569143999428857,32416,37619,0.13442284906387353
GLOBAL,,,,,,NO_ENGAGEMENT,Language Selection,70,70035,0.0009995002498750624,32416,37619,0.13442284906387353
GLOBAL,,,,,,NO_ENGAGEMENT,Loan Confirmation,1,70035,1.4278574998215179e-05,32416,37619,0.13442284906387353
GLOBAL,,,,,,NO_ENGAGEMENT,Loan Product Browse,1,70035,1.4278574998215179e-05,32416,37619,0.13442284906387353
GLOBAL,,,,,,NO_ENGAGEMENT,Loan Summary View,5,70035,7.139287499107589e-05,32416,37619,0.13442284906387353
GLOBAL,,,,,,NO_ENGAGEMENT,NO_JOURNEY_RESPONSE,34336,70035,0.49026915113871633,32416,37619,0.13442284906387353
GLOBAL,,,,,,NO_ENGAGEMENT,OTP Initiation,4,70035,5.7114299992860715e-05,32416,37619,0.13442284906387353
GLOBAL,,,,,,NO_ENGAGEMENT,Offer Discovery,2,70035,2.8557149996430357e-05,32416,37619,0.13442284906387353
GLOBAL,,,,,,NO_ENGAGEMENT,Product Browse,3,70035,4.2835724994645534e-05,32416,37619,0.13442284906387353
GLOBAL,,,,,,NO_ENGAGEMENT,Product Detail View,1,70035,1.4278574998215179e-05,32416,37619,0.13442284906387353
GLOBAL,,,,,,NO_ENGAGEMENT,Product Selection,264,70035,0.003769543799528807,32416,37619,0.13442284906387353
GLOBAL,,,,,,NO_ENGAGEMENT,Professional Details Submission,1027,70035,0.014664096523166989,32416,37619,0.13442284906387353
GLOBAL,,,,,,NO_ENGAGEMENT,Professional details,33,70035,0.0004711929749411009,32416,37619,0.13442284906387353
GLOBAL,,,,,,NO_ENGAGEMENT,Quick Action,5,70035,7.139287499107589e-05,32416,37619,0.13442284906387353
GLOBAL,,,,,,NO_ENGAGEMENT,Scroll / Depth,8,70035,0.00011422859998572143,32416,37619,0.13442284906387353
GLOBAL,,,,,,NO_ENGAGEMENT,Secondary Navigation,1,70035,1.4278574998215179e-05,32416,37619,0.13442284906387353
GLOBAL,,,,,,NO_ENGAGEMENT,Sticky CTA Engagement,2,70035,2.8557149996430357e-05,32416,37619,0.13442284906387353
GLOBAL,,,,,,NO_ENGAGEMENT,System / Error Telemetry,1,70035,1.4278574998215179e-05,32416,37619,0.13442284906387353
GLOBAL,,,,,,NO_ENGAGEMENT,listing,155,70035,0.0022131791247233528,32416,37619,0.13442284906387353
GLOBAL,,,,,,campaign_clicked,AIP Approved,29,70035,0.00041407867494824016,32416,37619,0.13442284906387353
GLOBAL,,,,,,campaign_clicked,Application Created,9,70035,0.0001285071749839366,32416,37619,0.13442284906387353
GLOBAL,,,,,,campaign_clicked,Application OTP Verification,85,70035,0.00121367887484829,32416,37619,0.13442284906387353
GLOBAL,,,,,,campaign_clicked,Application Resume,137,70035,0.001956164774755479,32416,37619,0.13442284906387353
GLOBAL,,,,,,campaign_clicked,Application created/Login,1,70035,1.4278574998215179e-05,32416,37619,0.13442284906387353
GLOBAL,,,,,,campaign_clicked,Bank Account Selection,3,70035,4.2835724994645534e-05,32416,37619,0.13442284906387353
GLOBAL,,,,,,campaign_clicked,Bank Approved,5,70035,7.139287499107589e-05,32416,37619,0.13442284906387353
GLOBAL,,,,,,campaign_clicked,Connection Error,2,70035,2.8557149996430357e-05,32416,37619,0.13442284906387353
GLOBAL,,,,,,campaign_clicked,Language Selection,11,70035,0.00015706432498036697,32416,37619,0.13442284906387353
GLOBAL,,,,,,campaign_clicked,Loan Summary View,1,70035,1.4278574998215179e-05,32416,37619,0.13442284906387353
GLOBAL,,,,,,campaign_clicked,NO_JOURNEY_RESPONSE,2793,70035,0.039880059970014994,32416,37619,0.13442284906387353
GLOBAL,,,,,,campaign_clicked,OTP Initiation,3,70035,4.2835724994645534e-05,32416,37619,0.13442284906387353
GLOBAL,,,,,,campaign_clicked,Product Selection,5,70035,7.139287499107589e-05,32416,37619,0.13442284906387353
GLOBAL,,,,,,campaign_clicked,Professional Details Submission,31,70035,0.0004426358249446705,32416,37619,0.13442284906387353
GLOBAL,,,,,,campaign_clicked,Professional details,2,70035,2.8557149996430357e-05,32416,37619,0.13442284906387353
GLOBAL,,,,,,campaign_clicked,listing,6,70035,8.567144998929107e-05,32416,37619,0.13442284906387353
GLOBAL,,,,,,campaign_clicked>campaign_open_read,AIP Approved,4,70035,5.7114299992860715e-05,32416,37619,0.13442284906387353
GLOBAL,,,,,,campaign_clicked>campaign_open_read,Address Submission,3,70035,4.2835724994645534e-05,32416,37619,0.13442284906387353
GLOBAL,,,,,,campaign_clicked>campaign_open_read,Application OTP Verification,13,70035,0.0001856214749767973,32416,37619,0.13442284906387353
GLOBAL,,,,,,campaign_clicked>campaign_open_read,Application Resume,142,70035,0.0020275576497465553,32416,37619,0.13442284906387353
GLOBAL,,,,,,campaign_clicked>campaign_open_read,Bank Account Selection,1,70035,1.4278574998215179e-05,32416,37619,0.13442284906387353
GLOBAL,,,,,,campaign_clicked>campaign_open_read,Bank Approval Pending,3,70035,4.2835724994645534e-05,32416,37619,0.13442284906387353
GLOBAL,,,,,,campaign_clicked>campaign_open_read,Bank Approved,4,70035,5.7114299992860715e-05,32416,37619,0.13442284906387353
GLOBAL,,,,,,campaign_clicked>campaign_open_read,Connection Error,5,70035,7.139287499107589e-05,32416,37619,0.13442284906387353
GLOBAL,,,,,,campaign_clicked>campaign_open_read,Journey Close,1,70035,1.4278574998215179e-05,32416,37619,0.13442284906387353
GLOBAL,,,,,,campaign_clicked>campaign_open_read,Language Selection,2,70035,2.8557149996430357e-05,32416,37619,0.13442284906387353
GLOBAL,,,,,,campaign_clicked>campaign_open_read,NO_JOURNEY_RESPONSE,702,70035,0.010023559648747056,32416,37619,0.13442284906387353
GLOBAL,,,,,,campaign_clicked>campaign_open_read,OTP Initiation,1,70035,1.4278574998215179e-05,32416,37619,0.13442284906387353
GLOBAL,,,,,,campaign_clicked>campaign_open_read,Other,1,70035,1.4278574998215179e-05,32416,37619,0.13442284906387353
GLOBAL,,,,,,campaign_clicked>campaign_open_read,Product Browse,2,70035,2.8557149996430357e-05,32416,37619,0.13442284906387353
GLOBAL,,,,,,campaign_clicked>campaign_open_read,Product Selection,1,70035,1.4278574998215179e-05,32416,37619,0.13442284906387353
GLOBAL,,,,,,campaign_clicked>campaign_open_read,Professional Details Submission,2,70035,2.8557149996430357e-05,32416,37619,0.13442284906387353
GLOBAL,,,,,,campaign_clicked>campaign_open_read,Professional details,1,70035,1.4278574998215179e-05,32416,37619,0.13442284906387353
GLOBAL,,,,,,campaign_clicked>campaign_open_read,Scroll / Depth,1,70035,1.4278574998215179e-05,32416,37619,0.13442284906387353
GLOBAL,,,,,,campaign_clicked>campaign_open_read,Sticky CTA Engagement,1,70035,1.4278574998215179e-05,32416,37619,0.13442284906387353
GLOBAL,,,,,,campaign_clicked>campaign_open_read,listing,1,70035,1.4278574998215179e-05,32416,37619,0.13442284906387353
GLOBAL,,,,,,campaign_open_read,AIP Approved,55,70035,0.0007853216249018348,32416,37619,0.13442284906387353
GLOBAL,,,,,,campaign_open_read,Address Submission,18,70035,0.0002570143499678732,32416,37619,0.13442284906387353
GLOBAL,,,,,,campaign_open_read,App Lifecycle,2,70035,2.8557149996430357e-05,32416,37619,0.13442284906387353
GLOBAL,,,,,,campaign_open_read,Application OTP Verification,56,70035,0.00079960019990005,32416,37619,0.13442284906387353
GLOBAL,,,,,,campaign_open_read,Application Resume,310,70035,0.0044263582494467055,32416,37619,0.13442284906387353
GLOBAL,,,,,,campaign_open_read,Application created/Login,2,70035,2.8557149996430357e-05,32416,37619,0.13442284906387353
GLOBAL,,,,,,campaign_open_read,Bank Account Selection,8,70035,0.00011422859998572143,32416,37619,0.13442284906387353
GLOBAL,,,,,,campaign_open_read,Bank Approval Pending,13,70035,0.0001856214749767973,32416,37619,0.13442284906387353
GLOBAL,,,,,,campaign_open_read,Bank Approved,17,70035,0.00024273577496965803,32416,37619,0.13442284906387353
GLOBAL,,,,,,campaign_open_read,Banner Engagement,1,70035,1.4278574998215179e-05,32416,37619,0.13442284906387353
GLOBAL,,,,,,campaign_open_read,Connection Error,32,70035,0.0004569143999428857,32416,37619,0.13442284906387353
GLOBAL,,,,,,campaign_open_read,Disb,1,70035,1.4278574998215179e-05,32416,37619,0.13442284906387353
GLOBAL,,,,,,campaign_open_read,FAQ / Help,1,70035,1.4278574998215179e-05,32416,37619,0.13442284906387353
GLOBAL,,,,,,campaign_open_read,Help / Tooltip,1,70035,1.4278574998215179e-05,32416,37619,0.13442284906387353
GLOBAL,,,,,,campaign_open_read,Input Field Interaction,1,70035,1.4278574998215179e-05,32416,37619,0.13442284906387353
GLOBAL,,,,,,campaign_open_read,Journey Close,2,70035,2.8557149996430357e-05,32416,37619,0.13442284906387353
GLOBAL,,,,,,campaign_open_read,Language Selection,18,70035,0.0002570143499678732,32416,37619,0.13442284906387353
GLOBAL,,,,,,campaign_open_read,NO_JOURNEY_RESPONSE,24893,70035,0.35543656743057045,32416,37619,0.13442284906387353
GLOBAL,,,,,,campaign_open_read,OTP Initiation,2,70035,2.8557149996430357e-05,32416,37619,0.13442284906387353
GLOBAL,,,,,,campaign_open_read,OTP Verification,1,70035,1.4278574998215179e-05,32416,37619,0.13442284906387353
GLOBAL,,,,,,campaign_open_read,Product Selection,35,70035,0.0004997501249375312,32416,37619,0.13442284906387353
GLOBAL,,,,,,campaign_open_read,Professional Details Submission,21,70035,0.0002998500749625187,32416,37619,0.13442284906387353
GLOBAL,,,,,,campaign_open_read,Professional details,1,70035,1.4278574998215179e-05,32416,37619,0.13442284906387353
GLOBAL,,,,,,campaign_open_read,Quick Action,1,70035,1.4278574998215179e-05,32416,37619,0.13442284906387353
GLOBAL,,,,,,campaign_open_read,Scroll / Depth,2,70035,2.8557149996430357e-05,32416,37619,0.13442284906387353
GLOBAL,,,,,,campaign_open_read,Sticky CTA Engagement,1,70035,1.4278574998215179e-05,32416,37619,0.13442284906387353
GLOBAL,,,,,,campaign_open_read,listing,8,70035,0.00011422859998572143,32416,37619,0.13442284906387353
GLOBAL,,,,,,campaign_open_read>campaign_clicked,AIP Approved,11,70035,0.00015706432498036697,32416,37619,0.13442284906387353
GLOBAL,,,,,,campaign_open_read>campaign_clicked,Address Submission,4,70035,5.7114299992860715e-05,32416,37619,0.13442284906387353
GLOBAL,,,,,,campaign_open_read>campaign_clicked,Application Created,1,70035,1.4278574998215179e-05,32416,37619,0.13442284906387353
GLOBAL,,,,,,campaign_open_read>campaign_clicked,Application OTP Verification,19,70035,0.0002712929249660884,32416,37619,0.13442284906387353
GLOBAL,,,,,,campaign_open_read>campaign_clicked,Application Resume,205,70035,0.0029271078746341116,32416,37619,0.13442284906387353
GLOBAL,,,,,,campaign_open_read>campaign_clicked,Bank Account Selection,1,70035,1.4278574998215179e-05,32416,37619,0.13442284906387353
GLOBAL,,,,,,campaign_open_read>campaign_clicked,Bank Approval Pending,5,70035,7.139287499107589e-05,32416,37619,0.13442284906387353
GLOBAL,,,,,,campaign_open_read>campaign_clicked,Bank Approved,11,70035,0.00015706432498036697,32416,37619,0.13442284906387353
GLOBAL,,,,,,campaign_open_read>campaign_clicked,Connection Error,7,70035,9.995002498750625e-05,32416,37619,0.13442284906387353
GLOBAL,,,,,,campaign_open_read>campaign_clicked,DNC Preference,1,70035,1.4278574998215179e-05,32416,37619,0.13442284906387353
GLOBAL,,,,,,campaign_open_read>campaign_clicked,Disb,1,70035,1.4278574998215179e-05,32416,37619,0.13442284906387353
GLOBAL,,,,,,campaign_open_read>campaign_clicked,Journey Close,5,70035,7.139287499107589e-05,32416,37619,0.13442284906387353
GLOBAL,,,,,,campaign_open_read>campaign_clicked,Language Selection,5,70035,7.139287499107589e-05,32416,37619,0.13442284906387353
GLOBAL,,,,,,campaign_open_read>campaign_clicked,Loan Summary View,1,70035,1.4278574998215179e-05,32416,37619,0.13442284906387353
GLOBAL,,,,,,campaign_open_read>campaign_clicked,NO_JOURNEY_RESPONSE,918,70035,0.013107731848361533,32416,37619,0.13442284906387353
GLOBAL,,,,,,campaign_open_read>campaign_clicked,Offer Discovery,1,70035,1.4278574998215179e-05,32416,37619,0.13442284906387353
GLOBAL,,,,,,campaign_open_read>campaign_clicked,Product Selection,8,70035,0.00011422859998572143,32416,37619,0.13442284906387353
GLOBAL,,,,,,campaign_open_read>campaign_clicked,Professional Details Submission,2,70035,2.8557149996430357e-05,32416,37619,0.13442284906387353
GLOBAL,,,,,,campaign_open_read>campaign_clicked,Scroll / Depth,4,70035,5.7114299992860715e-05,32416,37619,0.13442284906387353
GLOBAL,,,,,,campaign_open_read>campaign_clicked,Sticky CTA Engagement,1,70035,1.4278574998215179e-05,32416,37619,0.13442284906387353
GLOBAL,,,,,,campaign_open_read>campaign_clicked,listing,1,70035,1.4278574998215179e-05,32416,37619,0.13442284906387353
