state,response,support_count,unique_applications,median_seconds,p90_seconds,p95_seconds,p99_seconds,outgoing_transition_count,probability,model_level,action_id
AIP Approved,AIP Approved,11204,8929,40.0,116.0,176.0,584.909999999998,91591,0.12232642945267548,PL_APPLICATION_OWNED_DIRECT,NO_ACTION
AIP Approved,AIP Declined,3,3,31.0,53.4,56.199999999999996,58.44,91591,3.275430992128048e-05,PL_APPLICATION_OWNED_DIRECT,NO_ACTION
AIP Approved,Address Submission,31,31,14.0,189.0,329.5,379.5,91591,0.00033846120251989823,PL_APPLICATION_OWNED_DIRECT,NO_ACTION
AIP Approved,App Lifecycle,11,11,311.0,1561.0,1652.5,1725.7,91591,0.00012009913637802841,PL_APPLICATION_OWNED_DIRECT,NO_ACTION
AIP Approved,Application Created,7,6,151.0,907.6000000000001,1049.7999999999997,1163.5599999999997,91591,7.642672314965445e-05,PL_APPLICATION_OWNED_DIRECT,NO_ACTION
AIP Approved,Application OTP Verification,67,65,1644.0,322151.59999999974,1010604.9999999973,1758851.1400000034,91591,0.0007315129215752639,PL_APPLICATION_OWNED_DIRECT,NO_ACTION
AIP Approved,Application Resume,1409,1237,133.0,1095.0,1597.1999999999985,358970.24000000267,91591,0.01538360755969473,PL_APPLICATION_OWNED_DIRECT,NO_ACTION
AIP Approved,Application created/Login,4,4,60.0,60.0,60.0,60.0,91591,4.367241322837397e-05,PL_APPLICATION_OWNED_DIRECT,NO_ACTION
AIP Approved,Bank Approval Pending,1302,1284,60.0,119.90000000000009,152.0,387.94000000000005,91591,0.014215370505835725,PL_APPLICATION_OWNED_DIRECT,NO_ACTION
AIP Approved,Bank Approved,5040,4630,32.0,94.0,132.0,420.48999999999705,91591,0.0550272406677512,PL_APPLICATION_OWNED_DIRECT,NO_ACTION
AIP Approved,Banner Engagement,5,5,39.0,85.4,95.19999999999999,103.03999999999999,91591,5.459051653546746e-05,PL_APPLICATION_OWNED_DIRECT,NO_ACTION
AIP Approved,Bottom Navigation,8,8,179.0,830.1,867.55,897.51,91591,8.734482645674794e-05,PL_APPLICATION_OWNED_DIRECT,NO_ACTION
AIP Approved,CTA Interaction,3,3,55.0,63.0,64.0,64.8,91591,3.275430992128048e-05,PL_APPLICATION_OWNED_DIRECT,NO_ACTION
AIP Approved,Connection Error,3302,3223,29.0,95.0,153.94999999999982,573.0,91591,0.03605157712002271,PL_APPLICATION_OWNED_DIRECT,NO_ACTION
AIP Approved,Credit Account Summary,2,2,15.5,24.7,25.849999999999998,26.77,91591,2.1836206614186984e-05,PL_APPLICATION_OWNED_DIRECT,NO_ACTION
AIP Approved,Credit Score Check,1,1,11.0,11.0,11.0,11.0,91591,1.0918103307093492e-05,PL_APPLICATION_OWNED_DIRECT,NO_ACTION
AIP Approved,Customer Portal Login,1,1,94.0,94.0,94.0,94.0,91591,1.0918103307093492e-05,PL_APPLICATION_OWNED_DIRECT,NO_ACTION
AIP Approved,Deep-link / Attribution,1,1,7.0,7.0,7.0,7.0,91591,1.0918103307093492e-05,PL_APPLICATION_OWNED_DIRECT,NO_ACTION
AIP Approved,Disb,187,187,60.0,60.0,60.0,60.0,91591,0.0020416853184264828,PL_APPLICATION_OWNED_DIRECT,NO_ACTION
AIP Approved,Form filled,6,6,60.0,60.0,60.0,60.0,91591,6.550861984256096e-05,PL_APPLICATION_OWNED_DIRECT,NO_ACTION
AIP Approved,Header Navigation,1,1,2204.0,2204.0,2204.0,2204.0,91591,1.0918103307093492e-05,PL_APPLICATION_OWNED_DIRECT,NO_ACTION
AIP Approved,Help / Tooltip,11,11,38.0,121.0,395.5,615.1000000000001,91591,0.00012009913637802841,PL_APPLICATION_OWNED_DIRECT,NO_ACTION
AIP Approved,Home Page Interaction,2,2,158.0,214.0,221.0,226.6,91591,2.1836206614186984e-05,PL_APPLICATION_OWNED_DIRECT,NO_ACTION
AIP Approved,Icon Interaction,3,3,14.0,38.0,41.0,43.4,91591,3.275430992128048e-05,PL_APPLICATION_OWNED_DIRECT,NO_ACTION
AIP Approved,Journey Close,1015,794,39.0,134.0,195.29999999999995,703.0600000000003,91591,0.011081874856699894,PL_APPLICATION_OWNED_DIRECT,NO_ACTION
AIP Approved,Language Selection,904,870,39.0,442.4000000000001,1003.6999999999998,1765.6100000000004,91591,0.009869965389612517,PL_APPLICATION_OWNED_DIRECT,NO_ACTION
AIP Approved,Loan Product Browse,5,5,106.0,884.2,1120.6,1309.72,91591,5.459051653546746e-05,PL_APPLICATION_OWNED_DIRECT,NO_ACTION
AIP Approved,Menu / Navigation,1,1,852.0,852.0,852.0,852.0,91591,1.0918103307093492e-05,PL_APPLICATION_OWNED_DIRECT,NO_ACTION
AIP Approved,OTP Initiation,17,17,41.0,424.0000000000002,838.9999999999999,986.1999999999999,91591,0.00018560775622058936,PL_APPLICATION_OWNED_DIRECT,NO_ACTION
AIP Approved,OTP Verification,1,1,43.0,43.0,43.0,43.0,91591,1.0918103307093492e-05,PL_APPLICATION_OWNED_DIRECT,NO_ACTION
AIP Approved,Partner Discovery,1,1,947.0,947.0,947.0,947.0,91591,1.0918103307093492e-05,PL_APPLICATION_OWNED_DIRECT,NO_ACTION
AIP Approved,Pending Application,6,6,141.0,476.0,477.5,478.7,91591,6.550861984256096e-05,PL_APPLICATION_OWNED_DIRECT,NO_ACTION
AIP Approved,Post AIP Reject,14,14,60.0,60.0,60.0,60.0,91591,0.0001528534462993089,PL_APPLICATION_OWNED_DIRECT,NO_ACTION
AIP Approved,Product Browse,37,35,187.0,702.3999999999997,836.7999999999993,1304.6400000000003,91591,0.00040396982236245917,PL_APPLICATION_OWNED_DIRECT,NO_ACTION
AIP Approved,Product Detail View,1,1,4.0,4.0,4.0,4.0,91591,1.0918103307093492e-05,PL_APPLICATION_OWNED_DIRECT,NO_ACTION
AIP Approved,Product Discovery,1,1,80.0,80.0,80.0,80.0,91591,1.0918103307093492e-05,PL_APPLICATION_OWNED_DIRECT,NO_ACTION
AIP Approved,Product Selection,56916,35222,28.0,88.0,128.0,357.84999999999854,91591,0.6214147678265332,PL_APPLICATION_OWNED_DIRECT,NO_ACTION
AIP Approved,Professional Details Submission,1423,1317,60.0,195.79999999999995,290.7999999999997,699.4799999999996,91591,0.015536461005994038,PL_APPLICATION_OWNED_DIRECT,NO_ACTION
AIP Approved,Professional details,53,53,60.0,60.0,60.0,60.0,91591,0.000578659475275955,PL_APPLICATION_OWNED_DIRECT,NO_ACTION
AIP Approved,Profile Portfolio,1,1,20.0,20.0,20.0,20.0,91591,1.0918103307093492e-05,PL_APPLICATION_OWNED_DIRECT,NO_ACTION
AIP Approved,Quick Action,16,16,688.0,1322.0,1540.5,1779.3,91591,0.00017468965291349587,PL_APPLICATION_OWNED_DIRECT,NO_ACTION
AIP Approved,SDK Initialization,9,9,58.0,266.8,318.4,359.68,91591,9.826292976384143e-05,PL_APPLICATION_OWNED_DIRECT,NO_ACTION
AIP Approved,Score Generation / Refresh,1,1,204.0,204.0,204.0,204.0,91591,1.0918103307093492e-05,PL_APPLICATION_OWNED_DIRECT,NO_ACTION
AIP Approved,Scroll / Depth,28,28,84.5,682.0,928.5499999999995,1584.3600000000004,91591,0.0003057068925986178,PL_APPLICATION_OWNED_DIRECT,NO_ACTION
AIP Approved,Secondary Navigation,3,3,46.0,731.6,817.3,885.86,91591,3.275430992128048e-05,PL_APPLICATION_OWNED_DIRECT,NO_ACTION
AIP Approved,Sticky CTA Engagement,13,13,70.0,273.20000000000016,341.9999999999999,377.99999999999994,91591,0.0001419353429922154,PL_APPLICATION_OWNED_DIRECT,NO_ACTION
AIP Approved,System / Error Telemetry,1,1,475.0,475.0,475.0,475.0,91591,1.0918103307093492e-05,PL_APPLICATION_OWNED_DIRECT,NO_ACTION
AIP Approved,Top Navigation,4,4,122.5,494.0000000000001,570.4999999999998,631.6999999999998,91591,4.367241322837397e-05,PL_APPLICATION_OWNED_DIRECT,NO_ACTION
AIP Approved,listing,8509,8509,60.0,60.0,60.0,60.0,91591,0.09290214104005852,PL_APPLICATION_OWNED_DIRECT,NO_ACTION
Address Submission,AIP Approved,5984,5346,9.0,15.0,19.0,85.17000000000007,15233,0.3928313529836539,PL_APPLICATION_OWNED_DIRECT,NO_ACTION
Address Submission,AIP Declined,30,30,6.5,13.400000000000006,42.849999999999866,238.6600000000002,15233,0.0019694085209742006,PL_APPLICATION_OWNED_DIRECT,NO_ACTION
Address Submission,Address Submission,187,160,104.0,340.20000000000005,454.09999999999997,1142.6199999999976,15233,0.012275979780739184,PL_APPLICATION_OWNED_DIRECT,NO_ACTION
Address Submission,App Lifecycle,1,1,341.0,341.0,341.0,341.0,15233,6.564695069914002e-05,PL_APPLICATION_OWNED_DIRECT,NO_ACTION
Address Submission,Application OTP Verification,52,52,32.5,795.5999999999997,1686.5499999999965,2269.32,15233,0.003413641436355281,PL_APPLICATION_OWNED_DIRECT,NO_ACTION
Address Submission,Application Resume,152,148,248.0,977.9000000000003,1467.3999999999999,89152.7200000014,15233,0.009978336506269284,PL_APPLICATION_OWNED_DIRECT,NO_ACTION
Address Submission,Bank Approval Pending,7749,6070,1.0,7.0,74.0,284.0,15233,0.5086982209676361,PL_APPLICATION_OWNED_DIRECT,NO_ACTION
Address Submission,Bank Approved,810,779,7.0,12.0,18.0,47.90999999999997,15233,0.05317403006630342,PL_APPLICATION_OWNED_DIRECT,NO_ACTION
Address Submission,Bottom Navigation,1,1,389.0,389.0,389.0,389.0,15233,6.564695069914002e-05,PL_APPLICATION_OWNED_DIRECT,NO_ACTION
Address Submission,CTA Interaction,1,1,84.0,84.0,84.0,84.0,15233,6.564695069914002e-05,PL_APPLICATION_OWNED_DIRECT,NO_ACTION
Address Submission,Connection Error,87,86,6.0,280.60000000000025,380.9000000000001,641.24,15233,0.005711284710825182,PL_APPLICATION_OWNED_DIRECT,NO_ACTION
Address Submission,Deep-link / Attribution,2,2,213.0,336.2,351.59999999999997,363.92,15233,0.00013129390139828004,PL_APPLICATION_OWNED_DIRECT,NO_ACTION
Address Submission,Disb,6,6,60.0,60.0,60.0,60.0,15233,0.00039388170419484014,PL_APPLICATION_OWNED_DIRECT,NO_ACTION
Address Submission,Journey Close,89,87,76.0,273.00000000000006,654.1999999999996,1211.3200000000006,15233,0.005842578612223462,PL_APPLICATION_OWNED_DIRECT,NO_ACTION
Address Submission,Language Selection,32,30,103.5,938.7000000000002,1591.4499999999994,2363.5700000000006,15233,0.0021007024223724806,PL_APPLICATION_OWNED_DIRECT,NO_ACTION
Address Submission,Loan Product Browse,1,1,1121.0,1121.0,1121.0,1121.0,15233,6.564695069914002e-05,PL_APPLICATION_OWNED_DIRECT,NO_ACTION
Address Submission,Loan Summary View,13,13,693.0,1167.8000000000002,1272.5999999999997,1375.3199999999997,15233,0.0008534103590888203,PL_APPLICATION_OWNED_DIRECT,NO_ACTION
Address Submission,Pending Application,1,1,173.0,173.0,173.0,173.0,15233,6.564695069914002e-05,PL_APPLICATION_OWNED_DIRECT,NO_ACTION
Address Submission,Product Browse,8,8,499.0,759.3,836.6499999999999,898.53,15233,0.0005251756055931202,PL_APPLICATION_OWNED_DIRECT,NO_ACTION
Address Submission,Product Selection,9,9,21.0,63.0,67.0,70.2,15233,0.0005908225562922603,PL_APPLICATION_OWNED_DIRECT,NO_ACTION
Address Submission,Professional details,2,2,60.0,60.0,60.0,60.0,15233,0.00013129390139828004,PL_APPLICATION_OWNED_DIRECT,NO_ACTION
Address Submission,Quick Action,4,4,307.5,346.2,350.09999999999997,353.21999999999997,15233,0.0002625878027965601,PL_APPLICATION_OWNED_DIRECT,NO_ACTION
Address Submission,SDK Initialization,1,1,308.0,308.0,308.0,308.0,15233,6.564695069914002e-05,PL_APPLICATION_OWNED_DIRECT,NO_ACTION
Address Submission,Scroll / Depth,1,1,821.0,821.0,821.0,821.0,15233,6.564695069914002e-05,PL_APPLICATION_OWNED_DIRECT,NO_ACTION
Address Submission,System / Error Telemetry,1,1,754.0,754.0,754.0,754.0,15233,6.564695069914002e-05,PL_APPLICATION_OWNED_DIRECT,NO_ACTION
Address Submission,listing,9,9,60.0,60.0,60.0,60.0,15233,0.0005908225562922603,PL_APPLICATION_OWNED_DIRECT,NO_ACTION
Application Created,AIP Approved,20,17,36.5,94.30000000000015,198.05000000000004,229.20999999999995,80632,0.00024804048020636967,PL_APPLICATION_OWNED_DIRECT,NO_ACTION
Application Created,App Lifecycle,7,7,372.0,881.8000000000001,942.3999999999999,990.8799999999999,80632,8.681416807222939e-05,PL_APPLICATION_OWNED_DIRECT,NO_ACTION
Application Created,Application Created,19,18,13.0,10215.39999999999,71099.49999999895,427258.30000000016,80632,0.0002356384561960512,PL_APPLICATION_OWNED_DIRECT,NO_ACTION
Application Created,Application OTP Verification,74169,74167,10.0,23.0,35.0,86.0,80632,0.9198457188213116,PL_APPLICATION_OWNED_DIRECT,NO_ACTION
Application Created,Application Resume,215,215,109.0,410.1999999999999,1027.5999999999985,6047.339999999945,80632,0.002666435162218474,PL_APPLICATION_OWNED_DIRECT,NO_ACTION
Application Created,Application created/Login,2785,2785,60.0,60.0,60.0,60.0,80632,0.03453963686873698,PL_APPLICATION_OWNED_DIRECT,NO_ACTION
Application Created,Bank Approved,3,3,66.0,361682.0,406883.99999999994,443045.6,80632,3.720607203095545e-05,PL_APPLICATION_OWNED_DIRECT,NO_ACTION
Application Created,Bottom Navigation,2,2,1130.0,1806.8,1891.3999999999999,1959.08,80632,2.4804048020636968e-05,PL_APPLICATION_OWNED_DIRECT,NO_ACTION
Application Created,Calculator Tool,1,1,77.0,77.0,77.0,77.0,80632,1.2402024010318484e-05,PL_APPLICATION_OWNED_DIRECT,NO_ACTION
Application Created,Connection Error,82,82,48.5,659.1000000000003,1008.6500000000002,1457.9,80632,0.0010169659688461156,PL_APPLICATION_OWNED_DIRECT,NO_ACTION
Application Created,Consent Acceptance,1,1,128.0,128.0,128.0,128.0,80632,1.2402024010318484e-05,PL_APPLICATION_OWNED_DIRECT,NO_ACTION
Application Created,Credit Score Check,1,1,372.0,372.0,372.0,372.0,80632,1.2402024010318484e-05,PL_APPLICATION_OWNED_DIRECT,NO_ACTION
Application Created,Disb,8,8,60.0,60.0,60.0,60.0,80632,9.921619208254787e-05,PL_APPLICATION_OWNED_DIRECT,NO_ACTION
Application Created,Form filled,1,1,60.0,60.0,60.0,60.0,80632,1.2402024010318484e-05,PL_APPLICATION_OWNED_DIRECT,NO_ACTION
Application Created,Form filled-Rejected,13,13,60.0,60.0,60.0,60.0,80632,0.0001612263121341403,PL_APPLICATION_OWNED_DIRECT,NO_ACTION
Application Created,Help / Tooltip,6,6,91.5,166.0,167.5,168.7,80632,7.44121440619109e-05,PL_APPLICATION_OWNED_DIRECT,NO_ACTION
Application Created,Icon Interaction,1,1,19.0,19.0,19.0,19.0,80632,1.2402024010318484e-05,PL_APPLICATION_OWNED_DIRECT,NO_ACTION
Application Created,Input Field Interaction,1,1,144.0,144.0,144.0,144.0,80632,1.2402024010318484e-05,PL_APPLICATION_OWNED_DIRECT,NO_ACTION
Application Created,Journey Close,327,327,59.0,207.60000000000048,259.7,549.3200000000006,80632,0.004055461851374145,PL_APPLICATION_OWNED_DIRECT,NO_ACTION
Application Created,Language Selection,118,118,47.0,146.9999999999999,417.29999999999984,1448.7299999999987,80632,0.0014634388332175812,PL_APPLICATION_OWNED_DIRECT,NO_ACTION
Application Created,Loan Confirmation,293,289,92.0,229.40000000000003,329.39999999999907,890.6799999999989,80632,0.0036337930350233156,PL_APPLICATION_OWNED_DIRECT,NO_ACTION
Application Created,Loan Product Browse,4,4,175.0,501.70000000000005,570.8499999999998,626.1699999999998,80632,4.9608096041273936e-05,PL_APPLICATION_OWNED_DIRECT,NO_ACTION
Application Created,Menu / Navigation,1,1,88.0,88.0,88.0,88.0,80632,1.2402024010318484e-05,PL_APPLICATION_OWNED_DIRECT,NO_ACTION
Application Created,OTP Initiation,29,25,45.0,316.39999999999986,526.3999999999997,573.44,80632,0.00035965869629923605,PL_APPLICATION_OWNED_DIRECT,NO_ACTION
Application Created,Other,1,1,1.0,1.0,1.0,1.0,80632,1.2402024010318484e-05,PL_APPLICATION_OWNED_DIRECT,NO_ACTION
Application Created,Pending Application,2,2,1548.0,1816.8,1850.3999999999999,1877.28,80632,2.4804048020636968e-05,PL_APPLICATION_OWNED_DIRECT,NO_ACTION
Application Created,Post AIP Reject,1,1,60.0,60.0,60.0,60.0,80632,1.2402024010318484e-05,PL_APPLICATION_OWNED_DIRECT,NO_ACTION
Application Created,Product Browse,20,20,207.0,1404.4000000000003,1561.0500000000002,1698.6099999999997,80632,0.00024804048020636967,PL_APPLICATION_OWNED_DIRECT,NO_ACTION
Application Created,Product Detail View,1,1,20.0,20.0,20.0,20.0,80632,1.2402024010318484e-05,PL_APPLICATION_OWNED_DIRECT,NO_ACTION
Application Created,Product Selection,1,1,210.0,210.0,210.0,210.0,80632,1.2402024010318484e-05,PL_APPLICATION_OWNED_DIRECT,NO_ACTION
Application Created,Professional Details Submission,1843,1843,66.0,158.0,215.79999999999973,363.7399999999998,80632,0.022856930251016965,PL_APPLICATION_OWNED_DIRECT,NO_ACTION
Application Created,Professional details,266,266,60.0,60.0,60.0,60.0,80632,0.003298938386744717,PL_APPLICATION_OWNED_DIRECT,NO_ACTION
Application Created,Quick Action,6,6,215.5,1232.5,1680.25,2038.4500000000003,80632,7.44121440619109e-05,PL_APPLICATION_OWNED_DIRECT,NO_ACTION
Application Created,SDK Initialization,3,3,64.0,85.6,88.3,90.46,80632,3.720607203095545e-05,PL_APPLICATION_OWNED_DIRECT,NO_ACTION
Application Created,Score Generation / Refresh,1,1,17.0,17.0,17.0,17.0,80632,1.2402024010318484e-05,PL_APPLICATION_OWNED_DIRECT,NO_ACTION
Application Created,Scroll / Depth,15,15,100.0,253.6,282.5999999999999,328.52,80632,0.00018603036015477726,PL_APPLICATION_OWNED_DIRECT,NO_ACTION
Application Created,Secondary Navigation,3,3,62.0,176.4,190.7,202.14,80632,3.720607203095545e-05,PL_APPLICATION_OWNED_DIRECT,NO_ACTION
Application Created,Sticky CTA Engagement,9,9,45.0,121.40000000000003,190.19999999999993,245.23999999999998,80632,0.00011161821609286635,PL_APPLICATION_OWNED_DIRECT,NO_ACTION
Application Created,System / Error Telemetry,1,1,121.0,121.0,121.0,121.0,80632,1.2402024010318484e-05,PL_APPLICATION_OWNED_DIRECT,NO_ACTION
Application Created,Top Navigation,6,6,133.0,925.5,1177.25,1378.65,80632,7.44121440619109e-05,PL_APPLICATION_OWNED_DIRECT,NO_ACTION
Application Created,Widget Interaction,1,1,302.0,302.0,302.0,302.0,80632,1.2402024010318484e-05,PL_APPLICATION_OWNED_DIRECT,NO_ACTION
Application Created,listing,345,345,60.0,60.0,60.0,60.0,80632,0.004278698283559877,PL_APPLICATION_OWNED_DIRECT,NO_ACTION
Application OTP Verification,AIP Approved,1557,1516,6.0,23.40000000000009,40.19999999999982,167.0,75284,0.020681685351469102,PL_APPLICATION_OWNED_DIRECT,NO_ACTION
Application OTP Verification,AIP Declined,5,5,6.0,38.800000000000004,49.39999999999999,57.879999999999995,75284,6.641517453907869e-05,PL_APPLICATION_OWNED_DIRECT,NO_ACTION
Application OTP Verification,Address Submission,45,45,54.0,161.6,219.3999999999999,254.68000000000006,75284,0.0005977365708517082,PL_APPLICATION_OWNED_DIRECT,NO_ACTION
Application OTP Verification,Application Created,32,32,0.0,0.0,6.749999999999989,108329.13000000021,75284,0.0004250571170501036,PL_APPLICATION_OWNED_DIRECT,NO_ACTION
Application OTP Verification,Application OTP Verification,1145,1055,37.0,120.20000000000027,323.0,10487.959999999319,75284,0.01520907496944902,PL_APPLICATION_OWNED_DIRECT,NO_ACTION
Application OTP Verification,Application Resume,6197,6139,12.0,287.40000000000055,604.3999999999996,1531.04,75284,0.08231496732373413,PL_APPLICATION_OWNED_DIRECT,NO_ACTION
Application OTP Verification,Application created/Login,409,409,60.0,60.0,60.0,60.0,75284,0.0054327612772966365,PL_APPLICATION_OWNED_DIRECT,NO_ACTION
Application OTP Verification,Bank Account Selection,7,7,47.0,687998.0000000006,1203922.9999999988,1616662.999999999,75284,9.298124435471017e-05,PL_APPLICATION_OWNED_DIRECT,NO_ACTION
Application OTP Verification,Bank Approval Pending,109,105,3.0,19.600000000000023,50.19999999999993,364.36000000000047,75284,0.0014478508049519153,PL_APPLICATION_OWNED_DIRECT,NO_ACTION
Application OTP Verification,Bank Approved,611,588,2.0,8.0,10.0,80.19999999999959,75284,0.008115934328675415,PL_APPLICATION_OWNED_DIRECT,NO_ACTION
Application OTP Verification,Bottom Navigation,1,1,320.0,320.0,320.0,320.0,75284,1.3283034907815738e-05,PL_APPLICATION_OWNED_DIRECT,NO_ACTION
Application OTP Verification,CTA Interaction,1,1,210.0,210.0,210.0,210.0,75284,1.3283034907815738e-05,PL_APPLICATION_OWNED_DIRECT,NO_ACTION
Application OTP Verification,Calculator Tool,1,1,131.0,131.0,131.0,131.0,75284,1.3283034907815738e-05,PL_APPLICATION_OWNED_DIRECT,NO_ACTION
Application OTP Verification,Connection Error,3231,2449,26.0,451.0,744.5,1448.0999999999995,75284,0.04291748578715265,PL_APPLICATION_OWNED_DIRECT,NO_ACTION
Application OTP Verification,Disb,159,159,60.0,60.0,60.0,60.0,75284,0.0021120025503427024,PL_APPLICATION_OWNED_DIRECT,NO_ACTION
Application OTP Verification,Form filled,26,26,60.0,60.0,60.0,60.0,75284,0.0003453589076032092,PL_APPLICATION_OWNED_DIRECT,NO_ACTION
Application OTP Verification,Form filled-Rejected,98,98,60.0,60.0,60.0,60.0,75284,0.0013017374209659423,PL_APPLICATION_OWNED_DIRECT,NO_ACTION
Application OTP Verification,Header Navigation,1,1,23.0,23.0,23.0,23.0,75284,1.3283034907815738e-05,PL_APPLICATION_OWNED_DIRECT,NO_ACTION
Application OTP Verification,Icon Interaction,2,2,195.5,197.5,197.75,197.95,75284,2.6566069815631476e-05,PL_APPLICATION_OWNED_DIRECT,NO_ACTION
Application OTP Verification,Input Field Interaction,1,1,168.0,168.0,168.0,168.0,75284,1.3283034907815738e-05,PL_APPLICATION_OWNED_DIRECT,NO_ACTION
Application OTP Verification,Journey Close,48,46,29.0,203.30000000000004,496.5999999999999,839.98,75284,0.0006375856755751554,PL_APPLICATION_OWNED_DIRECT,NO_ACTION
Application OTP Verification,Language Selection,1306,1289,26.0,193.0,368.75,1252.6500000000012,75284,0.017347643589607352,PL_APPLICATION_OWNED_DIRECT,NO_ACTION
Application OTP Verification,Loan Summary View,2,2,157.0,166.6,167.8,168.76,75284,2.6566069815631476e-05,PL_APPLICATION_OWNED_DIRECT,NO_ACTION
Application OTP Verification,OTP Initiation,2,2,122.5,174.1,180.54999999999998,185.71,75284,2.6566069815631476e-05,PL_APPLICATION_OWNED_DIRECT,NO_ACTION
Application OTP Verification,OTP Verification,2,2,484.5,784.9,822.4499999999999,852.49,75284,2.6566069815631476e-05,PL_APPLICATION_OWNED_DIRECT,NO_ACTION
Application OTP Verification,Post AIP Reject,11,11,60.0,60.0,60.0,60.0,75284,0.0001461133839859731,PL_APPLICATION_OWNED_DIRECT,NO_ACTION
Application OTP Verification,Product Browse,3,3,87.0,404.6,444.29999999999995,476.06,75284,3.984910472344721e-05,PL_APPLICATION_OWNED_DIRECT,NO_ACTION
Application OTP Verification,Product Discovery,2,2,56.0,81.6,84.8,87.36,75284,2.6566069815631476e-05,PL_APPLICATION_OWNED_DIRECT,NO_ACTION
Application OTP Verification,Product Selection,4,4,317.0,576.8000000000001,623.8999999999999,661.5799999999999,75284,5.313213963126295e-05,PL_APPLICATION_OWNED_DIRECT,NO_ACTION
Application OTP Verification,Professional Details Submission,48642,48636,67.0,156.0,210.0,361.0,75284,0.6461133839859731,PL_APPLICATION_OWNED_DIRECT,NO_ACTION
Application OTP Verification,Professional details,3514,3514,60.0,60.0,60.0,60.0,75284,0.0466765846660645,PL_APPLICATION_OWNED_DIRECT,NO_ACTION
Application OTP Verification,Quick Action,2,2,120.0,164.0,169.5,173.9,75284,2.6566069815631476e-05,PL_APPLICATION_OWNED_DIRECT,NO_ACTION
Application OTP Verification,SDK Initialization,6,6,125.0,472.5,587.25,679.0500000000001,75284,7.969820944689442e-05,PL_APPLICATION_OWNED_DIRECT,NO_ACTION
Application OTP Verification,Scroll / Depth,42,42,26.5,250.79999999999995,662.8499999999988,1737.1599999999967,75284,0.000557887466128261,PL_APPLICATION_OWNED_DIRECT,NO_ACTION
Application OTP Verification,Sticky CTA Engagement,18,18,22.5,228.30000000000004,271.84999999999985,339.16999999999985,75284,0.00023909462834068327,PL_APPLICATION_OWNED_DIRECT,NO_ACTION
Application OTP Verification,Top Navigation,1,1,18.0,18.0,18.0,18.0,75284,1.3283034907815738e-05,PL_APPLICATION_OWNED_DIRECT,NO_ACTION
Application OTP Verification,listing,8041,8041,60.0,60.0,60.0,60.0,75284,0.10680888369374635,PL_APPLICATION_OWNED_DIRECT,NO_ACTION
Application Resume,AIP Approved,3033,2364,6.0,9.0,12.0,50.719999999999345,13280,0.22838855421686746,PL_APPLICATION_OWNED_DIRECT,NO_ACTION
Application Resume,AIP Declined,28,19,5.0,6.300000000000001,7.649999999999999,12.380000000000003,13280,0.002108433734939759,PL_APPLICATION_OWNED_DIRECT,NO_ACTION
Application Resume,Academy Engagement,1,1,211.0,211.0,211.0,211.0,13280,7.530120481927712e-05,PL_APPLICATION_OWNED_DIRECT,NO_ACTION
Application Resume,Address Submission,100,99,104.5,220.0,279.04999999999984,879.5100000000008,13280,0.007530120481927711,PL_APPLICATION_OWNED_DIRECT,NO_ACTION
Application Resume,App Lifecycle,16,14,661.0,1302.5,1376.25,1393.65,13280,0.0012048192771084338,PL_APPLICATION_OWNED_DIRECT,NO_ACTION
Application Resume,Application Created,2,2,0.0,0.0,0.0,0.0,13280,0.00015060240963855423,PL_APPLICATION_OWNED_DIRECT,NO_ACTION
Application Resume,Application OTP Verification,293,247,11.0,214.40000000000003,9476.799999999967,796326.7199999958,13280,0.022063253012048194,PL_APPLICATION_OWNED_DIRECT,NO_ACTION
Application Resume,Application Resume,1292,883,90.0,1611.6000000000004,67183.70000000017,950964.029999993,13280,0.09728915662650603,PL_APPLICATION_OWNED_DIRECT,NO_ACTION
Application Resume,Application created/Login,12,12,60.0,60.0,60.0,60.0,13280,0.0009036144578313253,PL_APPLICATION_OWNED_DIRECT,NO_ACTION
Application Resume,Bank Account Selection,50,25,43.5,164.3,618.0499999999979,9363.659999999989,13280,0.0037650602409638554,PL_APPLICATION_OWNED_DIRECT,NO_ACTION
Application Resume,Bank Approval Pending,44,41,2.0,16.0,16.0,17.0,13280,0.0033132530120481927,PL_APPLICATION_OWNED_DIRECT,NO_ACTION
Application Resume,Bank Approved,1921,1293,1.0,2.0,3.0,11.799999999999955,13280,0.14465361445783131,PL_APPLICATION_OWNED_DIRECT,NO_ACTION
Application Resume,Banner Engagement,1,1,92.0,92.0,92.0,92.0,13280,7.530120481927712e-05,PL_APPLICATION_OWNED_DIRECT,NO_ACTION
Application Resume,Bottom Navigation,3,3,96.0,188.8,200.39999999999998,209.68,13280,0.00022590361445783133,PL_APPLICATION_OWNED_DIRECT,NO_ACTION
Application Resume,CTA Interaction,1,1,17.0,17.0,17.0,17.0,13280,7.530120481927712e-05,PL_APPLICATION_OWNED_DIRECT,NO_ACTION
Application Resume,Cart Addition,1,1,211.0,211.0,211.0,211.0,13280,7.530120481927712e-05,PL_APPLICATION_OWNED_DIRECT,NO_ACTION
Application Resume,Chatbot - CTA Interaction,1,1,5536.0,5536.0,5536.0,5536.0,13280,7.530120481927712e-05,PL_APPLICATION_OWNED_DIRECT,NO_ACTION
Application Resume,Connection Error,221,193,77.0,634.0,1084.0,6671.000000000002,13280,0.01664156626506024,PL_APPLICATION_OWNED_DIRECT,NO_ACTION
Application Resume,Customer Portal Login,2,2,45.5,57.1,58.55,59.71,13280,0.00015060240963855423,PL_APPLICATION_OWNED_DIRECT,NO_ACTION
Application Resume,Disb,57,57,60.0,60.0,60.0,60.0,13280,0.004292168674698795,PL_APPLICATION_OWNED_DIRECT,NO_ACTION
Application Resume,Form filled,3,3,60.0,60.0,60.0,60.0,13280,0.00022590361445783133,PL_APPLICATION_OWNED_DIRECT,NO_ACTION
Application Resume,Form filled-Rejected,33,33,60.0,60.0,60.0,60.0,13280,0.0024849397590361445,PL_APPLICATION_OWNED_DIRECT,NO_ACTION
Application Resume,Help / Tooltip,5,5,20.0,248.40000000000003,314.19999999999993,366.84,13280,0.00037650602409638556,PL_APPLICATION_OWNED_DIRECT,NO_ACTION
Application Resume,Icon Interaction,1,1,10.0,10.0,10.0,10.0,13280,7.530120481927712e-05,PL_APPLICATION_OWNED_DIRECT,NO_ACTION
Application Resume,Journey Close,846,473,23.0,146.5,233.0,825.1499999999958,13280,0.06370481927710843,PL_APPLICATION_OWNED_DIRECT,NO_ACTION
Application Resume,Language Selection,177,160,70.0,1090.0000000000002,1483.5999999999979,19713.600000000013,13280,0.013328313253012048,PL_APPLICATION_OWNED_DIRECT,NO_ACTION
Application Resume,Loan Product Browse,2,2,24.5,28.1,28.55,28.91,13280,0.00015060240963855423,PL_APPLICATION_OWNED_DIRECT,NO_ACTION
Application Resume,Loan Summary View,8,8,216.5,23427.499999999985,50214.749999999956,71644.54999999997,13280,0.0006024096385542169,PL_APPLICATION_OWNED_DIRECT,NO_ACTION
Application Resume,OTP Initiation,2,2,273.5,354.7,364.84999999999997,372.96999999999997,13280,0.00015060240963855423,PL_APPLICATION_OWNED_DIRECT,NO_ACTION
Application Resume,OTP Verification,2,2,24.0,41.6,43.8,45.56,13280,0.00015060240963855423,PL_APPLICATION_OWNED_DIRECT,NO_ACTION
Application Resume,Offer Discovery,1,1,128.0,128.0,128.0,128.0,13280,7.530120481927712e-05,PL_APPLICATION_OWNED_DIRECT,NO_ACTION
Application Resume,Partner Discovery,2,2,90.5,153.3,161.15,167.43,13280,0.00015060240963855423,PL_APPLICATION_OWNED_DIRECT,NO_ACTION
Application Resume,Pending Application,4,2,251.0,552.0,604.4999999999999,646.4999999999999,13280,0.00030120481927710846,PL_APPLICATION_OWNED_DIRECT,NO_ACTION
Application Resume,Post AIP Reject,2,2,60.0,60.0,60.0,60.0,13280,0.00015060240963855423,PL_APPLICATION_OWNED_DIRECT,NO_ACTION
Application Resume,Product Browse,25,23,152.0,1070.8000000000004,1180.8,1283.2799999999997,13280,0.0018825301204819277,PL_APPLICATION_OWNED_DIRECT,NO_ACTION
Application Resume,Product Selection,1,1,103.0,103.0,103.0,103.0,13280,7.530120481927712e-05,PL_APPLICATION_OWNED_DIRECT,NO_ACTION
Application Resume,Professional Details Submission,3846,3845,59.0,134.0,174.0,331.10000000000036,13280,0.2896084337349398,PL_APPLICATION_OWNED_DIRECT,NO_ACTION
Application Resume,Professional details,333,333,60.0,60.0,60.0,60.0,13280,0.025075301204819277,PL_APPLICATION_OWNED_DIRECT,NO_ACTION
Application Resume,Quick Action,25,18,81.0,670.8,818.7999999999995,949.2399999999998,13280,0.0018825301204819277,PL_APPLICATION_OWNED_DIRECT,NO_ACTION
Application Resume,SDK Initialization,2,2,311.5,522.3,548.65,569.73,13280,0.00015060240963855423,PL_APPLICATION_OWNED_DIRECT,NO_ACTION
Application Resume,Score Generation / Refresh,1,1,135.0,135.0,135.0,135.0,13280,7.530120481927712e-05,PL_APPLICATION_OWNED_DIRECT,NO_ACTION
Application Resume,Scroll / Depth,11,10,357.0,1215.0,1517.0,1758.6000000000001,13280,0.0008283132530120482,PL_APPLICATION_OWNED_DIRECT,NO_ACTION
Application Resume,Secondary Navigation,6,6,896.0,1494.5,1542.75,1581.3500000000001,13280,0.00045180722891566266,PL_APPLICATION_OWNED_DIRECT,NO_ACTION
Application Resume,Sticky CTA Engagement,4,4,36.0,110.10000000000002,124.04999999999997,135.20999999999998,13280,0.00030120481927710846,PL_APPLICATION_OWNED_DIRECT,NO_ACTION
Application Resume,Top Navigation,2,2,114.5,138.9,141.95,144.39,13280,0.00015060240963855423,PL_APPLICATION_OWNED_DIRECT,NO_ACTION
Application Resume,listing,857,857,60.0,60.0,60.0,60.0,13280,0.06453313253012048,PL_APPLICATION_OWNED_DIRECT,NO_ACTION
Bank Account Selection,Account Approval,17,15,41.0,84.4,91.39999999999998,111.88,178,0.09550561797752809,PL_APPLICATION_OWNED_DIRECT,NO_ACTION
Bank Account Selection,Application OTP Verification,2,2,375308.0,412348.8,416978.9,420682.98,178,0.011235955056179775,PL_APPLICATION_OWNED_DIRECT,NO_ACTION
Bank Account Selection,Application Resume,28,19,15328.5,368776.9000000001,648039.8999999996,1210531.4300000002,178,0.15730337078651685,PL_APPLICATION_OWNED_DIRECT,NO_ACTION
Bank Account Selection,Bank Account Selection,56,26,198.5,523326.0,620882.0,1003868.8000000019,178,0.3146067415730337,PL_APPLICATION_OWNED_DIRECT,NO_ACTION
Bank Account Selection,Consent Page Load,5,4,41.0,66.2,74.6,81.32,178,0.028089887640449437,PL_APPLICATION_OWNED_DIRECT,NO_ACTION
Bank Account Selection,Form filled-Rejected,34,34,60.0,60.0,60.0,60.0,178,0.19101123595505617,PL_APPLICATION_OWNED_DIRECT,NO_ACTION
Bank Account Selection,Help / Tooltip,1,1,956.0,956.0,956.0,956.0,178,0.0056179775280898875,PL_APPLICATION_OWNED_DIRECT,NO_ACTION
Bank Account Selection,Journey Close,20,11,58.5,115.10000000000002,135.0,150.2,178,0.11235955056179775,PL_APPLICATION_OWNED_DIRECT,NO_ACTION
Bank Account Selection,Language Selection,10,7,62.0,262.19999999999993,371.09999999999974,458.22,178,0.056179775280898875,PL_APPLICATION_OWNED_DIRECT,NO_ACTION
Bank Account Selection,Offer Discovery,1,1,155.0,155.0,155.0,155.0,178,0.0056179775280898875,PL_APPLICATION_OWNED_DIRECT,NO_ACTION
Bank Account Selection,Partner Discovery,1,1,85.0,85.0,85.0,85.0,178,0.0056179775280898875,PL_APPLICATION_OWNED_DIRECT,NO_ACTION
Bank Account Selection,Product Browse,1,1,49.0,49.0,49.0,49.0,178,0.0056179775280898875,PL_APPLICATION_OWNED_DIRECT,NO_ACTION
Bank Account Selection,Quick Action,1,1,117.0,117.0,117.0,117.0,178,0.0056179775280898875,PL_APPLICATION_OWNED_DIRECT,NO_ACTION
Bank Account Selection,listing,1,1,60.0,60.0,60.0,60.0,178,0.0056179775280898875,PL_APPLICATION_OWNED_DIRECT,NO_ACTION
Bank Approval Pending,AIP Approved,6740,5827,9.0,17.0,33.0,188.60999999999967,14969,0.45026387868261075,PL_APPLICATION_OWNED_DIRECT,NO_ACTION
Bank Approval Pending,AIP Declined,22,22,8.0,10.900000000000002,11.0,48.91999999999996,14969,0.0014697040550470974,PL_APPLICATION_OWNED_DIRECT,NO_ACTION
Bank Approval Pending,Address Submission,1487,1265,0.0,87.40000000000009,155.10000000000014,423.8400000000006,14969,0.0993386331752288,PL_APPLICATION_OWNED_DIRECT,NO_ACTION
Bank Approval Pending,Application OTP Verification,24,24,74.5,1536.7999999999995,1720.1,2291.5699999999997,14969,0.0016033135145968336,PL_APPLICATION_OWNED_DIRECT,NO_ACTION
Bank Approval Pending,Application Resume,179,177,257.0,899.4000000000004,1071.6,1432.8,14969,0.011958046629701383,PL_APPLICATION_OWNED_DIRECT,NO_ACTION
Bank Approval Pending,Bank Approval Pending,1384,852,82.0,367.10000000000014,615.8999999999987,1395.0600000000013,14969,0.0924577460084174,PL_APPLICATION_OWNED_DIRECT,NO_ACTION
Bank Approval Pending,Bank Approved,4673,4587,6.0,11.0,16.0,40.279999999999745,14969,0.31217850223795846,PL_APPLICATION_OWNED_DIRECT,NO_ACTION
Bank Approval Pending,Connection Error,70,67,2.0,140.60000000000002,197.64999999999992,348.17000000000024,14969,0.004676331084240764,PL_APPLICATION_OWNED_DIRECT,NO_ACTION
Bank Approval Pending,Disb,4,4,60.0,60.0,60.0,60.0,14969,0.00026721891909947226,PL_APPLICATION_OWNED_DIRECT,NO_ACTION
Bank Approval Pending,Journey Close,3,3,92.0,103.2,104.6,105.72,14969,0.0002004141893246042,PL_APPLICATION_OWNED_DIRECT,NO_ACTION
Bank Approval Pending,Language Selection,94,88,79.0,809.3000000000005,1484.7499999999989,2233.5899999999983,14969,0.006279644598837598,PL_APPLICATION_OWNED_DIRECT,NO_ACTION
Bank Approval Pending,OTP Initiation,1,1,812.0,812.0,812.0,812.0,14969,6.680472977486806e-05,PL_APPLICATION_OWNED_DIRECT,NO_ACTION
Bank Approval Pending,Product Selection,273,272,0.0,0.0,63.0,143.79999999999905,14969,0.01823769122853898,PL_APPLICATION_OWNED_DIRECT,NO_ACTION
Bank Approval Pending,Professional Details Submission,8,8,76.0,275.9,287.45,296.69,14969,0.0005344378381989445,PL_APPLICATION_OWNED_DIRECT,NO_ACTION
Bank Approval Pending,Scroll / Depth,3,3,916.0,1033.6,1048.3,1060.06,14969,0.0002004141893246042,PL_APPLICATION_OWNED_DIRECT,NO_ACTION
Bank Approval Pending,Sticky CTA Engagement,1,1,124.0,124.0,124.0,124.0,14969,6.680472977486806e-05,PL_APPLICATION_OWNED_DIRECT,NO_ACTION
Bank Approval Pending,listing,3,3,60.0,60.0,60.0,60.0,14969,0.0002004141893246042,PL_APPLICATION_OWNED_DIRECT,NO_ACTION
Bank Approved,AIP Approved,3616,2984,37.0,300.0,468.0,1014.2499999999995,12998,0.27819664563779045,PL_APPLICATION_OWNED_DIRECT,NO_ACTION
Bank Approved,Address Submission,162,154,30.0,100.80000000000001,179.89999999999998,291.71999999999935,12998,0.012463455916294814,PL_APPLICATION_OWNED_DIRECT,NO_ACTION
Bank Approved,App Lifecycle,9,9,361.0,1270.6000000000001,1439.7999999999997,1575.1599999999999,12998,0.0006924142175719341,PL_APPLICATION_OWNED_DIRECT,NO_ACTION
Bank Approved,Application OTP Verification,62,61,1547.5,2390.9,3115.0999999999995,31963.07000000004,12998,0.004769964609939991,PL_APPLICATION_OWNED_DIRECT,NO_ACTION
Bank Approved,Application Resume,1841,1442,115.0,832.0,1228.0,3060.3999999998855,12998,0.1416371749499923,PL_APPLICATION_OWNED_DIRECT,NO_ACTION
Bank Approved,Bank Approval Pending,91,91,0.0,176.0,326.0,388.7999999999998,12998,0.0070010770887828895,PL_APPLICATION_OWNED_DIRECT,NO_ACTION
Bank Approved,Bank Approved,617,489,42.0,466.5999999999997,722.5999999999988,1562.88,12998,0.04746884136020926,PL_APPLICATION_OWNED_DIRECT,NO_ACTION
Bank Approved,Banner Engagement,7,5,16.0,63.80000000000001,73.39999999999998,81.07999999999998,12998,0.0005385443914448377,PL_APPLICATION_OWNED_DIRECT,NO_ACTION
Bank Approved,Bottom Navigation,3,3,822.0,1206.0,1254.0,1292.4,12998,0.0002308047391906447,PL_APPLICATION_OWNED_DIRECT,NO_ACTION
Bank Approved,CTA Interaction,2,2,62.5,85.3,88.14999999999999,90.42999999999999,12998,0.00015386982612709647,PL_APPLICATION_OWNED_DIRECT,NO_ACTION
Bank Approved,Cart Addition,1,1,995.0,995.0,995.0,995.0,12998,7.693491306354824e-05,PL_APPLICATION_OWNED_DIRECT,NO_ACTION
Bank Approved,Connection Error,337,308,45.0,164.60000000000014,279.19999999999953,631.1999999999999,12998,0.025927065702415757,PL_APPLICATION_OWNED_DIRECT,NO_ACTION
Bank Approved,Credit Score Check,1,1,191.0,191.0,191.0,191.0,12998,7.693491306354824e-05,PL_APPLICATION_OWNED_DIRECT,NO_ACTION
Bank Approved,Deep-link / Attribution,1,1,22.0,22.0,22.0,22.0,12998,7.693491306354824e-05,PL_APPLICATION_OWNED_DIRECT,NO_ACTION
Bank Approved,Disb,134,134,60.0,60.0,60.0,60.0,12998,0.010309278350515464,PL_APPLICATION_OWNED_DIRECT,NO_ACTION
Bank Approved,Form filled,4,4,60.0,60.0,60.0,60.0,12998,0.00030773965225419295,PL_APPLICATION_OWNED_DIRECT,NO_ACTION
Bank Approved,Header Navigation,1,1,847.0,847.0,847.0,847.0,12998,7.693491306354824e-05,PL_APPLICATION_OWNED_DIRECT,NO_ACTION
Bank Approved,Help / Tooltip,8,8,235.5,720.8999999999999,945.9499999999996,1125.9899999999998,12998,0.0006154793045083859,PL_APPLICATION_OWNED_DIRECT,NO_ACTION
Bank Approved,Icon Interaction,2,2,768.0,1283.2,1347.6,1399.12,12998,0.00015386982612709647,PL_APPLICATION_OWNED_DIRECT,NO_ACTION
Bank Approved,Journey Close,806,500,25.0,197.5,320.0,645.95,12998,0.06200953992921988,PL_APPLICATION_OWNED_DIRECT,NO_ACTION
Bank Approved,Language Selection,239,229,152.0,1190.2000000000003,1589.2999999999997,2085.0200000000004,12998,0.018387444222188028,PL_APPLICATION_OWNED_DIRECT,NO_ACTION
Bank Approved,Loan Product Browse,7,7,224.0,560.2000000000002,655.5999999999998,731.9199999999998,12998,0.0005385443914448377,PL_APPLICATION_OWNED_DIRECT,NO_ACTION
Bank Approved,Menu / Navigation,1,1,230.0,230.0,230.0,230.0,12998,7.693491306354824e-05,PL_APPLICATION_OWNED_DIRECT,NO_ACTION
Bank Approved,OTP Initiation,6,6,912.5,1514.5,1668.75,1792.15,12998,0.0004616094783812894,PL_APPLICATION_OWNED_DIRECT,NO_ACTION
Bank Approved,OTP Verification,1,1,364.0,364.0,364.0,364.0,12998,7.693491306354824e-05,PL_APPLICATION_OWNED_DIRECT,NO_ACTION
Bank Approved,Offer Discovery,1,1,84.0,84.0,84.0,84.0,12998,7.693491306354824e-05,PL_APPLICATION_OWNED_DIRECT,NO_ACTION
Bank Approved,Pending Application,1,1,213.0,213.0,213.0,213.0,12998,7.693491306354824e-05,PL_APPLICATION_OWNED_DIRECT,NO_ACTION
Bank Approved,Product Browse,15,15,455.0,1642.0,1669.5,1717.1,12998,0.0011540236959532236,PL_APPLICATION_OWNED_DIRECT,NO_ACTION
Bank Approved,Product Detail View,1,1,248.0,248.0,248.0,248.0,12998,7.693491306354824e-05,PL_APPLICATION_OWNED_DIRECT,NO_ACTION
Bank Approved,Product Discovery,1,1,88.0,88.0,88.0,88.0,12998,7.693491306354824e-05,PL_APPLICATION_OWNED_DIRECT,NO_ACTION
Bank Approved,Product Selection,4599,4295,0.0,0.0,0.0,61.0,12998,0.35382366517925834,PL_APPLICATION_OWNED_DIRECT,NO_ACTION
Bank Approved,Professional Details Submission,107,94,34.0,307.0000000000002,478.79999999999995,985.4799999999991,12998,0.008232035697799662,PL_APPLICATION_OWNED_DIRECT,NO_ACTION
Bank Approved,Professional details,15,15,60.0,60.0,60.0,60.0,12998,0.0011540236959532236,PL_APPLICATION_OWNED_DIRECT,NO_ACTION
Bank Approved,Quick Action,8,8,456.0,781.1,815.05,842.2099999999999,12998,0.0006154793045083859,PL_APPLICATION_OWNED_DIRECT,NO_ACTION
Bank Approved,SDK Initialization,8,8,89.0,513.4,649.1999999999998,757.8399999999999,12998,0.0006154793045083859,PL_APPLICATION_OWNED_DIRECT,NO_ACTION
Bank Approved,Scroll / Depth,16,16,469.0,2977.0,3267.5,3311.9,12998,0.0012309586090167718,PL_APPLICATION_OWNED_DIRECT,NO_ACTION
Bank Approved,Secondary Navigation,8,7,81.0,868.0,986.9999999999998,1082.1999999999998,12998,0.0006154793045083859,PL_APPLICATION_OWNED_DIRECT,NO_ACTION
Bank Approved,Sticky CTA Engagement,9,9,159.0,1538.8,1554.4,1566.88,12998,0.0006924142175719341,PL_APPLICATION_OWNED_DIRECT,NO_ACTION
Bank Approved,System / Error Telemetry,1,1,133.0,133.0,133.0,133.0,12998,7.693491306354824e-05,PL_APPLICATION_OWNED_DIRECT,NO_ACTION
Bank Approved,Top Navigation,1,1,2.0,2.0,2.0,2.0,12998,7.693491306354824e-05,PL_APPLICATION_OWNED_DIRECT,NO_ACTION
Bank Approved,listing,248,248,60.0,60.0,60.0,60.0,12998,0.019079858439759963,PL_APPLICATION_OWNED_DIRECT,NO_ACTION
Connection Error,AIP Approved,4,4,2.5,51.20000000000001,61.09999999999998,69.01999999999998,6734,0.000594000594000594,PL_APPLICATION_OWNED_DIRECT,NO_ACTION
Connection Error,Address Submission,9,9,0.0,3.0000000000000018,6.9999999999999964,10.2,6734,0.0013365013365013365,PL_APPLICATION_OWNED_DIRECT,NO_ACTION
Connection Error,App Lifecycle,4,3,176.5,583.6,641.7999999999998,688.3599999999999,6734,0.000594000594000594,PL_APPLICATION_OWNED_DIRECT,NO_ACTION
Connection Error,Application Created,1,1,10579.0,10579.0,10579.0,10579.0,6734,0.0001485001485001485,PL_APPLICATION_OWNED_DIRECT,NO_ACTION
Connection Error,Application OTP Verification,3793,3093,20.0,55.0,149.39999999999964,1258.4799999999996,6734,0.5632610632610633,PL_APPLICATION_OWNED_DIRECT,NO_ACTION
Connection Error,Application Resume,90,80,54.5,542.3000000000015,2500.8499999999985,87887.04999999986,6734,0.013365013365013365,PL_APPLICATION_OWNED_DIRECT,NO_ACTION
Connection Error,Application created/Login,20,20,60.0,60.0,62.00000000000003,92.39999999999995,6734,0.00297000297000297,PL_APPLICATION_OWNED_DIRECT,NO_ACTION
Connection Error,Bank Approval Pending,21,21,0.0,6.0,86.0,146.00000000000006,6734,0.0031185031185031187,PL_APPLICATION_OWNED_DIRECT,NO_ACTION
Connection Error,Bank Approved,19,18,0.0,10.999999999999993,23.6999999999999,57.54000000000001,6734,0.0028215028215028215,PL_APPLICATION_OWNED_DIRECT,NO_ACTION
Connection Error,Bottom Navigation,3,3,21.0,53.0,57.0,60.2,6734,0.0004455004455004455,PL_APPLICATION_OWNED_DIRECT,NO_ACTION
Connection Error,Connection Error,1604,1454,6.0,30.0,62.54999999999973,669.3800000000015,6734,0.23819423819423818,PL_APPLICATION_OWNED_DIRECT,NO_ACTION
Connection Error,Disb,29,29,60.0,60.0,60.0,60.0,6734,0.004306504306504306,PL_APPLICATION_OWNED_DIRECT,NO_ACTION
Connection Error,Form filled,37,37,60.0,60.0,60.0,60.0,6734,0.005494505494505495,PL_APPLICATION_OWNED_DIRECT,NO_ACTION
Connection Error,Form filled-Rejected,6,6,60.0,60.0,60.0,60.0,6734,0.000891000891000891,PL_APPLICATION_OWNED_DIRECT,NO_ACTION
Connection Error,Header Navigation,1,1,15.0,15.0,15.0,15.0,6734,0.0001485001485001485,PL_APPLICATION_OWNED_DIRECT,NO_ACTION
Connection Error,Journey Close,163,111,3.0,18.80000000000001,45.700000000000074,1257.0799999999992,6734,0.024205524205524204,PL_APPLICATION_OWNED_DIRECT,NO_ACTION
Connection Error,Language Selection,146,143,12.5,264.0,636.0,1288.1000000000004,6734,0.02168102168102168,PL_APPLICATION_OWNED_DIRECT,NO_ACTION
Connection Error,Loan Product Browse,1,1,23.0,23.0,23.0,23.0,6734,0.0001485001485001485,PL_APPLICATION_OWNED_DIRECT,NO_ACTION
Connection Error,Loan Summary View,1,1,13741.0,13741.0,13741.0,13741.0,6734,0.0001485001485001485,PL_APPLICATION_OWNED_DIRECT,NO_ACTION
Connection Error,OTP Initiation,1,1,32.0,32.0,32.0,32.0,6734,0.0001485001485001485,PL_APPLICATION_OWNED_DIRECT,NO_ACTION
Connection Error,Other,1,1,87.0,87.0,87.0,87.0,6734,0.0001485001485001485,PL_APPLICATION_OWNED_DIRECT,NO_ACTION
Connection Error,Pending Application,1,1,6.0,6.0,6.0,6.0,6734,0.0001485001485001485,PL_APPLICATION_OWNED_DIRECT,NO_ACTION
Connection Error,Product Browse,3,3,427.0,611.0,634.0,652.4,6734,0.0004455004455004455,PL_APPLICATION_OWNED_DIRECT,NO_ACTION
Connection Error,Product Detail View,1,1,24.0,24.0,24.0,24.0,6734,0.0001485001485001485,PL_APPLICATION_OWNED_DIRECT,NO_ACTION
Connection Error,Product Selection,3,3,0.0,0.0,0.0,0.0,6734,0.0004455004455004455,PL_APPLICATION_OWNED_DIRECT,NO_ACTION
Connection Error,Professional Details Submission,18,18,0.0,0.0,0.0,0.0,6734,0.002673002673002673,PL_APPLICATION_OWNED_DIRECT,NO_ACTION
Connection Error,Professional details,54,54,60.0,60.0,60.0,60.0,6734,0.008019008019008018,PL_APPLICATION_OWNED_DIRECT,NO_ACTION
Connection Error,Quick Action,2,2,21.0,21.8,21.9,21.98,6734,0.000297000297000297,PL_APPLICATION_OWNED_DIRECT,NO_ACTION
Connection Error,SDK Initialization,5,5,11.0,22.400000000000002,26.199999999999996,29.24,6734,0.0007425007425007425,PL_APPLICATION_OWNED_DIRECT,NO_ACTION
Connection Error,Score Generation / Refresh,1,1,9.0,9.0,9.0,9.0,6734,0.0001485001485001485,PL_APPLICATION_OWNED_DIRECT,NO_ACTION
Connection Error,Scroll / Depth,142,140,12.0,40.80000000000001,98.79999999999995,1264.0200000000013,6734,0.021087021087021086,PL_APPLICATION_OWNED_DIRECT,NO_ACTION
Connection Error,Secondary Navigation,1,1,14.0,14.0,14.0,14.0,6734,0.0001485001485001485,PL_APPLICATION_OWNED_DIRECT,NO_ACTION
Connection Error,Sticky CTA Engagement,49,47,13.0,36.000000000000014,85.99999999999983,341.6799999999985,6734,0.007276507276507277,PL_APPLICATION_OWNED_DIRECT,NO_ACTION
Connection Error,System / Error Telemetry,2,2,204.5,308.9,321.95,332.39,6734,0.000297000297000297,PL_APPLICATION_OWNED_DIRECT,NO_ACTION
Connection Error,Top Navigation,2,2,221.0,329.0,342.5,353.3,6734,0.000297000297000297,PL_APPLICATION_OWNED_DIRECT,NO_ACTION
Connection Error,listing,496,496,60.0,60.0,60.0,60.0,6734,0.07365607365607366,PL_APPLICATION_OWNED_DIRECT,NO_ACTION
Disb,Address Submission,1,1,272630.0,272630.0,272630.0,272630.0,208,0.004807692307692308,PL_APPLICATION_OWNED_DIRECT,NO_ACTION
Disb,Application Created,1,1,50222.0,50222.0,50222.0,50222.0,208,0.004807692307692308,PL_APPLICATION_OWNED_DIRECT,NO_ACTION
Disb,Application OTP Verification,19,19,40659.0,808132.9999999999,983620.8999999992,1243280.9800000002,208,0.09134615384615384,PL_APPLICATION_OWNED_DIRECT,NO_ACTION
Disb,Application Resume,151,151,78790.0,1179300.0,1881549.0,2424375.5,208,0.7259615384615384,PL_APPLICATION_OWNED_DIRECT,NO_ACTION
Disb,Connection Error,13,13,17120.0,595626.6000000001,927325.5999999989,1301242.7199999993,208,0.0625,PL_APPLICATION_OWNED_DIRECT,NO_ACTION
Disb,Journey Close,1,1,10272.0,10272.0,10272.0,10272.0,208,0.004807692307692308,PL_APPLICATION_OWNED_DIRECT,NO_ACTION
Disb,Language Selection,16,16,19969.0,952320.5,1316067.25,1785659.0499999998,208,0.07692307692307693,PL_APPLICATION_OWNED_DIRECT,NO_ACTION
Disb,Loan Summary View,3,3,176170.0,1026150.8,1132398.4,1217396.48,208,0.014423076923076924,PL_APPLICATION_OWNED_DIRECT,NO_ACTION
Disb,Quick Action,1,1,710.0,710.0,710.0,710.0,208,0.004807692307692308,PL_APPLICATION_OWNED_DIRECT,NO_ACTION
Disb,Scroll / Depth,2,2,1126018.5,1336198.1,1362470.55,1383488.51,208,0.009615384615384616,PL_APPLICATION_OWNED_DIRECT,NO_ACTION
Help / FAQ,AA Bank Linking,4,3,15.0,20.1,20.549999999999997,20.91,219,0.0182648401826484,PL_APPLICATION_OWNED_DIRECT,NO_ACTION
Help / FAQ,Bottom Navigation,1,1,19.0,19.0,19.0,19.0,219,0.0045662100456621,PL_APPLICATION_OWNED_DIRECT,NO_ACTION
Help / FAQ,Disb,1,1,60.0,60.0,60.0,60.0,219,0.0045662100456621,PL_APPLICATION_OWNED_DIRECT,NO_ACTION
Help / FAQ,Help / FAQ,180,19,1.5,14.0,21.049999999999983,42.15000000000012,219,0.821917808219178,PL_APPLICATION_OWNED_DIRECT,NO_ACTION
Help / FAQ,Help / Tooltip,3,3,18.0,35.6,37.8,39.56,219,0.0136986301369863,PL_APPLICATION_OWNED_DIRECT,NO_ACTION
Help / FAQ,Journey Close,7,2,113.0,741.8000000000002,847.3999999999997,931.8799999999999,219,0.0319634703196347,PL_APPLICATION_OWNED_DIRECT,NO_ACTION
Help / FAQ,Legal & Compliance,6,4,6.0,12.0,14.0,15.600000000000001,219,0.0273972602739726,PL_APPLICATION_OWNED_DIRECT,NO_ACTION
Help / FAQ,Loan Product Browse,1,1,567.0,567.0,567.0,567.0,219,0.0045662100456621,PL_APPLICATION_OWNED_DIRECT,NO_ACTION
Help / FAQ,Logout,1,1,18.0,18.0,18.0,18.0,219,0.0045662100456621,PL_APPLICATION_OWNED_DIRECT,NO_ACTION
Help / FAQ,Other,5,4,0.0,24.200000000000003,26.599999999999998,28.52,219,0.0228310502283105,PL_APPLICATION_OWNED_DIRECT,NO_ACTION
Help / FAQ,PFM Tab Navigation,1,1,16.0,16.0,16.0,16.0,219,0.0045662100456621,PL_APPLICATION_OWNED_DIRECT,NO_ACTION
Help / FAQ,Pending Application,1,1,40.0,40.0,40.0,40.0,219,0.0045662100456621,PL_APPLICATION_OWNED_DIRECT,NO_ACTION
Help / FAQ,Profile Management,2,2,8.5,10.5,10.75,10.95,219,0.0091324200913242,PL_APPLICATION_OWNED_DIRECT,NO_ACTION
Help / FAQ,Quick Action,3,3,16.0,46.400000000000006,50.199999999999996,53.24,219,0.0136986301369863,PL_APPLICATION_OWNED_DIRECT,NO_ACTION
Help / FAQ,Score Generation / Refresh,1,1,20.0,20.0,20.0,20.0,219,0.0045662100456621,PL_APPLICATION_OWNED_DIRECT,NO_ACTION
Help / FAQ,Top Navigation,2,2,49.5,55.5,56.25,56.85,219,0.0091324200913242,PL_APPLICATION_OWNED_DIRECT,NO_ACTION
Journey Close,AA Bank Linking,71,57,9.0,28.0,41.5,80.49999999999982,4842,0.01466336224700537,PL_APPLICATION_OWNED_DIRECT,NO_ACTION
Journey Close,AIP Approved,8,8,20.5,102991.49999999994,223053.74999999983,319103.54999999993,4842,0.0016522098306484924,PL_APPLICATION_OWNED_DIRECT,NO_ACTION
Journey Close,Academy Engagement,7,5,6.0,73.00000000000001,86.49999999999997,97.29999999999998,4842,0.0014456836018174309,PL_APPLICATION_OWNED_DIRECT,NO_ACTION
Journey Close,Account View,1,1,3.0,3.0,3.0,3.0,4842,0.00020652622883106156,PL_APPLICATION_OWNED_DIRECT,NO_ACTION
Journey Close,App Lifecycle,29,29,355.0,1419.6,1478.3999999999999,1602.2399999999998,4842,0.005989260636100785,PL_APPLICATION_OWNED_DIRECT,NO_ACTION
Journey Close,Application OTP Verification,15,15,928.0,429346.8,743916.899999999,1305016.1799999995,4842,0.0030978934324659233,PL_APPLICATION_OWNED_DIRECT,NO_ACTION
Journey Close,Application Resume,323,238,51.0,383691.8000000004,773102.5999999997,1917398.8999999997,4842,0.06670797191243288,PL_APPLICATION_OWNED_DIRECT,NO_ACTION
Journey Close,Application Start,1,1,3.0,3.0,3.0,3.0,4842,0.00020652622883106156,PL_APPLICATION_OWNED_DIRECT,NO_ACTION
Journey Close,Application created/Login,1,1,60.0,60.0,60.0,60.0,4842,0.00020652622883106156,PL_APPLICATION_OWNED_DIRECT,NO_ACTION
Journey Close,Bank Account Selection,1,1,60430.0,60430.0,60430.0,60430.0,4842,0.00020652622883106156,PL_APPLICATION_OWNED_DIRECT,NO_ACTION
Journey Close,Bank Approval Pending,1,1,8.0,8.0,8.0,8.0,4842,0.00020652622883106156,PL_APPLICATION_OWNED_DIRECT,NO_ACTION
Journey Close,Bank Approved,23,23,21.0,72.40000000000002,259.8999999999997,659.8600000000006,4842,0.004750103263114415,PL_APPLICATION_OWNED_DIRECT,NO_ACTION
Journey Close,Bottom Navigation,558,424,5.0,23.0,42.0,342.42999999999995,4842,0.11524163568773234,PL_APPLICATION_OWNED_DIRECT,NO_ACTION
Journey Close,Card Product Browse,18,16,8.0,25.400000000000006,34.44999999999997,50.08999999999996,4842,0.0037174721189591076,PL_APPLICATION_OWNED_DIRECT,NO_ACTION
Journey Close,Chatbot - Layer 2,11,11,6.0,10.0,10.0,10.0,4842,0.002271788517141677,PL_APPLICATION_OWNED_DIRECT,NO_ACTION
Journey Close,Chatbot Exit,13,12,3.0,7.600000000000001,8.799999999999997,9.759999999999998,4842,0.0026848409748038,PL_APPLICATION_OWNED_DIRECT,NO_ACTION
Journey Close,Connection Error,27,23,2.0,535.4000000000019,1245.1999999999998,16158.839999999967,4842,0.0055762081784386614,PL_APPLICATION_OWNED_DIRECT,NO_ACTION
Journey Close,Content Engagement,1,1,162.0,162.0,162.0,162.0,4842,0.00020652622883106156,PL_APPLICATION_OWNED_DIRECT,NO_ACTION
Journey Close,Credit Account Summary,36,28,9.0,32.0,55.5,386.2999999999993,4842,0.007434944237918215,PL_APPLICATION_OWNED_DIRECT,NO_ACTION
Journey Close,Credit Factors,22,22,18.0,36.40000000000001,68.34999999999998,107.91999999999996,4842,0.004543577034283354,PL_APPLICATION_OWNED_DIRECT,NO_ACTION
Journey Close,Credit Score Check,48,47,8.0,19.300000000000004,30.74999999999998,278.42000000000047,4842,0.009913258983890954,PL_APPLICATION_OWNED_DIRECT,NO_ACTION
Journey Close,Dashboard Interaction,13,10,5.0,13.200000000000003,19.59999999999998,26.319999999999986,4842,0.0026848409748038,PL_APPLICATION_OWNED_DIRECT,NO_ACTION
Journey Close,Deep-link / Attribution,3,2,225.0,685.8000000000001,743.4,789.48,4842,0.0006195786864931846,PL_APPLICATION_OWNED_DIRECT,NO_ACTION
Journey Close,Disb,5,5,60.0,60.0,60.0,60.0,4842,0.0010326311441553077,PL_APPLICATION_OWNED_DIRECT,NO_ACTION
Journey Close,Expense Breakdown,4,4,5.5,7.7,7.85,7.97,4842,0.0008261049153242462,PL_APPLICATION_OWNED_DIRECT,NO_ACTION
Journey Close,FAQ / Help,7,7,15.0,23.400000000000006,26.699999999999992,29.339999999999996,4842,0.0014456836018174309,PL_APPLICATION_OWNED_DIRECT,NO_ACTION
Journey Close,Form filled,2,2,60.0,60.0,60.0,60.0,4842,0.0004130524576621231,PL_APPLICATION_OWNED_DIRECT,NO_ACTION
Journey Close,Form filled-Rejected,9,9,60.0,60.0,60.0,60.0,4842,0.0018587360594795538,PL_APPLICATION_OWNED_DIRECT,NO_ACTION
Journey Close,Help / FAQ,8,5,5.5,10.5,12.249999999999996,13.649999999999999,4842,0.0016522098306484924,PL_APPLICATION_OWNED_DIRECT,NO_ACTION
Journey Close,Help / Tooltip,271,222,5.0,30.0,100.0,803.400000000004,4842,0.05596860801321768,PL_APPLICATION_OWNED_DIRECT,NO_ACTION
Journey Close,Investment Product Browse,1,1,10.0,10.0,10.0,10.0,4842,0.00020652622883106156,PL_APPLICATION_OWNED_DIRECT,NO_ACTION
Journey Close,Journey Close,189,155,11.0,95.80000000000007,245.59999999999957,718.0000000000024,4842,0.03903345724907063,PL_APPLICATION_OWNED_DIRECT,NO_ACTION
Journey Close,Language Selection,10,10,36.0,57732.89999999983,277287.4499999995,452931.0900000001,4842,0.0020652622883106154,PL_APPLICATION_OWNED_DIRECT,NO_ACTION
Journey Close,Legal & Compliance,5,5,8.0,10.0,10.0,10.0,4842,0.0010326311441553077,PL_APPLICATION_OWNED_DIRECT,NO_ACTION
Journey Close,Loan Product Browse,416,334,7.0,33.5,55.25,935.7000000000023,4842,0.0859149111937216,PL_APPLICATION_OWNED_DIRECT,NO_ACTION
Journey Close,Login Drawer Close,6,6,5.5,6.5,6.75,6.95,4842,0.0012391573729863693,PL_APPLICATION_OWNED_DIRECT,NO_ACTION
Journey Close,Logout,6,6,9.0,39.5,46.75,52.550000000000004,4842,0.0012391573729863693,PL_APPLICATION_OWNED_DIRECT,NO_ACTION
Journey Close,Menu Navigation,5,5,7.0,7.6,7.8,7.96,4842,0.0010326311441553077,PL_APPLICATION_OWNED_DIRECT,NO_ACTION
Journey Close,ONDC Banner,4,4,26.5,50.7,55.34999999999999,59.06999999999999,4842,0.0008261049153242462,PL_APPLICATION_OWNED_DIRECT,NO_ACTION
Journey Close,ONDC Category Browse,9,9,37.0,113.60000000000002,176.79999999999995,227.35999999999999,4842,0.0018587360594795538,PL_APPLICATION_OWNED_DIRECT,NO_ACTION
Journey Close,ONDC Product Discovery,24,23,14.0,38.8,45.09999999999999,53.699999999999996,4842,0.004956629491945477,PL_APPLICATION_OWNED_DIRECT,NO_ACTION
Journey Close,OTP Initiation,1,1,301.0,301.0,301.0,301.0,4842,0.00020652622883106156,PL_APPLICATION_OWNED_DIRECT,NO_ACTION
Journey Close,Offer Discovery,148,118,14.5,53.900000000000034,73.60000000000002,361.42,4842,0.03056588186699711,PL_APPLICATION_OWNED_DIRECT,NO_ACTION
Journey Close,Other,107,67,9.0,52.400000000000006,77.79999999999995,115.61999999999995,4842,0.022098306484923586,PL_APPLICATION_OWNED_DIRECT,NO_ACTION
Journey Close,PDP Banner,5,5,14.0,31.800000000000004,37.39999999999999,41.879999999999995,4842,0.0010326311441553077,PL_APPLICATION_OWNED_DIRECT,NO_ACTION
Journey Close,PFM Tab Navigation,5,5,6.0,27.6,31.799999999999997,35.16,4842,0.0010326311441553077,PL_APPLICATION_OWNED_DIRECT,NO_ACTION
Journey Close,Partner Discovery,45,39,13.0,31.800000000000004,43.199999999999974,50.56,4842,0.00929368029739777,PL_APPLICATION_OWNED_DIRECT,NO_ACTION
Journey Close,Partner Selection,2,2,40.0,64.0,67.0,69.4,4842,0.0004130524576621231,PL_APPLICATION_OWNED_DIRECT,NO_ACTION
Journey Close,Pending Application,156,118,13.0,39.5,164.75,1187.1499999999928,4842,0.0322180916976456,PL_APPLICATION_OWNED_DIRECT,NO_ACTION
Journey Close,Post AIP Reject,1,1,60.0,60.0,60.0,60.0,4842,0.00020652622883106156,PL_APPLICATION_OWNED_DIRECT,NO_ACTION
Journey Close,Pre-approved Offer,103,86,13.0,49.39999999999999,69.0,115.54000000000009,4842,0.021272201569599337,PL_APPLICATION_OWNED_DIRECT,NO_ACTION
Journey Close,Product Browse,100,84,127.5,1361.2,1525.1999999999998,2567.720000000354,4842,0.020652622883106153,PL_APPLICATION_OWNED_DIRECT,NO_ACTION
Journey Close,Product Detail View,76,64,9.5,22.5,33.5,71.75,4842,0.01569599339116068,PL_APPLICATION_OWNED_DIRECT,NO_ACTION
Journey Close,Professional details,26,26,60.0,60.0,60.0,60.0,4842,0.0053696819496076,PL_APPLICATION_OWNED_DIRECT,NO_ACTION
Journey Close,Profile Management,49,43,7.0,19.000000000000014,26.399999999999977,34.679999999999964,4842,0.010119785212722016,PL_APPLICATION_OWNED_DIRECT,NO_ACTION
Journey Close,Profile Portfolio,58,48,7.0,16.800000000000026,25.449999999999996,31.869999999999997,4842,0.01197852127220157,PL_APPLICATION_OWNED_DIRECT,NO_ACTION
Journey Close,Quick Action,705,536,6.0,26.0,85.0,814.2400000000016,4842,0.14560099132589838,PL_APPLICATION_OWNED_DIRECT,NO_ACTION
Journey Close,Report Download,5,5,5.0,30.400000000000006,38.199999999999996,44.44,4842,0.0010326311441553077,PL_APPLICATION_OWNED_DIRECT,NO_ACTION
Journey Close,Score Generation / Refresh,101,97,9.0,32.0,60.0,907.0,4842,0.020859149111937217,PL_APPLICATION_OWNED_DIRECT,NO_ACTION
Journey Close,Scroll / Depth,4,4,27.5,44.1,46.05,47.61,4842,0.0008261049153242462,PL_APPLICATION_OWNED_DIRECT,NO_ACTION
Journey Close,Secondary Navigation,366,327,5.0,30.0,54.75,495.00000000000546,4842,0.07558859975216853,PL_APPLICATION_OWNED_DIRECT,NO_ACTION
Journey Close,Social Share,2,2,7.0,11.8,12.399999999999999,12.879999999999999,4842,0.0004130524576621231,PL_APPLICATION_OWNED_DIRECT,NO_ACTION
Journey Close,Sticky CTA Engagement,2,2,44.0,44.8,44.9,44.98,4842,0.0004130524576621231,PL_APPLICATION_OWNED_DIRECT,NO_ACTION
Journey Close,Stock Market Discovery,3,2,19.0,29.4,30.7,31.74,4842,0.0006195786864931846,PL_APPLICATION_OWNED_DIRECT,NO_ACTION
Journey Close,System / Error Telemetry,6,6,115.0,406.0,426.0,442.0,4842,0.0012391573729863693,PL_APPLICATION_OWNED_DIRECT,NO_ACTION
Journey Close,Top Navigation,358,277,4.0,27.0,53.299999999999955,291.2500000000012,4842,0.07393638992152003,PL_APPLICATION_OWNED_DIRECT,NO_ACTION
Journey Close,Widget Interaction,45,41,7.0,18.6,22.599999999999994,37.80000000000001,4842,0.00929368029739777,PL_APPLICATION_OWNED_DIRECT,NO_ACTION
Journey Close,listing,151,151,60.0,60.0,60.0,60.0,4842,0.031185460553490293,PL_APPLICATION_OWNED_DIRECT,NO_ACTION
Language Selection,AA Bank Linking,1,1,26.0,26.0,26.0,26.0,3262,0.00030656039239730225,PL_APPLICATION_OWNED_DIRECT,NO_ACTION
Language Selection,AIP Approved,430,411,5.0,38.200000000000045,75.54999999999995,158.22999999999973,3262,0.13182096873083998,PL_APPLICATION_OWNED_DIRECT,NO_ACTION
Language Selection,AIP Declined,1,1,5.0,5.0,5.0,5.0,3262,0.00030656039239730225,PL_APPLICATION_OWNED_DIRECT,NO_ACTION
Language Selection,Address Submission,52,51,5.0,92.8,167.34999999999974,338.9200000000002,3262,0.01594114040465972,PL_APPLICATION_OWNED_DIRECT,NO_ACTION
Language Selection,Application OTP Verification,219,208,17.0,58.60000000000005,278.89999999999907,1531.7199999999984,3262,0.0671367259350092,PL_APPLICATION_OWNED_DIRECT,NO_ACTION
Language Selection,Application Resume,368,337,14.0,251.10000000000008,551.4999999999998,72392.87999999974,3262,0.11281422440220723,PL_APPLICATION_OWNED_DIRECT,NO_ACTION
Language Selection,Application created/Login,66,66,60.0,60.0,60.0,60.0,3262,0.02023298589822195,PL_APPLICATION_OWNED_DIRECT,NO_ACTION
Language Selection,Bank Account Selection,5,4,28.0,57.800000000000004,63.39999999999999,67.88,3262,0.0015328019619865114,PL_APPLICATION_OWNED_DIRECT,NO_ACTION
Language Selection,Bank Approval Pending,8,8,61.5,152.29999999999995,233.14999999999986,297.8299999999999,3262,0.002452483139178418,PL_APPLICATION_OWNED_DIRECT,NO_ACTION
Language Selection,Bank Approved,27,27,8.0,51.60000000000002,69.6,148.99999999999983,3262,0.00827713059472716,PL_APPLICATION_OWNED_DIRECT,NO_ACTION
Language Selection,CTA Interaction,1,1,10.0,10.0,10.0,10.0,3262,0.00030656039239730225,PL_APPLICATION_OWNED_DIRECT,NO_ACTION
Language Selection,Chatbot - Exit,1,1,53.0,53.0,53.0,53.0,3262,0.00030656039239730225,PL_APPLICATION_OWNED_DIRECT,NO_ACTION
Language Selection,Connection Error,131,130,31.0,359.0,494.0,825.7999999999998,3262,0.040159411404046594,PL_APPLICATION_OWNED_DIRECT,NO_ACTION
Language Selection,Disb,32,32,60.0,60.0,60.0,60.0,3262,0.009809932556713672,PL_APPLICATION_OWNED_DIRECT,NO_ACTION
Language Selection,Form filled,1,1,60.0,60.0,60.0,60.0,3262,0.00030656039239730225,PL_APPLICATION_OWNED_DIRECT,NO_ACTION
Language Selection,Form filled-Rejected,16,16,60.0,60.0,60.0,60.0,3262,0.004904966278356836,PL_APPLICATION_OWNED_DIRECT,NO_ACTION
Language Selection,Header Navigation,2,2,87.5,144.7,151.85,157.57,3262,0.0006131207847946045,PL_APPLICATION_OWNED_DIRECT,NO_ACTION
Language Selection,Icon Interaction,2,2,105.5,186.7,196.85,204.97,3262,0.0006131207847946045,PL_APPLICATION_OWNED_DIRECT,NO_ACTION
Language Selection,Journey Close,31,28,9.0,117.0,164.0,317.79999999999984,3262,0.00950337216431637,PL_APPLICATION_OWNED_DIRECT,NO_ACTION
Language Selection,Language Selection,440,267,10.0,150.10000000000002,323.89999999999736,1548.490000000003,3262,0.134886572654813,PL_APPLICATION_OWNED_DIRECT,NO_ACTION
Language Selection,Loan Product Browse,3,3,339.0,402.2,410.09999999999997,416.42,3262,0.0009196811771919068,PL_APPLICATION_OWNED_DIRECT,NO_ACTION
Language Selection,Loan Summary View,1,1,17.0,17.0,17.0,17.0,3262,0.00030656039239730225,PL_APPLICATION_OWNED_DIRECT,NO_ACTION
Language Selection,Post AIP Reject,1,1,60.0,60.0,60.0,60.0,3262,0.00030656039239730225,PL_APPLICATION_OWNED_DIRECT,NO_ACTION
Language Selection,Product Browse,2,2,649.0,1112.2,1170.1,1216.42,3262,0.0006131207847946045,PL_APPLICATION_OWNED_DIRECT,NO_ACTION
Language Selection,Product Selection,218,215,27.5,78.60000000000002,128.14999999999998,720.5299999999954,3262,0.0668301655426119,PL_APPLICATION_OWNED_DIRECT,NO_ACTION
Language Selection,Professional Details Submission,743,740,64.0,156.0,209.69999999999993,345.1600000000001,3262,0.2277743715511956,PL_APPLICATION_OWNED_DIRECT,NO_ACTION
Language Selection,Professional details,127,127,60.0,60.0,60.0,60.0,3262,0.03893316983445739,PL_APPLICATION_OWNED_DIRECT,NO_ACTION
Language Selection,Quick Action,1,1,178.0,178.0,178.0,178.0,3262,0.00030656039239730225,PL_APPLICATION_OWNED_DIRECT,NO_ACTION
Language Selection,SDK Initialization,5,5,27.0,57.2,62.599999999999994,66.92,3262,0.0015328019619865114,PL_APPLICATION_OWNED_DIRECT,NO_ACTION
Language Selection,Scroll / Depth,7,7,47.0,1096.0000000000005,1457.499999999999,1746.6999999999994,3262,0.002145922746781116,PL_APPLICATION_OWNED_DIRECT,NO_ACTION
Language Selection,Sticky CTA Engagement,5,5,16.0,24.8,26.4,27.68,3262,0.0015328019619865114,PL_APPLICATION_OWNED_DIRECT,NO_ACTION
Language Selection,listing,315,315,60.0,60.0,60.0,60.0,3262,0.09656652360515021,PL_APPLICATION_OWNED_DIRECT,NO_ACTION
OTP Initiation,Address OTP Verification,15,14,5.0,14.999999999999998,17.599999999999998,18.72,187,0.08021390374331551,PL_APPLICATION_OWNED_DIRECT,NO_ACTION
OTP Initiation,Application Resume,1,1,116.0,116.0,116.0,116.0,187,0.0053475935828877,PL_APPLICATION_OWNED_DIRECT,NO_ACTION
OTP Initiation,Banner Engagement,1,1,27.0,27.0,27.0,27.0,187,0.0053475935828877,PL_APPLICATION_OWNED_DIRECT,NO_ACTION
OTP Initiation,Consent Acceptance,1,1,0.0,0.0,0.0,0.0,187,0.0053475935828877,PL_APPLICATION_OWNED_DIRECT,NO_ACTION
OTP Initiation,Login Complete,2,2,17.5,29.1,30.549999999999997,31.71,187,0.0106951871657754,PL_APPLICATION_OWNED_DIRECT,NO_ACTION
OTP Initiation,OTP Initiation,52,28,1.0,7.0,15.14999999999997,35.270000000000046,187,0.27807486631016043,PL_APPLICATION_OWNED_DIRECT,NO_ACTION
OTP Initiation,OTP Verification,106,99,9.5,45.5,62.25,113.50000000000003,187,0.5668449197860963,PL_APPLICATION_OWNED_DIRECT,NO_ACTION
OTP Initiation,Sticky CTA Engagement,2,2,52.5,84.1,88.05,91.21,187,0.0106951871657754,PL_APPLICATION_OWNED_DIRECT,NO_ACTION
OTP Initiation,System / Error Telemetry,4,2,1.5,5.500000000000001,6.249999999999998,6.849999999999999,187,0.0213903743315508,PL_APPLICATION_OWNED_DIRECT,NO_ACTION
OTP Initiation,listing,3,3,60.0,60.0,60.0,60.0,187,0.016042780748663103,PL_APPLICATION_OWNED_DIRECT,NO_ACTION
Offer Discovery,App Lifecycle,1,1,1101.0,1101.0,1101.0,1101.0,297,0.003367003367003367,PL_APPLICATION_OWNED_DIRECT,NO_ACTION
Offer Discovery,Application OTP Verification,2,2,36.0,36.8,36.9,36.98,297,0.006734006734006734,PL_APPLICATION_OWNED_DIRECT,NO_ACTION
Offer Discovery,Application Resume,121,97,18.0,386.0,1716.0,522436.79999999946,297,0.4074074074074074,PL_APPLICATION_OWNED_DIRECT,NO_ACTION
Offer Discovery,Bank Approved,8,8,18.0,341.1999999999999,584.0999999999997,778.4199999999998,297,0.026936026936026935,PL_APPLICATION_OWNED_DIRECT,NO_ACTION
Offer Discovery,Connection Error,3,2,13.0,15.4,15.7,15.94,297,0.010101010101010102,PL_APPLICATION_OWNED_DIRECT,NO_ACTION
Offer Discovery,Journey Close,118,100,8.0,86.89999999999999,130.0,398.14999999999947,297,0.39730639730639733,PL_APPLICATION_OWNED_DIRECT,NO_ACTION
Offer Discovery,Language Selection,3,3,1.0,11.4,12.7,13.74,297,0.010101010101010102,PL_APPLICATION_OWNED_DIRECT,NO_ACTION
Offer Discovery,Menu Navigation,1,1,1.0,1.0,1.0,1.0,297,0.003367003367003367,PL_APPLICATION_OWNED_DIRECT,NO_ACTION
Offer Discovery,Offer Discovery,14,10,3.0,9.800000000000004,12.749999999999998,15.349999999999996,297,0.04713804713804714,PL_APPLICATION_OWNED_DIRECT,NO_ACTION
Offer Discovery,Partner Discovery,1,1,9.0,9.0,9.0,9.0,297,0.003367003367003367,PL_APPLICATION_OWNED_DIRECT,NO_ACTION
Offer Discovery,Professional details,1,1,136.0,136.0,136.0,136.0,297,0.003367003367003367,PL_APPLICATION_OWNED_DIRECT,NO_ACTION
Offer Discovery,Scroll / Depth,8,8,13.5,24.3,24.65,24.93,297,0.026936026936026935,PL_APPLICATION_OWNED_DIRECT,NO_ACTION
Offer Discovery,Top Navigation,2,2,860.0,1202.4,1245.2,1279.44,297,0.006734006734006734,PL_APPLICATION_OWNED_DIRECT,NO_ACTION
Offer Discovery,listing,14,14,97.5,883.0000000000008,1463.3999999999996,1995.8799999999992,297,0.04713804713804714,PL_APPLICATION_OWNED_DIRECT,NO_ACTION
Other,AA Bank Linking,1,1,24.0,24.0,24.0,24.0,357,0.0028011204481792717,PL_APPLICATION_OWNED_DIRECT,NO_ACTION
Other,Account View,2,2,4.0,4.8,4.9,4.98,357,0.0056022408963585435,PL_APPLICATION_OWNED_DIRECT,NO_ACTION
Other,Application Resume,29,21,16.0,38.0,44.999999999999986,93.79999999999993,357,0.08123249299719888,PL_APPLICATION_OWNED_DIRECT,NO_ACTION
Other,Bank Approved,1,1,59.0,59.0,59.0,59.0,357,0.0028011204481792717,PL_APPLICATION_OWNED_DIRECT,NO_ACTION
Other,Bill Reminder,1,1,21.0,21.0,21.0,21.0,357,0.0028011204481792717,PL_APPLICATION_OWNED_DIRECT,NO_ACTION
Other,Bottom Navigation,6,6,32.5,54.0,59.0,63.0,357,0.01680672268907563,PL_APPLICATION_OWNED_DIRECT,NO_ACTION
Other,Card Product Browse,1,1,7.0,7.0,7.0,7.0,357,0.0028011204481792717,PL_APPLICATION_OWNED_DIRECT,NO_ACTION
Other,Consent Acceptance,17,16,2.0,4.4,28.599999999999916,104.11999999999998,357,0.047619047619047616,PL_APPLICATION_OWNED_DIRECT,NO_ACTION
Other,Dashboard Interaction,1,1,25.0,25.0,25.0,25.0,357,0.0028011204481792717,PL_APPLICATION_OWNED_DIRECT,NO_ACTION
Other,Help / FAQ,2,1,4.5,8.1,8.549999999999999,8.91,357,0.0056022408963585435,PL_APPLICATION_OWNED_DIRECT,NO_ACTION
Other,Help / Tooltip,4,4,19.0,39.1,42.54999999999999,45.309999999999995,357,0.011204481792717087,PL_APPLICATION_OWNED_DIRECT,NO_ACTION
Other,Icon Interaction,1,1,61.0,61.0,61.0,61.0,357,0.0028011204481792717,PL_APPLICATION_OWNED_DIRECT,NO_ACTION
Other,Journey Close,178,100,36.0,88.60000000000002,124.25000000000009,256.4499999999988,357,0.49859943977591037,PL_APPLICATION_OWNED_DIRECT,NO_ACTION
Other,Language Selection,1,1,3.0,3.0,3.0,3.0,357,0.0028011204481792717,PL_APPLICATION_OWNED_DIRECT,NO_ACTION
Other,Loan Product Browse,3,3,65.0,113.0,119.0,123.8,357,0.008403361344537815,PL_APPLICATION_OWNED_DIRECT,NO_ACTION
Other,Logout,1,1,17.0,17.0,17.0,17.0,357,0.0028011204481792717,PL_APPLICATION_OWNED_DIRECT,NO_ACTION
Other,Menu Navigation,2,2,6.5,8.5,8.75,8.95,357,0.0056022408963585435,PL_APPLICATION_OWNED_DIRECT,NO_ACTION
Other,ONDC Category Browse,1,1,46.0,46.0,46.0,46.0,357,0.0028011204481792717,PL_APPLICATION_OWNED_DIRECT,NO_ACTION
Other,OTP Initiation,1,1,2.0,2.0,2.0,2.0,357,0.0028011204481792717,PL_APPLICATION_OWNED_DIRECT,NO_ACTION
Other,Offer Discovery,9,7,9.0,28.00000000000001,53.99999999999998,74.8,357,0.025210084033613446,PL_APPLICATION_OWNED_DIRECT,NO_ACTION
Other,Other,57,23,2.0,12.399999999999999,15.399999999999991,32.559999999999945,357,0.15966386554621848,PL_APPLICATION_OWNED_DIRECT,NO_ACTION
Other,PFM Tab Navigation,23,18,4.0,50.6,71.69999999999996,152.0000000000001,357,0.06442577030812324,PL_APPLICATION_OWNED_DIRECT,NO_ACTION
Other,Pending Application,1,1,18.0,18.0,18.0,18.0,357,0.0028011204481792717,PL_APPLICATION_OWNED_DIRECT,NO_ACTION
Other,Pre-approved Offer,3,3,34.0,46.8,48.4,49.68,357,0.008403361344537815,PL_APPLICATION_OWNED_DIRECT,NO_ACTION
Other,Profile Portfolio,1,1,12.0,12.0,12.0,12.0,357,0.0028011204481792717,PL_APPLICATION_OWNED_DIRECT,NO_ACTION
Other,Score Refresh,2,2,0.5,0.9,0.95,0.99,357,0.0056022408963585435,PL_APPLICATION_OWNED_DIRECT,NO_ACTION
Other,Top Navigation,6,6,41.0,817.5,1199.75,1505.5500000000002,357,0.01680672268907563,PL_APPLICATION_OWNED_DIRECT,NO_ACTION
Other,Widget Interaction,1,1,9.0,9.0,9.0,9.0,357,0.0028011204481792717,PL_APPLICATION_OWNED_DIRECT,NO_ACTION
Other,listing,1,1,60.0,60.0,60.0,60.0,357,0.0028011204481792717,PL_APPLICATION_OWNED_DIRECT,NO_ACTION
Product Selection,AIP Approved,19435,12334,4.0,18.0,54.29999999999927,265.0,56494,0.3440188338584628,PL_APPLICATION_OWNED_DIRECT,NO_ACTION
Product Selection,AIP Declined,40,40,5.0,11.0,11.049999999999997,16.269999999999996,56494,0.0007080397918363012,PL_APPLICATION_OWNED_DIRECT,NO_ACTION
Product Selection,Address Submission,14586,11670,11.0,151.0,220.75,449.0,56494,0.25818671009310723,PL_APPLICATION_OWNED_DIRECT,NO_ACTION
Product Selection,App Lifecycle,5,5,914.0,1073.4,1100.2,1121.64,56494,8.850497397953765e-05,PL_APPLICATION_OWNED_DIRECT,NO_ACTION
Product Selection,Application OTP Verification,107,107,267.0,1678.8,1805.9999999999993,2379.499999999999,56494,0.0018940064431621057,PL_APPLICATION_OWNED_DIRECT,NO_ACTION
Product Selection,Application Resume,461,456,263.0,1011.0,1166.0,1615.1999999999998,56494,0.008160158600913372,PL_APPLICATION_OWNED_DIRECT,NO_ACTION
Product Selection,Bank Approval Pending,6430,5909,5.0,99.0,153.0,335.0,56494,0.11381739653768541,PL_APPLICATION_OWNED_DIRECT,NO_ACTION
Product Selection,Bank Approved,13971,12952,1.0,8.0,11.0,38.0,56494,0.2473005982936241,PL_APPLICATION_OWNED_DIRECT,NO_ACTION
Product Selection,Banner Engagement,1,1,496.0,496.0,496.0,496.0,56494,1.770099479590753e-05,PL_APPLICATION_OWNED_DIRECT,NO_ACTION
Product Selection,Bottom Navigation,1,1,232.0,232.0,232.0,232.0,56494,1.770099479590753e-05,PL_APPLICATION_OWNED_DIRECT,NO_ACTION
Product Selection,Connection Error,489,486,50.0,269.5999999999999,373.7999999999999,834.1200000000001,56494,0.008655786455198782,PL_APPLICATION_OWNED_DIRECT,NO_ACTION
Product Selection,Disb,185,185,60.0,60.0,60.0,60.0,56494,0.003274684037242893,PL_APPLICATION_OWNED_DIRECT,NO_ACTION
Product Selection,Form filled,4,4,60.0,60.0,60.0,60.0,56494,7.080397918363011e-05,PL_APPLICATION_OWNED_DIRECT,NO_ACTION
Product Selection,Form filled-Rejected,1,1,60.0,60.0,60.0,60.0,56494,1.770099479590753e-05,PL_APPLICATION_OWNED_DIRECT,NO_ACTION
Product Selection,Help / Tooltip,2,2,822.5,1105.3,1140.6499999999999,1168.93,56494,3.540198959181506e-05,PL_APPLICATION_OWNED_DIRECT,NO_ACTION
Product Selection,Icon Interaction,1,1,343.0,343.0,343.0,343.0,56494,1.770099479590753e-05,PL_APPLICATION_OWNED_DIRECT,NO_ACTION
Product Selection,Journey Close,244,242,39.5,310.80000000000024,531.1499999999999,1203.9199999999976,56494,0.004319042730201437,PL_APPLICATION_OWNED_DIRECT,NO_ACTION
Product Selection,Language Selection,182,181,200.0,1245.9,1625.5999999999995,1948.11,56494,0.0032215810528551706,PL_APPLICATION_OWNED_DIRECT,NO_ACTION
Product Selection,Loan Product Browse,2,2,153.0,194.6,199.79999999999998,203.96,56494,3.540198959181506e-05,PL_APPLICATION_OWNED_DIRECT,NO_ACTION
Product Selection,OTP Initiation,1,1,685.0,685.0,685.0,685.0,56494,1.770099479590753e-05,PL_APPLICATION_OWNED_DIRECT,NO_ACTION
Product Selection,OTP Verification,1,1,105.0,105.0,105.0,105.0,56494,1.770099479590753e-05,PL_APPLICATION_OWNED_DIRECT,NO_ACTION
Product Selection,Post AIP Reject,17,17,60.0,60.0,60.0,60.0,56494,0.000300916911530428,PL_APPLICATION_OWNED_DIRECT,NO_ACTION
Product Selection,Product Browse,8,8,551.0,1564.6,1677.2999999999997,1767.4599999999998,56494,0.00014160795836726023,PL_APPLICATION_OWNED_DIRECT,NO_ACTION
Product Selection,Product Selection,108,97,21.0,86.6,141.4499999999997,197.50999999999993,56494,0.0019117074379580133,PL_APPLICATION_OWNED_DIRECT,NO_ACTION
Product Selection,Professional Details Submission,33,33,54.0,314.2,516.9999999999999,651.68,56494,0.0005841328282649485,PL_APPLICATION_OWNED_DIRECT,NO_ACTION
Product Selection,Professional details,9,9,60.0,60.0,60.0,60.0,56494,0.00015930895316316777,PL_APPLICATION_OWNED_DIRECT,NO_ACTION
Product Selection,Quick Action,7,7,369.0,867.4000000000002,1059.6999999999996,1213.5399999999997,56494,0.00012390696357135272,PL_APPLICATION_OWNED_DIRECT,NO_ACTION
Product Selection,SDK Initialization,2,2,82.0,118.0,122.5,126.1,56494,3.540198959181506e-05,PL_APPLICATION_OWNED_DIRECT,NO_ACTION
Product Selection,Scroll / Depth,8,8,151.5,1718.7,1837.35,1932.27,56494,0.00014160795836726023,PL_APPLICATION_OWNED_DIRECT,NO_ACTION
Product Selection,Secondary Navigation,8,8,305.0,675.3,707.15,732.63,56494,0.00014160795836726023,PL_APPLICATION_OWNED_DIRECT,NO_ACTION
Product Selection,Sticky CTA Engagement,5,5,468.0,865.2,941.5999999999999,1002.72,56494,8.850497397953765e-05,PL_APPLICATION_OWNED_DIRECT,NO_ACTION
Product Selection,System / Error Telemetry,1,1,913.0,913.0,913.0,913.0,56494,1.770099479590753e-05,PL_APPLICATION_OWNED_DIRECT,NO_ACTION
Product Selection,Top Navigation,1,1,83.0,83.0,83.0,83.0,56494,1.770099479590753e-05,PL_APPLICATION_OWNED_DIRECT,NO_ACTION
Product Selection,listing,138,138,60.0,60.0,60.0,60.0,56494,0.002442737281835239,PL_APPLICATION_OWNED_DIRECT,NO_ACTION
Professional Details Submission,AIP Approved,55418,54012,5.0,8.0,10.0,24.0,56608,0.9789782362916902,PL_APPLICATION_OWNED_DIRECT,NO_ACTION
Professional Details Submission,AIP Declined,4,4,5.0,7.800000000000001,8.399999999999999,8.879999999999999,56608,7.066139061616732e-05,PL_APPLICATION_OWNED_DIRECT,NO_ACTION
Professional Details Submission,Address Submission,8,8,8.5,121.39999999999998,155.69999999999993,183.14,56608,0.00014132278123233464,PL_APPLICATION_OWNED_DIRECT,NO_ACTION
Professional Details Submission,Application OTP Verification,18,18,16.0,198.3000000000003,720.0499999999979,1717.6099999999974,56608,0.000317976257772753,PL_APPLICATION_OWNED_DIRECT,NO_ACTION
Professional Details Submission,Application Resume,68,68,39.5,769.8000000000005,1238.3999999999996,1422.2599999999998,56608,0.0012012436404748444,PL_APPLICATION_OWNED_DIRECT,NO_ACTION
Professional Details Submission,Application created/Login,1,1,60.0,60.0,60.0,60.0,56608,1.766534765404183e-05,PL_APPLICATION_OWNED_DIRECT,NO_ACTION
Professional Details Submission,Bank Account Selection,54,54,43.5,93.10000000000001,158.6999999999993,355.27999999999986,56608,0.0009539287733182589,PL_APPLICATION_OWNED_DIRECT,NO_ACTION
Professional Details Submission,Bank Approved,108,97,1.0,2.0,5.299999999999983,83.88999999999946,56608,0.0019078575466365177,PL_APPLICATION_OWNED_DIRECT,NO_ACTION
Professional Details Submission,Connection Error,65,65,1.0,49.6,149.59999999999997,324.32,56608,0.001148247597512719,PL_APPLICATION_OWNED_DIRECT,NO_ACTION
Professional Details Submission,Disb,26,26,60.0,60.0,60.0,60.0,56608,0.0004592990390050876,PL_APPLICATION_OWNED_DIRECT,NO_ACTION
Professional Details Submission,Form filled,11,11,60.0,60.0,60.0,60.0,56608,0.00019431882419446015,PL_APPLICATION_OWNED_DIRECT,NO_ACTION
Professional Details Submission,Form filled-Rejected,301,301,60.0,60.0,60.0,60.0,56608,0.0053172696438665915,PL_APPLICATION_OWNED_DIRECT,NO_ACTION
Professional Details Submission,Help / Tooltip,2,2,8.5,11.3,11.65,11.93,56608,3.533069530808366e-05,PL_APPLICATION_OWNED_DIRECT,NO_ACTION
Professional Details Submission,Journey Close,27,27,21.0,57.40000000000008,125.89999999999995,288.0799999999997,56608,0.00047696438665912943,PL_APPLICATION_OWNED_DIRECT,NO_ACTION
Professional Details Submission,Language Selection,78,78,26.0,202.89999999999998,623.0499999999979,1224.990000000002,56608,0.0013778971170152628,PL_APPLICATION_OWNED_DIRECT,NO_ACTION
Professional Details Submission,Post AIP Reject,1,1,60.0,60.0,60.0,60.0,56608,1.766534765404183e-05,PL_APPLICATION_OWNED_DIRECT,NO_ACTION
Professional Details Submission,Product Selection,20,20,37.5,107.4,112.55000000000003,136.10999999999996,56608,0.00035330695308083665,PL_APPLICATION_OWNED_DIRECT,NO_ACTION
Professional Details Submission,Professional Details Submission,191,183,2.0,110.0,225.0,1069.4999999999984,56608,0.0033740814019219897,PL_APPLICATION_OWNED_DIRECT,NO_ACTION
Professional Details Submission,Professional details,11,11,60.0,60.0,60.0,60.0,56608,0.00019431882419446015,PL_APPLICATION_OWNED_DIRECT,NO_ACTION
Professional Details Submission,Quick Action,1,1,126.0,126.0,126.0,126.0,56608,1.766534765404183e-05,PL_APPLICATION_OWNED_DIRECT,NO_ACTION
Professional Details Submission,Scroll / Depth,1,1,59.0,59.0,59.0,59.0,56608,1.766534765404183e-05,PL_APPLICATION_OWNED_DIRECT,NO_ACTION
Professional Details Submission,Secondary Navigation,1,1,70.0,70.0,70.0,70.0,56608,1.766534765404183e-05,PL_APPLICATION_OWNED_DIRECT,NO_ACTION
Professional Details Submission,Sticky CTA Engagement,2,2,123.0,209.4,220.2,228.84,56608,3.533069530808366e-05,PL_APPLICATION_OWNED_DIRECT,NO_ACTION
Professional Details Submission,Top Navigation,1,1,5.0,5.0,5.0,5.0,56608,1.766534765404183e-05,PL_APPLICATION_OWNED_DIRECT,NO_ACTION
Professional Details Submission,listing,190,190,60.0,60.0,60.0,60.0,56608,0.003356416054267948,PL_APPLICATION_OWNED_DIRECT,NO_ACTION
Profile Management,AA Bank Linking,51,38,5.0,19.0,48.5,66.5,484,0.10537190082644628,PL_APPLICATION_OWNED_DIRECT,NO_ACTION
Profile Management,App Lifecycle,1,1,180.0,180.0,180.0,180.0,484,0.002066115702479339,PL_APPLICATION_OWNED_DIRECT,NO_ACTION
Profile Management,Application Resume,1,1,278487.0,278487.0,278487.0,278487.0,484,0.002066115702479339,PL_APPLICATION_OWNED_DIRECT,NO_ACTION
Profile Management,Bottom Navigation,16,16,19.5,54.5,95.5,187.89999999999995,484,0.03305785123966942,PL_APPLICATION_OWNED_DIRECT,NO_ACTION
Profile Management,Content Engagement,1,1,44.0,44.0,44.0,44.0,484,0.002066115702479339,PL_APPLICATION_OWNED_DIRECT,NO_ACTION
Profile Management,Help / FAQ,11,7,10.0,15.0,18.0,20.400000000000002,484,0.022727272727272728,PL_APPLICATION_OWNED_DIRECT,NO_ACTION
Profile Management,Help / Tooltip,14,14,9.0,38.80000000000004,411.94999999999965,951.1899999999991,484,0.028925619834710745,PL_APPLICATION_OWNED_DIRECT,NO_ACTION
Profile Management,Journey Close,2,2,9.0,9.0,9.0,9.0,484,0.004132231404958678,PL_APPLICATION_OWNED_DIRECT,NO_ACTION
Profile Management,Legal & Compliance,12,11,10.0,13.8,14.45,14.89,484,0.024793388429752067,PL_APPLICATION_OWNED_DIRECT,NO_ACTION
Profile Management,Loan Product Browse,4,4,12.0,13.7,13.85,13.969999999999999,484,0.008264462809917356,PL_APPLICATION_OWNED_DIRECT,NO_ACTION
Profile Management,Logout,6,6,11.0,15.5,16.25,16.85,484,0.012396694214876033,PL_APPLICATION_OWNED_DIRECT,NO_ACTION
Profile Management,ONDC Category Browse,1,1,33.0,33.0,33.0,33.0,484,0.002066115702479339,PL_APPLICATION_OWNED_DIRECT,NO_ACTION
Profile Management,ONDC Product Discovery,1,1,51.0,51.0,51.0,51.0,484,0.002066115702479339,PL_APPLICATION_OWNED_DIRECT,NO_ACTION
Profile Management,Pre-approved Offer,2,2,30.0,46.0,48.0,49.6,484,0.004132231404958678,PL_APPLICATION_OWNED_DIRECT,NO_ACTION
Profile Management,Product Browse,1,1,8.0,8.0,8.0,8.0,484,0.002066115702479339,PL_APPLICATION_OWNED_DIRECT,NO_ACTION
Profile Management,Profile Management,275,94,3.0,15.0,22.30000000000001,45.59999999999991,484,0.5681818181818182,PL_APPLICATION_OWNED_DIRECT,NO_ACTION
Profile Management,Profile Portfolio,39,37,9.0,24.0,26.60000000000001,41.91999999999996,484,0.08057851239669421,PL_APPLICATION_OWNED_DIRECT,NO_ACTION
Profile Management,Quick Action,8,8,18.0,91.79999999999997,146.39999999999992,190.07999999999996,484,0.01652892561983471,PL_APPLICATION_OWNED_DIRECT,NO_ACTION
Profile Management,Secondary Navigation,4,4,9.0,118.80000000000003,141.89999999999995,160.37999999999997,484,0.008264462809917356,PL_APPLICATION_OWNED_DIRECT,NO_ACTION
Profile Management,Social Share,2,2,17.0,21.8,22.4,22.88,484,0.004132231404958678,PL_APPLICATION_OWNED_DIRECT,NO_ACTION
Profile Management,Top Navigation,29,24,13.0,51.2,117.39999999999976,1173.3199999999983,484,0.05991735537190083,PL_APPLICATION_OWNED_DIRECT,NO_ACTION
Profile Management,listing,3,3,60.0,60.0,60.0,60.0,484,0.006198347107438017,PL_APPLICATION_OWNED_DIRECT,NO_ACTION
Quick Action,App Lifecycle,5,5,862.0,1036.6,1081.8,1117.96,901,0.005549389567147614,PL_APPLICATION_OWNED_DIRECT,NO_ACTION
Quick Action,Application OTP Verification,6,5,106.5,208834.5,313161.75,396623.55000000005,901,0.006659267480577136,PL_APPLICATION_OWNED_DIRECT,NO_ACTION
Quick Action,Application Resume,379,294,17.0,217.59999999999997,633.5999999999947,172205.97999999957,901,0.42064372918978915,PL_APPLICATION_OWNED_DIRECT,NO_ACTION
Quick Action,Bank Account Selection,1,1,452587.0,452587.0,452587.0,452587.0,901,0.0011098779134295228,PL_APPLICATION_OWNED_DIRECT,NO_ACTION
Quick Action,Bank Approved,24,24,16.0,174.39999999999998,188.7,677.9499999999997,901,0.026637069922308545,PL_APPLICATION_OWNED_DIRECT,NO_ACTION
Quick Action,CTA Interaction,1,1,17.0,17.0,17.0,17.0,901,0.0011098779134295228,PL_APPLICATION_OWNED_DIRECT,NO_ACTION
Quick Action,Connection Error,21,17,14.0,183.0,6891.0,258456.6000000002,901,0.023307436182019976,PL_APPLICATION_OWNED_DIRECT,NO_ACTION
Quick Action,Disb,2,2,60.0,60.0,60.0,60.0,901,0.0022197558268590455,PL_APPLICATION_OWNED_DIRECT,NO_ACTION
Quick Action,Help / Tooltip,2,2,5.5,5.9,5.95,5.99,901,0.0022197558268590455,PL_APPLICATION_OWNED_DIRECT,NO_ACTION
Quick Action,Journey Close,380,316,4.0,20.100000000000023,39.05000000000001,129.83999999999992,901,0.42175360710321863,PL_APPLICATION_OWNED_DIRECT,NO_ACTION
Quick Action,Language Selection,13,13,3.0,21.000000000000007,65.79999999999984,117.1599999999999,901,0.014428412874583796,PL_APPLICATION_OWNED_DIRECT,NO_ACTION
Quick Action,Loan Product Browse,2,2,12.5,16.1,16.55,16.91,901,0.0022197558268590455,PL_APPLICATION_OWNED_DIRECT,NO_ACTION
Quick Action,Login Drawer Close,1,1,4.0,4.0,4.0,4.0,901,0.0011098779134295228,PL_APPLICATION_OWNED_DIRECT,NO_ACTION
Quick Action,Login Initiation,1,1,0.0,0.0,0.0,0.0,901,0.0011098779134295228,PL_APPLICATION_OWNED_DIRECT,NO_ACTION
Quick Action,Offer Discovery,1,1,17.0,17.0,17.0,17.0,901,0.0011098779134295228,PL_APPLICATION_OWNED_DIRECT,NO_ACTION
Quick Action,Product Browse,4,4,404.0,932.4000000000001,1018.1999999999998,1086.84,901,0.004439511653718091,PL_APPLICATION_OWNED_DIRECT,NO_ACTION
Quick Action,Professional Details Submission,2,2,57.0,99.4,104.69999999999999,108.94,901,0.0022197558268590455,PL_APPLICATION_OWNED_DIRECT,NO_ACTION
Quick Action,Professional details,3,3,541.0,1161.8,1239.3999999999999,1301.48,901,0.003329633740288568,PL_APPLICATION_OWNED_DIRECT,NO_ACTION
Quick Action,Quick Action,6,6,5.5,450.5,628.75,771.3500000000001,901,0.006659267480577136,PL_APPLICATION_OWNED_DIRECT,NO_ACTION
Quick Action,Score Generation / Refresh,1,1,17.0,17.0,17.0,17.0,901,0.0011098779134295228,PL_APPLICATION_OWNED_DIRECT,NO_ACTION
Quick Action,Scroll / Depth,25,24,17.0,27.6,28.0,34.83999999999998,901,0.02774694783573807,PL_APPLICATION_OWNED_DIRECT,NO_ACTION
Quick Action,Sticky CTA Engagement,7,7,19.0,38.0,38.0,38.0,901,0.00776914539400666,PL_APPLICATION_OWNED_DIRECT,NO_ACTION
Quick Action,Widget Interaction,1,1,625.0,625.0,625.0,625.0,901,0.0011098779134295228,PL_APPLICATION_OWNED_DIRECT,NO_ACTION
Quick Action,listing,13,13,155.0,315.2,488.7999999999994,696.1599999999996,901,0.014428412874583796,PL_APPLICATION_OWNED_DIRECT,NO_ACTION
Score Generation / Refresh,AA Bank Linking,4,4,7.5,11.5,12.249999999999998,12.849999999999998,463,0.008639308855291577,PL_APPLICATION_OWNED_DIRECT,NO_ACTION
Score Generation / Refresh,App Lifecycle,1,1,1326.0,1326.0,1326.0,1326.0,463,0.0021598272138228943,PL_APPLICATION_OWNED_DIRECT,NO_ACTION
Score Generation / Refresh,Application OTP Verification,1,1,57.0,57.0,57.0,57.0,463,0.0021598272138228943,PL_APPLICATION_OWNED_DIRECT,NO_ACTION
Score Generation / Refresh,Application Resume,12,12,159.0,570703.7000000002,749642.7999999998,864000.5600000002,463,0.02591792656587473,PL_APPLICATION_OWNED_DIRECT,NO_ACTION
Score Generation / Refresh,Bank Account Selection,1,1,757124.0,757124.0,757124.0,757124.0,463,0.0021598272138228943,PL_APPLICATION_OWNED_DIRECT,NO_ACTION
Score Generation / Refresh,Bottom Navigation,12,12,15.5,32.0,34.25,36.45,463,0.02591792656587473,PL_APPLICATION_OWNED_DIRECT,NO_ACTION
Score Generation / Refresh,Credit Factors,4,4,43.0,52.6,53.8,54.76,463,0.008639308855291577,PL_APPLICATION_OWNED_DIRECT,NO_ACTION
Score Generation / Refresh,Credit Score Check,51,51,4.0,17.0,44.0,177.0,463,0.1101511879049676,PL_APPLICATION_OWNED_DIRECT,NO_ACTION
Score Generation / Refresh,Credit-Score OTP,4,3,2.5,5.1000000000000005,5.549999999999999,5.909999999999999,463,0.008639308855291577,PL_APPLICATION_OWNED_DIRECT,NO_ACTION
Score Generation / Refresh,Dashboard Interaction,5,5,7.0,13.4,15.2,16.64,463,0.01079913606911447,PL_APPLICATION_OWNED_DIRECT,NO_ACTION
Score Generation / Refresh,Expense Breakdown,2,2,12.5,20.1,21.05,21.81,463,0.004319654427645789,PL_APPLICATION_OWNED_DIRECT,NO_ACTION
Score Generation / Refresh,Help / Tooltip,6,6,13.5,29.5,34.25,38.050000000000004,463,0.012958963282937365,PL_APPLICATION_OWNED_DIRECT,NO_ACTION
Score Generation / Refresh,Journey Close,5,5,100.0,398.80000000000007,464.4,516.88,463,0.01079913606911447,PL_APPLICATION_OWNED_DIRECT,NO_ACTION
Score Generation / Refresh,Journey Start,1,1,0.0,0.0,0.0,0.0,463,0.0021598272138228943,PL_APPLICATION_OWNED_DIRECT,NO_ACTION
Score Generation / Refresh,Loan Product Browse,5,5,46.0,55.4,58.199999999999996,60.44,463,0.01079913606911447,PL_APPLICATION_OWNED_DIRECT,NO_ACTION
Score Generation / Refresh,ONDC Category Browse,1,1,57.0,57.0,57.0,57.0,463,0.0021598272138228943,PL_APPLICATION_OWNED_DIRECT,NO_ACTION
Score Generation / Refresh,ONDC Product Discovery,1,1,37.0,37.0,37.0,37.0,463,0.0021598272138228943,PL_APPLICATION_OWNED_DIRECT,NO_ACTION
Score Generation / Refresh,Offer Discovery,3,3,23.0,31.8,32.9,33.78,463,0.0064794816414686825,PL_APPLICATION_OWNED_DIRECT,NO_ACTION
Score Generation / Refresh,Other,6,6,13.5,36.0,46.5,54.900000000000006,463,0.012958963282937365,PL_APPLICATION_OWNED_DIRECT,NO_ACTION
Score Generation / Refresh,PFM Tab Navigation,1,1,27.0,27.0,27.0,27.0,463,0.0021598272138228943,PL_APPLICATION_OWNED_DIRECT,NO_ACTION
Score Generation / Refresh,Partner Discovery,2,2,11.5,14.3,14.65,14.93,463,0.004319654427645789,PL_APPLICATION_OWNED_DIRECT,NO_ACTION
Score Generation / Refresh,Pending Application,14,14,14.0,40.20000000000002,474.4499999999996,1112.489999999999,463,0.03023758099352052,PL_APPLICATION_OWNED_DIRECT,NO_ACTION
Score Generation / Refresh,Pre-approved Offer,4,4,28.5,52.800000000000004,56.39999999999999,59.279999999999994,463,0.008639308855291577,PL_APPLICATION_OWNED_DIRECT,NO_ACTION
Score Generation / Refresh,Product Browse,2,2,558.0,657.2,669.6,679.52,463,0.004319654427645789,PL_APPLICATION_OWNED_DIRECT,NO_ACTION
Score Generation / Refresh,Profile Management,1,1,8.0,8.0,8.0,8.0,463,0.0021598272138228943,PL_APPLICATION_OWNED_DIRECT,NO_ACTION
Score Generation / Refresh,Profile Portfolio,1,1,18.0,18.0,18.0,18.0,463,0.0021598272138228943,PL_APPLICATION_OWNED_DIRECT,NO_ACTION
Score Generation / Refresh,Quick Action,7,7,14.0,158.80000000000013,259.89999999999975,340.77999999999986,463,0.01511879049676026,PL_APPLICATION_OWNED_DIRECT,NO_ACTION
Score Generation / Refresh,Score Generation / Refresh,210,128,4.0,10.099999999999994,14.0,48.72999999999999,463,0.4535637149028078,PL_APPLICATION_OWNED_DIRECT,NO_ACTION
Score Generation / Refresh,Score Refresh,1,1,9.0,9.0,9.0,9.0,463,0.0021598272138228943,PL_APPLICATION_OWNED_DIRECT,NO_ACTION
Score Generation / Refresh,Secondary Navigation,11,10,9.0,26.0,39.5,50.30000000000001,463,0.023758099352051837,PL_APPLICATION_OWNED_DIRECT,NO_ACTION
Score Generation / Refresh,System / Error Telemetry,65,30,0.0,5.0,6.0,13.36,463,0.14038876889848811,PL_APPLICATION_OWNED_DIRECT,NO_ACTION
Score Generation / Refresh,Top Navigation,9,9,9.0,37.0,42.99999999999999,47.8,463,0.019438444924406047,PL_APPLICATION_OWNED_DIRECT,NO_ACTION
Score Generation / Refresh,Widget Interaction,2,2,34.5,35.7,35.85,35.97,463,0.004319654427645789,PL_APPLICATION_OWNED_DIRECT,NO_ACTION
Score Generation / Refresh,listing,8,8,60.0,142.5,144.25,145.65,463,0.017278617710583154,PL_APPLICATION_OWNED_DIRECT,NO_ACTION
Scroll / Depth,Application OTP Verification,72,71,21.0,53.599999999999994,100.35000000000007,147372.26000000123,633,0.11374407582938388,PL_APPLICATION_OWNED_DIRECT,NO_ACTION
Scroll / Depth,Application Resume,42,41,16.5,34.699999999999996,101.54999999999987,330.1199999999994,633,0.06635071090047394,PL_APPLICATION_OWNED_DIRECT,NO_ACTION
Scroll / Depth,Application created/Login,3,3,60.0,60.0,60.0,60.0,633,0.004739336492890996,PL_APPLICATION_OWNED_DIRECT,NO_ACTION
Scroll / Depth,Bank Approved,3,3,41.0,43.4,43.7,43.94,633,0.004739336492890996,PL_APPLICATION_OWNED_DIRECT,NO_ACTION
Scroll / Depth,Banner Engagement,9,9,11.0,69.60000000000001,94.79999999999998,114.96,633,0.014218009478672985,PL_APPLICATION_OWNED_DIRECT,NO_ACTION
Scroll / Depth,CTA Interaction,7,7,21.0,71.2,73.6,75.52,633,0.011058451816745656,PL_APPLICATION_OWNED_DIRECT,NO_ACTION
Scroll / Depth,Calculator Tool,2,2,23.0,23.8,23.9,23.98,633,0.00315955766192733,PL_APPLICATION_OWNED_DIRECT,NO_ACTION
Scroll / Depth,Chatbot - Layer 2,1,1,2.0,2.0,2.0,2.0,633,0.001579778830963665,PL_APPLICATION_OWNED_DIRECT,NO_ACTION
Scroll / Depth,Connection Error,6,6,33.0,133.5,160.75,182.55,633,0.009478672985781991,PL_APPLICATION_OWNED_DIRECT,NO_ACTION
Scroll / Depth,FAQ / Help,2,1,103.5,176.7,185.85,193.17,633,0.00315955766192733,PL_APPLICATION_OWNED_DIRECT,NO_ACTION
Scroll / Depth,Form filled,2,2,60.0,60.0,60.0,60.0,633,0.00315955766192733,PL_APPLICATION_OWNED_DIRECT,NO_ACTION
Scroll / Depth,Header Navigation,14,14,7.0,20.1,43.39999999999998,76.67999999999995,633,0.022116903633491312,PL_APPLICATION_OWNED_DIRECT,NO_ACTION
Scroll / Depth,Icon Interaction,6,6,6.5,42.0,56.5,68.10000000000001,633,0.009478672985781991,PL_APPLICATION_OWNED_DIRECT,NO_ACTION
Scroll / Depth,Input Field Interaction,1,1,4.0,4.0,4.0,4.0,633,0.001579778830963665,PL_APPLICATION_OWNED_DIRECT,NO_ACTION
Scroll / Depth,Journey Close,14,14,11.5,52.30000000000001,69.69999999999999,91.53999999999996,633,0.022116903633491312,PL_APPLICATION_OWNED_DIRECT,NO_ACTION
Scroll / Depth,Language Selection,1,1,9.0,9.0,9.0,9.0,633,0.001579778830963665,PL_APPLICATION_OWNED_DIRECT,NO_ACTION
Scroll / Depth,Menu / Navigation,26,25,9.0,24.5,28.5,38.75,633,0.04107424960505529,PL_APPLICATION_OWNED_DIRECT,NO_ACTION
Scroll / Depth,OTP Initiation,6,6,34.0,65.5,73.25,79.45,633,0.009478672985781991,PL_APPLICATION_OWNED_DIRECT,NO_ACTION
Scroll / Depth,OTP Verification,9,9,36.0,61.400000000000006,70.19999999999999,77.24,633,0.014218009478672985,PL_APPLICATION_OWNED_DIRECT,NO_ACTION
Scroll / Depth,Product Discovery,4,3,13.5,36.6,39.3,41.459999999999994,633,0.00631911532385466,PL_APPLICATION_OWNED_DIRECT,NO_ACTION
Scroll / Depth,Professional Details Submission,1,1,223.0,223.0,223.0,223.0,633,0.001579778830963665,PL_APPLICATION_OWNED_DIRECT,NO_ACTION
Scroll / Depth,Professional details,2,2,60.0,60.0,60.0,60.0,633,0.00315955766192733,PL_APPLICATION_OWNED_DIRECT,NO_ACTION
Scroll / Depth,SDK Initialization,21,21,9.0,38.0,40.0,98.40000000000005,633,0.03317535545023697,PL_APPLICATION_OWNED_DIRECT,NO_ACTION
Scroll / Depth,Scroll / Depth,226,208,1.0,8.5,16.75,37.75,633,0.3570300157977883,PL_APPLICATION_OWNED_DIRECT,NO_ACTION
Scroll / Depth,Sticky CTA Engagement,140,127,6.0,17.10000000000001,24.14999999999995,47.58999999999972,633,0.2211690363349131,PL_APPLICATION_OWNED_DIRECT,NO_ACTION
Scroll / Depth,listing,13,13,60.0,95.00000000000001,167.99999999999974,251.99999999999983,633,0.020537124802527645,PL_APPLICATION_OWNED_DIRECT,NO_ACTION
Secondary Navigation,AA Bank Linking,4,4,23.0,27.7,27.85,27.97,523,0.0076481835564053535,PL_APPLICATION_OWNED_DIRECT,NO_ACTION
Secondary Navigation,App Lifecycle,1,1,258.0,258.0,258.0,258.0,523,0.0019120458891013384,PL_APPLICATION_OWNED_DIRECT,NO_ACTION
Secondary Navigation,Application Resume,19,18,27.0,42006.599999999904,166236.99999999974,255459.40000000002,523,0.036328871892925434,PL_APPLICATION_OWNED_DIRECT,NO_ACTION
Secondary Navigation,Bank Approved,1,1,16.0,16.0,16.0,16.0,523,0.0019120458891013384,PL_APPLICATION_OWNED_DIRECT,NO_ACTION
Secondary Navigation,Banner Engagement,1,1,5.0,5.0,5.0,5.0,523,0.0019120458891013384,PL_APPLICATION_OWNED_DIRECT,NO_ACTION
Secondary Navigation,Bottom Navigation,22,22,12.0,98.5000000000001,130.54999999999998,148.58999999999997,523,0.04206500956022945,PL_APPLICATION_OWNED_DIRECT,NO_ACTION
Secondary Navigation,Card Product Browse,6,6,12.5,23.0,25.0,26.6,523,0.011472275334608031,PL_APPLICATION_OWNED_DIRECT,NO_ACTION
Secondary Navigation,Chatbot Exit,4,4,9.0,14.7,14.85,14.969999999999999,523,0.0076481835564053535,PL_APPLICATION_OWNED_DIRECT,NO_ACTION
Secondary Navigation,Connection Error,1,1,16.0,16.0,16.0,16.0,523,0.0019120458891013384,PL_APPLICATION_OWNED_DIRECT,NO_ACTION
Secondary Navigation,Credit Account Summary,1,1,15.0,15.0,15.0,15.0,523,0.0019120458891013384,PL_APPLICATION_OWNED_DIRECT,NO_ACTION
Secondary Navigation,Credit Factors,5,5,16.0,21.8,22.4,22.88,523,0.009560229445506692,PL_APPLICATION_OWNED_DIRECT,NO_ACTION
Secondary Navigation,Credit Score Check,2,2,15.0,20.6,21.3,21.86,523,0.0038240917782026767,PL_APPLICATION_OWNED_DIRECT,NO_ACTION
Secondary Navigation,Credit-Score OTP,1,1,20.0,20.0,20.0,20.0,523,0.0019120458891013384,PL_APPLICATION_OWNED_DIRECT,NO_ACTION
Secondary Navigation,Help / Tooltip,19,18,6.0,16.599999999999998,19.89999999999998,26.380000000000003,523,0.036328871892925434,PL_APPLICATION_OWNED_DIRECT,NO_ACTION
Secondary Navigation,Investment Product Browse,1,1,9.0,9.0,9.0,9.0,523,0.0019120458891013384,PL_APPLICATION_OWNED_DIRECT,NO_ACTION
Secondary Navigation,Journey Close,41,39,26.0,117.0,129.0,682.6000000000013,523,0.07839388145315487,PL_APPLICATION_OWNED_DIRECT,NO_ACTION
Secondary Navigation,Language Selection,1,1,27.0,27.0,27.0,27.0,523,0.0019120458891013384,PL_APPLICATION_OWNED_DIRECT,NO_ACTION
Secondary Navigation,Loan Product Browse,105,100,6.0,15.200000000000017,21.799999999999997,38.0,523,0.20076481835564053,PL_APPLICATION_OWNED_DIRECT,NO_ACTION
Secondary Navigation,Login Drawer Close,1,1,1.0,1.0,1.0,1.0,523,0.0019120458891013384,PL_APPLICATION_OWNED_DIRECT,NO_ACTION
Secondary Navigation,Login Initiation,1,1,1.0,1.0,1.0,1.0,523,0.0019120458891013384,PL_APPLICATION_OWNED_DIRECT,NO_ACTION
Secondary Navigation,ONDC Product Discovery,1,1,31.0,31.0,31.0,31.0,523,0.0019120458891013384,PL_APPLICATION_OWNED_DIRECT,NO_ACTION
Secondary Navigation,Offer Discovery,31,31,7.0,16.0,42.5,63.69999999999999,523,0.05927342256214149,PL_APPLICATION_OWNED_DIRECT,NO_ACTION
Secondary Navigation,Other,6,5,9.0,69.5,87.75,102.35000000000001,523,0.011472275334608031,PL_APPLICATION_OWNED_DIRECT,NO_ACTION
Secondary Navigation,Partner Discovery,2,2,55.5,70.3,72.14999999999999,73.63,523,0.0038240917782026767,PL_APPLICATION_OWNED_DIRECT,NO_ACTION
Secondary Navigation,Pending Application,4,4,18.0,28.800000000000004,30.899999999999995,32.58,523,0.0076481835564053535,PL_APPLICATION_OWNED_DIRECT,NO_ACTION
Secondary Navigation,Pre-approved Offer,37,37,22.0,58.399999999999984,100.9999999999996,234.60000000000005,523,0.07074569789674952,PL_APPLICATION_OWNED_DIRECT,NO_ACTION
Secondary Navigation,Product Browse,3,3,791.0,1093.4,1131.2,1161.44,523,0.0057361376673040155,PL_APPLICATION_OWNED_DIRECT,NO_ACTION
Secondary Navigation,Professional details,1,1,152.0,152.0,152.0,152.0,523,0.0019120458891013384,PL_APPLICATION_OWNED_DIRECT,NO_ACTION
Secondary Navigation,Quick Action,115,109,7.0,21.800000000000026,50.79999999999998,490.0799999999998,523,0.2198852772466539,PL_APPLICATION_OWNED_DIRECT,NO_ACTION
Secondary Navigation,Score Generation / Refresh,14,13,24.0,73.4,78.4,80.47999999999999,523,0.02676864244741874,PL_APPLICATION_OWNED_DIRECT,NO_ACTION
Secondary Navigation,Score Refresh,1,1,35.0,35.0,35.0,35.0,523,0.0019120458891013384,PL_APPLICATION_OWNED_DIRECT,NO_ACTION
Secondary Navigation,Secondary Navigation,19,17,8.0,67.99999999999986,242.39999999999952,403.68000000000006,523,0.036328871892925434,PL_APPLICATION_OWNED_DIRECT,NO_ACTION
Secondary Navigation,Tab Navigation,1,1,16.0,16.0,16.0,16.0,523,0.0019120458891013384,PL_APPLICATION_OWNED_DIRECT,NO_ACTION
Secondary Navigation,Top Navigation,24,24,14.5,67.19999999999999,137.84999999999982,494.9599999999998,523,0.045889101338432124,PL_APPLICATION_OWNED_DIRECT,NO_ACTION
Secondary Navigation,Widget Interaction,11,11,4.0,8.0,9.0,9.8,523,0.021032504780114723,PL_APPLICATION_OWNED_DIRECT,NO_ACTION
Secondary Navigation,listing,16,16,60.0,298.0,369.25,473.04999999999995,523,0.030592734225621414,PL_APPLICATION_OWNED_DIRECT,NO_ACTION
Top Navigation,AA Bank Linking,56,54,9.0,29.5,39.0,108.4500000000004,592,0.0945945945945946,PL_APPLICATION_OWNED_DIRECT,NO_ACTION
Top Navigation,App Lifecycle,2,2,40.0,61.6,64.3,66.46,592,0.0033783783783783786,PL_APPLICATION_OWNED_DIRECT,NO_ACTION
Top Navigation,Application Resume,5,5,436.0,557.8,592.4,620.08,592,0.008445945945945946,PL_APPLICATION_OWNED_DIRECT,NO_ACTION
Top Navigation,Bottom Navigation,19,19,14.0,27.4,30.299999999999972,39.660000000000004,592,0.03209459459459459,PL_APPLICATION_OWNED_DIRECT,NO_ACTION
Top Navigation,Consent Acceptance,1,1,3.0,3.0,3.0,3.0,592,0.0016891891891891893,PL_APPLICATION_OWNED_DIRECT,NO_ACTION
Top Navigation,Help / FAQ,9,6,8.0,24.200000000000006,38.59999999999999,50.12,592,0.015202702702702704,PL_APPLICATION_OWNED_DIRECT,NO_ACTION
Top Navigation,Help / Tooltip,18,16,9.5,34.70000000000002,48.74999999999999,52.14999999999999,592,0.030405405405405407,PL_APPLICATION_OWNED_DIRECT,NO_ACTION
Top Navigation,Journey Close,206,176,22.5,120.0,168.25,910.3999999999965,592,0.34797297297297297,PL_APPLICATION_OWNED_DIRECT,NO_ACTION
Top Navigation,Legal & Compliance,5,5,13.0,21.6,22.799999999999997,23.759999999999998,592,0.008445945945945946,PL_APPLICATION_OWNED_DIRECT,NO_ACTION
Top Navigation,Loan Product Browse,2,2,83.0,86.2,86.6,86.92,592,0.0033783783783783786,PL_APPLICATION_OWNED_DIRECT,NO_ACTION
Top Navigation,Login Drawer Close,2,2,3.5,3.9,3.95,3.99,592,0.0033783783783783786,PL_APPLICATION_OWNED_DIRECT,NO_ACTION
Top Navigation,Login Initiation,10,8,0.0,1.0,1.0,1.0,592,0.016891891891891893,PL_APPLICATION_OWNED_DIRECT,NO_ACTION
Top Navigation,Logout,24,24,7.5,19.199999999999996,22.699999999999996,28.389999999999997,592,0.04054054054054054,PL_APPLICATION_OWNED_DIRECT,NO_ACTION
Top Navigation,Offer Discovery,1,1,38.0,38.0,38.0,38.0,592,0.0016891891891891893,PL_APPLICATION_OWNED_DIRECT,NO_ACTION
Top Navigation,Other,2,2,3.5,3.9,3.95,3.99,592,0.0033783783783783786,PL_APPLICATION_OWNED_DIRECT,NO_ACTION
Top Navigation,Pending Application,2,2,103.0,142.2,147.1,151.02,592,0.0033783783783783786,PL_APPLICATION_OWNED_DIRECT,NO_ACTION
Top Navigation,Pre-approved Offer,5,5,29.0,36.6,38.8,40.56,592,0.008445945945945946,PL_APPLICATION_OWNED_DIRECT,NO_ACTION
Top Navigation,Product Browse,1,1,1456.0,1456.0,1456.0,1456.0,592,0.0016891891891891893,PL_APPLICATION_OWNED_DIRECT,NO_ACTION
Top Navigation,Professional details,2,2,60.0,60.0,60.0,60.0,592,0.0033783783783783786,PL_APPLICATION_OWNED_DIRECT,NO_ACTION
Top Navigation,Profile Management,123,101,7.0,20.799999999999997,29.799999999999983,49.58000000000001,592,0.20777027027027026,PL_APPLICATION_OWNED_DIRECT,NO_ACTION
Top Navigation,Profile Portfolio,51,50,11.0,20.0,31.5,84.0,592,0.08614864864864864,PL_APPLICATION_OWNED_DIRECT,NO_ACTION
Top Navigation,Quick Action,3,3,102.0,198.8,210.89999999999998,220.57999999999998,592,0.005067567567567568,PL_APPLICATION_OWNED_DIRECT,NO_ACTION
Top Navigation,Score Generation / Refresh,1,1,14.0,14.0,14.0,14.0,592,0.0016891891891891893,PL_APPLICATION_OWNED_DIRECT,NO_ACTION
Top Navigation,Secondary Navigation,11,11,11.0,23.0,36.0,46.400000000000006,592,0.018581081081081082,PL_APPLICATION_OWNED_DIRECT,NO_ACTION
Top Navigation,Top Navigation,23,22,31.0,343.80000000000024,1275.2999999999986,1459.3600000000001,592,0.03885135135135135,PL_APPLICATION_OWNED_DIRECT,NO_ACTION
Top Navigation,listing,8,8,60.0,60.0,60.0,60.0,592,0.013513513513513514,PL_APPLICATION_OWNED_DIRECT,NO_ACTION
listing,AIP Approved,87,87,694023.0,1830293.6,2302784.9000000004,2457668.42,728,0.11950549450549451,PL_APPLICATION_OWNED_DIRECT,NO_ACTION
listing,AIP Declined,1,1,2512850.0,2512850.0,2512850.0,2512850.0,728,0.0013736263736263737,PL_APPLICATION_OWNED_DIRECT,NO_ACTION
listing,Account Approval,1,1,11.0,11.0,11.0,11.0,728,0.0013736263736263737,PL_APPLICATION_OWNED_DIRECT,NO_ACTION
listing,Application Created,11,11,602090.0,1659423.0,1821565.0,1951278.6,728,0.01510989010989011,PL_APPLICATION_OWNED_DIRECT,NO_ACTION
listing,Application OTP Verification,106,106,686206.5,1608323.0,1803371.0,2433629.0,728,0.14560439560439561,PL_APPLICATION_OWNED_DIRECT,NO_ACTION
listing,Application Resume,476,476,174880.0,1406568.5,1951863.0,2432119.75,728,0.6538461538461539,PL_APPLICATION_OWNED_DIRECT,NO_ACTION
listing,Bank Approved,5,5,269038.0,1130176.6,1276482.7999999998,1393527.76,728,0.006868131868131868,PL_APPLICATION_OWNED_DIRECT,NO_ACTION
listing,Connection Error,14,14,5299.0,444664.4000000006,1135658.8999999994,1891631.7799999989,728,0.019230769230769232,PL_APPLICATION_OWNED_DIRECT,NO_ACTION
listing,Header Navigation,1,1,4441.0,4441.0,4441.0,4441.0,728,0.0013736263736263737,PL_APPLICATION_OWNED_DIRECT,NO_ACTION
listing,Input Field Interaction,1,1,610670.0,610670.0,610670.0,610670.0,728,0.0013736263736263737,PL_APPLICATION_OWNED_DIRECT,NO_ACTION
listing,Journey Close,2,2,141587.0,254847.0,269004.5,280330.5,728,0.0027472527472527475,PL_APPLICATION_OWNED_DIRECT,NO_ACTION
listing,Language Selection,8,8,308115.0,1198411.5999999999,1594234.2999999993,1910892.4599999997,728,0.01098901098901099,PL_APPLICATION_OWNED_DIRECT,NO_ACTION
listing,Loan Summary View,2,2,711585.0,1189393.0,1249119.0,1296899.8,728,0.0027472527472527475,PL_APPLICATION_OWNED_DIRECT,NO_ACTION
listing,OTP Initiation,1,1,112706.0,112706.0,112706.0,112706.0,728,0.0013736263736263737,PL_APPLICATION_OWNED_DIRECT,NO_ACTION
listing,Product Selection,1,1,94302.0,94302.0,94302.0,94302.0,728,0.0013736263736263737,PL_APPLICATION_OWNED_DIRECT,NO_ACTION
listing,Professional Details Submission,9,9,432885.0,1298146.8,1464272.4,1597172.88,728,0.012362637362637362,PL_APPLICATION_OWNED_DIRECT,NO_ACTION
listing,Quick Action,1,1,894.0,894.0,894.0,894.0,728,0.0013736263736263737,PL_APPLICATION_OWNED_DIRECT,NO_ACTION
listing,Score Generation / Refresh,1,1,335.0,335.0,335.0,335.0,728,0.0013736263736263737,PL_APPLICATION_OWNED_DIRECT,NO_ACTION
